ModelID,CN_relative,CN_log,CN_binary,CN_status,Expression_A,Chronos,PatientID,CellLineName,StrippedCellLineName,DepmapModelType,OncotreeLineage,OncotreePrimaryDisease,OncotreeSubtype,OncotreeCode,PatientSubtypeFeatures,RRID,Age,AgeCategory,Sex,PatientRace,PrimaryOrMetastasis,SampleCollectionSite,SourceType,SourceDetail,CatalogNumber,ModelType,TissueOrigin,ModelDerivationMaterial,ModelTreatment,PatientTreatmentStatus,PatientTreatmentType,PatientTreatmentDetails,Stage,StagingSystem,PatientTumorGrade,PatientTreatmentResponse,GrowthPattern,OnboardedMedia,FormulationID,SerumFreeMedia,PlateCoating,EngineeredModel,EngineeredModelDetails,CulturedResistanceDrug,PublicComments,CCLEName,HCMIID,PediatricModelType,ModelAvailableInDbgap,ModelSubtypeFeatures,WTSIMasterCellID,SangerModelID,COSMICID,ModelIDAlias
ACH-000839,0.9548382064,0.967049206773732,CN-NonLow,CN Non-Low,4.354868412,-0.5581034093,PT-l3KlxJ,SCaBER,SCABER,BLSC,Bladder/Urinary Tract,Bladder Squamous Cell Carcinoma,Bladder Squamous Cell Carcinoma,BLSC,"",CVCL_3599,58,Adult,Male,black_or_african_american,Primary,urinary_tract,ATCC,"",HTB-3,Cell Line,,"","","","","","","","","",Adherent,"","",,None,"","","","",SCABER_URINARY_TRACT,"",FALSE,Approved for public sharing - CCLE,"",,SIDM00032,,""
ACH-000041,1.1675238327,1.11604785648244,CN-NonLow,CN Non-Low,5.8198494911,-0.2786798336,PT-3yDaRJ,RD-ES,RDES,ES,Bone,Ewing Sarcoma,Ewing Sarcoma,ES,"",CVCL_2169,19,Adult,Male,caucasian,Primary,bone,ATCC,"",HTB-166,Cell Line,,"","","","","","","","","",Mixed,MF-001-017,RPMI + 15% FBS,FALSE,None,"","","","",RDES_BONE,"",TRUE,Approved for public sharing - CCLE,EWS::FLI,,"",,""
ACH-002046,0.7354631689,0.795320747702336,CN-NonLow,CN Non-Low,5.2483224869,-0.5030006966,PT-SKC9qY,HTMMT,HTMMT,UCS,Uterus,Endometrial Carcinoma,Uterine Carcinosarcoma/Uterine Malignant Mixed Mullerian Tumor,UCS,"",CVCL_8721,66,Adult,Female,"",Primary,endometrium,RIKEN,"",RCB0660,Cell Line,,"","","","","","","","","",Adherent,MF-004-002,F12 + 15% FBS,FALSE,None,"","","","",HTMMT_ENDOMETRIUM,"",FALSE,HMB-MDS,"",,"",,""
ACH-002048,0.490607094,0.575900030768423,CN-Low,Shallow CN Loss,3.5567114353,-0.7142194472,PT-oslMHT,RMS-YM,RMSYM,ERMS,Soft Tissue,Rhabdomyosarcoma,Embryonal Rhabdomyosarcoma,ERMS,"",CVCL_A792,2,Pediatric,Male,"",Primary,Uachus,RIKEN,"",RCB1695,Cell Line,,"","","","","","","","","",Adherent,MF-001-009,RPMI + 10% FBS + 100uM NEAA + 20mM HEPES,FALSE,None,"","","","",RMSYM_SOFT_TISSUE,"",TRUE,HMB-MDS,"",,"",,""
ACH-000042,0.6023362536,0.680176932076724,CN-NonLow,CN Non-Low,3.9176609516,-0.2220898545,PT-QOpMVz,Panc 02.03,PANC0203,PAAD,Pancreas,Pancreatic Adenocarcinoma,Pancreatic Adenocarcinoma,PAAD,"",CVCL_1633,70,Adult,Female,caucasian,Primary,pancreas,ATCC,"",CRL-2553,Cell Line,,"","","","","","","","","",Adherent,MF-001-042,RPMI + 15% FBS + 10 Units/ml recombinant Insulin,FALSE,None,"","","","",PANC0203_PANCREAS,"",FALSE,Approved for public sharing - CCLE,"",1838,SIDM01139,1298475,""
ACH-001669,1.1186688261,1.08315809441942,CN-NonLow,CN Non-Low,4.7641601562,-0.138245923,PT-ffpEbF,TANOUE,TANOUE,BALL,Lymphoid,B-Cell Acute Lymphoblastic Leukemia,B-Cell Acute Lymphoblastic Leukemia,"","MYC-IGH, TP53 Met246Thr, dup(1q)",CVCL_1852,11,Pediatric,Male,"",Primary,haematopoietic_and_lymphoid_tissue,DSMZ,"",ACC 399,Cell Line,,"","","","","","","","","",Suspension,MF-001-001,RPMI + 10% FBS,FALSE,None,"","","","",TANOUE_HAEMATOPOIETIC_AND_LYMPHOID_TISSUE,"",TRUE,HMB-MDS,BCL2/MYC,,SIDM00288,,""
ACH-001300,1.0831957624,1.05879841891442,CN-NonLow,CN Non-Low,4.7239460945,-0.2801503282,PT-ZhCETu,CHLA-15,CHLA15,NBL,Peripheral Nervous System,Neuroblastoma,Neuroblastoma,NBL,"",CVCL_6594,1,Pediatric,Female,unknown,Primary,autonomic_ganglia,Children's Oncology Group (COG),"",Unavailable,Cell Line,,"","",Pre-treatment,"","","","","","",Mixed,MF-005-005,IMDM + 20% FBS + 4mM Glutamine + 1x Insulin-Transferrin-Selenium,FALSE,None,"","","","",CHLA15_AUTONOMIC_GANGLIA,"",TRUE,HMB-MDS,"",,"",,""
ACH-001574,1.0167405628,1.01202550495463,CN-NonLow,CN Non-Low,3.3298254013,-0.1577728773,PT-H3wdRq,MOLM-14,MOLM14,AML,Myeloid,Acute Myeloid Leukemia,Acute Myeloid Leukemia,AML,"KMT2A-MLLT3, FLT3 ITD",CVCL_7916,20,Adult,Male,"",Primary,haematopoietic_and_lymphoid_tissue,DSMZ,"",ACC 777,Cell Line,,"","","","","","","","","",Suspension,MF-001-020,RPMI + 20% FBS,FALSE,None,"","","","",MOLM14_HAEMATOPOIETIC_AND_LYMPHOID_TISSUE,"",TRUE,HMB-MDS,"",,SIDM00436,,""
ACH-000332,0.8221280372,0.865624337923409,CN-NonLow,CN Non-Low,5.469162941,-0.1544586251,PT-Lio3jT,YAPC,YAPC,PAAD,Pancreas,Pancreatic Adenocarcinoma,Pancreatic Adenocarcinoma,PAAD,"",CVCL_1794,43,Adult,Male,asian,Metastatic,ascites,DSMZ,"",ACC 382,Cell Line,,"","","","","","","","","",Adherent,MF-001-001,RPMI + 10% FBS,FALSE,None,"","","","",YAPC_PANCREAS,"",FALSE,Approved for public sharing - CCLE,"",895,SIDM00411,909904,""
ACH-000832,0.5460765083,0.628611713450274,CN-NonLow,CN Non-Low,4.9518346786,-0.2744408847,PT-JCJHPr,CAL 27,CAL27,OCSC,Head and Neck,Head and Neck Squamous Cell Carcinoma,Oral Cavity Squamous Cell Carcinoma,OCSC,"",CVCL_1107,56,Adult,Male,caucasian,Primary,upper_aerodigestive_tract,ATCC,"",CRL-2095,Cell Line,,"","","","","","","","","",Adherent,MF-002-001,DMEM + 10% FBS,FALSE,None,"","","","",CAL27_UPPER_AERODIGESTIVE_TRACT,"",FALSE,Approved for public sharing - CCLE,"",1911,SIDM00937,910916,""
ACH-001147,1.5006650481,1.32231182848769,CN-NonLow,CN Non-Low,4.956474781,,PT-rlWyNR,OCI-Ly12,OCILY12,FTCL,Lymphoid,Mature T and NK Neoplasms,Follicular T-Cell Lymphoma,FTCL,"",CVCL_8796,37,Adult,Male,"","",lymph_node,Academic lab,"","",Cell Line,,"","","","","","","","","",Suspension,MF-001-001,RPMI + 10% FBS,FALSE,None,"","","","",OCILY12_HAEMATOPOIETIC_AND_LYMPHOID_TISSUE,"",FALSE,HMB-MDS,"",,SIDM01882,,""
ACH-002074,1.6383288865,1.39962441801914,CN-NonLow,CN Non-Low,6.2990541458,,PT-kivgrW,Lu-143,LU143,SCLC,Lung,Lung Neuroendocrine Tumor,Small Cell Lung Cancer,SCLC,"",CVCL_3348,60,Adult,Male,"",Primary,lung,RIKEN,"",RCB1773,Cell Line,,"","","","","","","","","",Suspension,MF-001-001,RPMI + 10% FBS,FALSE,None,"","","","",LU143_LUNG,"",FALSE,HMB-MDS,"",,"",,""
ACH-001111,0.8212497891,0.864928805226287,CN-NonLow,CN Non-Low,3.3136956692,-0.3264962546,PT-glFbpW,L82,L82,ALCLALKP,Lymphoid,Mature T and NK Neoplasms,Anaplastic Large-Cell Lymphoma ALK Positive,ALCLALKP,"",CVCL_2098,24,Adult,Female,"","",pleural_effusion,Academic lab,"","",Cell Line,,"","","","","","","","","",Suspension,MF-001-001,RPMI + 10% FBS,FALSE,None,"","","","",L82_HAEMATOPOIETIC_AND_LYMPHOID_TISSUE,"",FALSE,HMB-MDS,"",,"",,""
ACH-001057,1.006739231,1.00485315552182,CN-NonLow,CN Non-Low,5.8035140038,,PT-AyniWJ,DERL-2,DERL2,HSTCL,Lymphoid,Mature T and NK Neoplasms,Hepatosplenic T-cell Lymphoma,HSTCL,"",CVCL_2016,30,Adult,Male,"","",haematopoietic_and_lymphoid_tissue,Dana-Farber Cancer Institute,David Weinstock,"",Cell Line,,"","","","","","","","","",Suspension,MF-001-053,RPMI + 20% FBS + 20ng/ml IL-2,FALSE,None,"","","","",DERL2_HAEMATOPOIETIC_AND_LYMPHOID_TISSUE,"",FALSE,HMB-MDS,"",,SIDM01509,,""
ACH-001691,0.2967911545,0.374946155281396,CN-Low,Shallow CN Loss,4.3903307915,-1.8962871605,PT-km3C7x,UPCI-SCC-029A,UPCISCC029A,OCSC,Head and Neck,Head and Neck Squamous Cell Carcinoma,Oral Cavity Squamous Cell Carcinoma,OCSC,"",CVCL_1855,84,Adult,Male,"",Primary,upper_aerodigestive_tract,DSMZ,"","",Cell Line,,"","","","","","","","","",Adherent,MF-006-005,MEM + 20% FBS + 2mM Glutamine + 100uM NEAA,FALSE,None,"","","","",UPCISCC029A_UPPER_AERODIGESTIVE_TRACT,"",FALSE,HMB-MDS,"",,"",,""
ACH-000281,0.3242660748,0.405193021109143,CN-Low,Shallow CN Loss,3.9967412949,-1.6265548996,PT-aIUMLY,KP-2,KP2,PAAD,Pancreas,Pancreatic Adenocarcinoma,Pancreatic Adenocarcinoma,PAAD,"",CVCL_3004,65,Adult,Female,asian,Primary,pancreas,HSRRB,"",JCRB0181,Cell Line,,"","","","","","","","","",Adherent,MF-001-001,RPMI + 10% FBS,FALSE,None,"","","","",KP2_PANCREAS,"",FALSE,Approved for public sharing - CCLE,"",746,SIDM00582,1298218,""
ACH-002922,0.912658477,0.935579290032625,CN-NonLow,CN Non-Low,3.7289652824,-0.6140069828,PT-LKZDpW,SK-N-MM,SKNMM,NBL,Peripheral Nervous System,Neuroblastoma,Neuroblastoma,NBL,"",CVCL_C8G1,8,Pediatric,Female,"",Metastatic,bone_marrow,Memorial Sloan Kettering Cancer Center,"","",Cell Line,,"","","","","","","","","",Adherent,MF-001-001,RPMI + 10% FBS,FALSE,None,"","","","",SKNMM_BRAIN_BONE,"",TRUE,In Progress,"",,"",,""
ACH-000699,0.3888592601,0.473900411383239,CN-Low,Shallow CN Loss,4.1670770645,-1.7068387953,PT-8MisfZ,HCC1395,HCC1395,IDC,Breast,Invasive Breast Carcinoma,Breast Invasive Ductal Carcinoma,IDC,"",CVCL_1249,43,Adult,Female,caucasian,Primary,breast,ATCC,"","",Cell Line,,"","","","","","","","","",Adherent,MF-001-001,RPMI + 10% FBS,FALSE,None,"","","","",HCC1395_BREAST,"",FALSE,Approved for public sharing - CCLE,basal_B TNBC,94,SIDM00884,749712,""
ACH-000943,0.9818231575,0.986828233371863,CN-NonLow,CN Non-Low,4.2910065651,-0.1539063192,PT-9E5O4L,RKO,RKO,COAD,Bowel,Colorectal Adenocarcinoma,Colon Adenocarcinoma,COAD,"",CVCL_0504,,Unknown,Unknown,"",Primary,Colon,ATCC,"",CRL-2577,Cell Line,,"","","","","","","","","",Adherent,MF-015-001,EMEM + 10% FBS,FALSE,None,"","","","",RKO_LARGE_INTESTINE,"",FALSE,Approved for public sharing - CCLE,MSI,607,SIDM01090,909698,""
ACH-002471,1.1704278471,1.11797946296802,CN-NonLow,CN Non-Low,5.6082091331,-0.4666834183,PT-UbzBsY,OS052,OS052,OS,Bone,Osteosarcoma,Osteosarcoma,OS,"",CVCL_C8FR,17,Pediatric,Female,"",Primary,bone,UCSF Helen Diller Family Comprehensive Cancer Center,Alejandro Sweet-Cordero,"",Cell Line,,PDX,"","","","","","","","",Adherent,MF-002-001,DMEM + 10% FBS,FALSE,None,"","","","",PSS008_BONE,"",TRUE,In Progress,"",,"",,""
ACH-002490,1.387163651,1.25529747316168,CN-NonLow,CN Non-Low,5.7698459625,-0.7232508594,PT-0a2F5a,NCI-H1882,NCIH1882,SCLC,Lung,Lung Neuroendocrine Tumor,Small Cell Lung Cancer,SCLC,"",CVCL_1504,59,Adult,Male,caucasian,Metastatic,bone_marrow,ATCC,"",CRL-5903,Cell Line,,"","","","","","","","","",Adherent,MF-007-010,DMEM:F12 + 5% FBS + 2mM Glutamine + 5ug/ml Insulin + 10ug/ml Transferrin + 30nM Selenium + 10nM Hydrocortisone + 10nM beta-Estradiol,FALSE,None,"","","","",NCIH1882_LUNG,"",FALSE,HMB-MDS,"",,SIDM00764,,ACH-002997
ACH-000005,1.0950706877,1.06699892128683,CN-NonLow,CN Non-Low,4.9020252228,-0.380930545,PT-q4K2cp,HEL 92.1.7,HEL9217,AML,Myeloid,Acute Myeloid Leukemia,Acute Myeloid Leukemia,AML,JAK2 and TP53 mutations,CVCL_2481,30,Adult,Male,caucasian,"",bone_marrow,ATCC,"",HEL9217,Cell Line,,"","","","","","","","","",Mixed,MF-001-001,RPMI + 10% FBS,FALSE,None,"","","","",HEL9217_HAEMATOPOIETIC_AND_LYMPHOID_TISSUE,"",TRUE,Approved for public sharing - CCLE,"",,SIDM00593,,""
ACH-002789,0.842605945,0.881747572879038,CN-NonLow,CN Non-Low,4.6625814438,,PT-5uAdkS,NCC-SS1-C1,NCCSS1C1,SYNS,Soft Tissue,Synovial Sarcoma,Synovial Sarcoma,SYNS,"",CVCL_VG70,72,Adult,Female,"",Primary,Unknown,National Cancer Center Research Institute,Tadashi Kondo,"",Cell Line,,"","","","","","","","","",Adherent,MF-007-006,DMEM:F12 + 10% FBS + GlutaMAX,FALSE,None,"","","","","","",TRUE,"","",,"",,""
ACH-001684,0.922260363,0.942803757011413,CN-NonLow,CN Non-Low,3.8648695946,,PT-zJs1xk,UCSD-AML1,UCSDAML1,AMLNOS,Myeloid,Acute Myeloid Leukemia,"AML, NOS",AMLNOS,"ETV6-MN1 (TEL-MN1), GATA2 enhencer-MECOM",CVCL_1853,73,Adult,Female,"",Metastatic,bone_marrow,DSMZ,"","",Cell Line,,"","","","","","","","","",Suspension,MF-001-020,RPMI + 20% FBS,FALSE,None,"","","","",UCSDAML1_HAEMATOPOIETIC_AND_LYMPHOID_TISSUE,"",TRUE,HMB-MDS,"ETV6::MN1, PTPN11, KIT and CCND3",,"",,""
ACH-003101,1.0725664266,1.051418341427,CN-NonLow,CN Non-Low,5.2067837715,,PT-Rg4dkL,Z-119,Z119,BALL,Lymphoid,B-Cell Acute Lymphoblastic Leukemia,B-Cell Acute Lymphoblastic Leukemia,"",BCR-ABL1,CVCL_IU88,25,Adult,Female,"","",bone_marrow,ATCC,"",CRL-3394,Cell Line,,"","","","","","","","","",Suspension,MF-001-001,RPMI + 10% FBS,FALSE,None,"","","","",Z119_HAEMATOPOIETIC_AND_LYMPHOID_TISSUE,"",TRUE,HMB-MDS,BCR::ABL1,,"",,""
ACH-000833,0.6711080651,0.740805030791573,CN-NonLow,CN Non-Low,4.2257761955,-1.0688268007,PT-lbYOig,RH-30,RH30,ARMS,Soft Tissue,Rhabdomyosarcoma,Alveolar Rhabdomyosarcoma,ARMS,"",CVCL_0041,17,Pediatric,Male,caucasian,Metastatic,bone_marrow,DSMZ,"",ACC 489,Cell Line,,"","","","","","","","","",Adherent,MF-001-001,RPMI + 10% FBS,FALSE,None,"","","","",RH30_SOFT_TISSUE,"",TRUE,Approved for public sharing - CCLE,"",,"",,ACH-001741
ACH-002675,1.2475624195,1.1683611829489,CN-NonLow,CN Non-Low,6.1145710945,,PT-OU3NBa,SH-2,SH2,AML,Myeloid,Acute Myeloid Leukemia,Acute Myeloid Leukemia,AML,"",CVCL_2190,35,Adult,Male,"","",bone,DSMZ,"","",Cell Line,,"","","","","","","","","",Suspension,MF-005-001,IMDM + 10% FBS,FALSE,None,"","","",SNP fingerprinting rules out HeLa contamination.,SH2_HAEMATOPOIETIC_AND_LYMPHOID_TISSUE,"",TRUE,HMB-MDS,"",,"",,""
ACH-000811,1.0223998289,1.01606824657211,CN-NonLow,CN Non-Low,5.4142875671,-0.0853488447,PT-RV3Y6W,SK-OV-3,SKOV3,SOC,Ovary/Fallopian Tube,Ovarian Epithelial Tumor,Serous Ovarian Cancer,SOC,"",CVCL_0532,64,Adult,Female,caucasian,Metastatic,ascites,ATCC,"",HTB-77,Cell Line,,"","","","","","","","","",Adherent,MF-023-001,McCoy's 5A + 10% FBS,FALSE,None,"","","","",SKOV3_OVARY,"",FALSE,Approved for public sharing - CCLE,"",1166,SIDM00079,905959,""
ACH-000473,0.6474124435,0.720201791069419,CN-NonLow,CN Non-Low,5.2067918777,-0.3106386609,PT-ESM25t,RT-112,RT112,BLCA,Bladder/Urinary Tract,Bladder Urothelial Carcinoma,Bladder Urothelial Carcinoma,BLCA,"",CVCL_1670,,Unknown,Female,"",Primary,urinary_tract,DSMZ,"",418,Cell Line,,"","","","","","","","","",Adherent,MF-001-001,RPMI + 10% FBS,FALSE,None,"","","","",RT112_URINARY_TRACT,"",FALSE,Approved for public sharing - CCLE,"",25,SIDM00402,909704,""
ACH-000035,0.9112652764,0.934528032834449,CN-NonLow,CN Non-Low,5.3980255127,-0.7534378042,PT-5LVIPg,NCI-H1650,NCIH1650,NSCLC,Lung,Non-Small Cell Lung Cancer,Non-Small Cell Lung Cancer,NSCLC,"",CVCL_1483,27,Adult,Male,caucasian,Metastatic,pleural_effusion,ATCC,"",NCIH1650,Cell Line,,"","","","","","","","","",Adherent,MF-001-001,RPMI + 10% FBS,FALSE,None,"","","","",NCIH1650_LUNG,"",FALSE,Approved for public sharing - CCLE,"",1548,SIDM00745,687800,""
ACH-001949,0.9836155174,0.988132416402952,CN-NonLow,CN Non-Low,5.1139669418,,PT-FxQs1g,MA-MEL-46,MAMEL46,MEL,Skin,Melanoma,Melanoma,MEL,"",CVCL_A181,51,Adult,Female,"","",skin,The European Searchable Tumour line Database (ESTDAB),"","",Cell Line,,"","","","","","","","","",Adherent,MF-001-001,RPMI + 10% FBS,FALSE,None,"","","","",MAMEL46_SKIN,"",FALSE,HMB-MDS,"",,"",,""
ACH-001509,1.154114211,1.10709474351032,CN-NonLow,CN Non-Low,4.9922924042,-0.3347439858,PT-jrbPZG,H357,H357,OCSC,Head and Neck,Head and Neck Squamous Cell Carcinoma,Oral Cavity Squamous Cell Carcinoma,OCSC,"",CVCL_2462,74,Adult,Male,"",Primary,upper_aerodigestive_tract,Sigma-Aldrich,"",6092004,Cell Line,,"","","","","","","","","",Adherent,MF-007-003,DMEM:F12 + 10% FBS + 2mM Glutamine + 500ng/ml Sodium hydrocortisone succinate,FALSE,None,"","","","",H357_UPPER_AERODIGESTIVE_TRACT,"",FALSE,HMB-MDS,"",,"",,""
ACH-002800,0.9393869781,0.955600702197877,CN-NonLow,CN Non-Low,4.6970396042,-0.2515029366,PT-WTpRkW,NCC-MPNST2-C1,NCCMPNST2C1,MPNST,Peripheral Nervous System,Nerve Sheath Tumor,Malignant Peripheral Nerve Sheath Tumor,MPNST,"",CVCL_YU13,54,Adult,Male,"",Unknown,Unknown,National Cancer Center Research Institute,Tadashi Kondo,"",Cell Line,,"","","","","","","","","",Adherent,MF-007-006,DMEM:F12 + 10% FBS + GlutaMAX,FALSE,None,"","","","","","",FALSE,In Progress,"",,"",,""
ACH-000001,0.643732405,0.716975451451265,CN-NonLow,CN Non-Low,4.6976904869,-0.0239445909,PT-gj46wT,NIH:OVCAR-3,NIHOVCAR3,HGSOC,Ovary/Fallopian Tube,Ovarian Epithelial Tumor,High-Grade Serous Ovarian Cancer,HGSOC,"",CVCL_0465,60,Adult,Female,caucasian,Metastatic,ascites,ATCC,"",HTB-161,Cell Line,,"","","","","","","","","",Adherent,MF-001-041,RPMI + 20% FBS + 0.01 mg/ml insulin,FALSE,None,"","","","",NIHOVCAR3_OVARY,"",FALSE,Approved for public sharing - CCLE,"",2201,SIDM00105,905933,""
ACH-000967,1.039707058,1.02836196772721,CN-NonLow,CN Non-Low,5.7263407707,,PT-GfrL06,SNU-C2A,SNUC2A,COAD,Bowel,Colorectal Adenocarcinoma,Colon Adenocarcinoma,COAD,"",CVCL_1709,43,Adult,Female,asian,Primary,large_intestine,ATCC,"",CCL-250.1,Cell Line,,"","","","","","","","","",Adherent,MF-001-001,RPMI + 10% FBS,FALSE,None,"","","","",SNUC2A_LARGE_INTESTINE,"",FALSE,Approved for public sharing - CCLE,MSI,,SIDM00780,,""
ACH-003064,0.9799390332,0.985456007146201,CN-NonLow,CN Non-Low,5.5336723328,-0.4269298839,PT-57BDo9,TE 130.T,TE130T,SCTT,Bone,Other,Sacrococcygeal teratoma,"","",CVCL_1741,0,Pediatric,Male,"","",bone,ATCC,"",CRL-7746,Cell Line,,"","","","","","","","","",Adherent,MF-002-001,DMEM + 10% FBS,FALSE,None,"","","","",TE130T_BONE,"",TRUE,HMB-MDS,"",,"",,""
ACH-000494,1.034200638,1.0244619826232,CN-NonLow,CN Non-Low,5.0816249847,,PT-dZGXnc,OELE,OELE,ZIMMOV,Ovary/Fallopian Tube,Non-Cancerous,Immortalized Ovarian Cells,"","",CVCL_IW56,,Unknown,Female,"","",ovary,The Broad Institute,Jesse Boehm,"",Cell Line,,"","","","","","","","","",Adherent,"","",,None,"","","","",OELE_OVARY,"",FALSE,Approved for public sharing - CCLE,"",,"",,""
ACH-000324,1.101498095,1.07141814869293,CN-NonLow,CN Non-Low,5.3255734444,-0.2849125866,PT-CrEQoF,JHOC-5,JHOC5,CCOV,Ovary/Fallopian Tube,Ovarian Epithelial Tumor,Clear Cell Ovarian Cancer,CCOV,"",CVCL_4640,47,Adult,Female,"",Primary,ovary,RIKEN,"",RCB1520,Cell Line,,"","","","","","","","","",Adherent,MF-007-018,DMEM:F12 + 10% FBS + 100uM NEAA,FALSE,None,"","","","",JHOC5_OVARY,"",FALSE,Approved for public sharing - CCLE,"",,"",,""
ACH-000784,0.3977599706,0.483116636137892,CN-Low,Shallow CN Loss,3.4072520733,-0.412501085,PT-YTdWR1,KYSE-70,KYSE70,ESCC,Esophagus/Stomach,Esophageal Squamous Cell Carcinoma,Esophageal Squamous Cell Carcinoma,ESCC,"",CVCL_1356,77,Adult,Male,asian,Primary,oesophagus,DSMZ,"",ACC 363,Cell Line,,"","","","","","","","","",Adherent,MF-001-001,RPMI + 10% FBS,FALSE,None,"","","","",KYSE70_OESOPHAGUS,"",FALSE,Approved for public sharing - CCLE,"",2219,SIDM01024,753576,""
ACH-000250,0.7010727185,0.766444815532108,CN-NonLow,CN Non-Low,4.2866296768,-0.4805708793,PT-66upm1,KMRC-20,KMRC20,CCRCC,Kidney,Renal Cell Carcinoma,Renal Clear Cell Carcinoma,CCRCC,"",CVCL_2986,,Unknown,Unknown,"",Primary,kidney,HSRRB,"",JCRB1071,Cell Line,,"","","","","","","","","",Adherent,MF-001-001,RPMI + 10% FBS,FALSE,None,"","","","",KMRC20_KIDNEY,"",FALSE,Approved for public sharing - CCLE,"",1515,SIDM00609,1298169,""
ACH-001696,0.6398918515,0.71360067432547,CN-NonLow,CN Non-Low,3.5029287338,-0.5159073725,PT-YWwuRp,UPCI-SCC-111,UPCISCC111,OCSC,Head and Neck,Head and Neck Squamous Cell Carcinoma,Oral Cavity Squamous Cell Carcinoma,OCSC,"",CVCL_2226,69,Adult,Female,"",Primary,upper_aerodigestive_tract,DSMZ,"",ACC 666,Cell Line,,"","","","","","","","","",Adherent,MF-006-005,MEM + 20% FBS + 2mM Glutamine + 100uM NEAA,FALSE,None,"","","","",UPCISCC111_UPPER_AERODIGESTIVE_TRACT,"",FALSE,HMB-MDS,"",,"",,""
ACH-003283,0.9784315296,0.984357136770886,CN-NonLow,CN Non-Low,5.3812522888,,PT-FMt1tR,BJ,BJ,ZFIB,Fibroblast,Non-Cancerous,Fibroblast,"","",CVCL_3653,,Fetus,Male,"",Primary,skin,ATCC,"","",Cell Line,,"",Not Transformed,"","","","","","","",Adherent,MF-015-001,EMEM + 10% FBS,FALSE,None,"","","","","","",FALSE,"","",,"",,""
ACH-000780,1.2875130007,1.1937799427375,CN-NonLow,CN Non-Low,6.3746132851,,PT-SCGBeX,NCI-H1105,NCIH1105,SCLC,Lung,Lung Neuroendocrine Tumor,Small Cell Lung Cancer,SCLC,"",CVCL_1455,73,Adult,Male,caucasian,Metastatic,lymph_node,ATCC,"",CRL-5856,Cell Line,,"","","","","","","","","",Suspension,"","",,None,"","","","",NCIH1105_LUNG,"",FALSE,Approved for public sharing - CCLE,"",128,SIDM00652,908468,""
ACH-000493,0.6317597808,0.706428686870119,CN-NonLow,CN Non-Low,4.3638720512,-0.4279712762,PT-nNGWmq,SNU-423,SNU423,HCC,Liver,Hepatocellular Carcinoma,Hepatocellular Carcinoma,HCC,"",CVCL_0366,40,Adult,Male,asian,Primary,liver,ATCC,"",CRL-2238,Cell Line,,"","","","","","","","","",Adherent,MF-001-001,RPMI + 10% FBS,FALSE,None,"","","","",SNU423_LIVER,"",FALSE,Approved for public sharing - CCLE,"",481,SIDM01199,909737,""
ACH-000822,1.0066322262,1.00477622504279,CN-NonLow,CN Non-Low,5.0339250565,-0.5452414001,PT-n2hnAf,SK-MEL-24,SKMEL24,MEL,Skin,Melanoma,Melanoma,MEL,"",CVCL_0599,67,Adult,Male,caucasian,Metastatic,lymph_node,ATCC,"",HTB-71,Cell Line,,"","","","","","","","","",Adherent,MF-006-001,MEM + 10% FBS,FALSE,None,"","","","",SKMEL24_SKIN,"",FALSE,Approved for public sharing - CCLE,"",945,SIDM01106,909725,""
ACH-000735,0.5237346642,0.607611700751019,CN-NonLow,CN Non-Low,4.293510437,-0.4440148649,PT-M3R2ei,PE/CA-PJ49,PECAPJ49,OCSC,Head and Neck,Head and Neck Squamous Cell Carcinoma,Oral Cavity Squamous Cell Carcinoma,OCSC,"",CVCL_2681,57,Adult,Male,caucasian,Primary,upper_aerodigestive_tract,ECACC,"",60606,Cell Line,,"","","","","","","","","",Adherent,MF-005-002,IMDM + 10% FBS + 2mM Glutamine,FALSE,None,"","","","",PECAPJ49_UPPER_AERODIGESTIVE_TRACT,"",FALSE,Approved for public sharing - CCLE,"",,"",,ACH-001315
ACH-002035,1.1045234127,1.07349355966628,CN-NonLow,CN Non-Low,5.3956866264,-0.3953244705,PT-5NWbnb,LCAM1,LCAM1,NSCLCPD,Lung,Non-Small Cell Lung Cancer,Poorly Differentiated Non-Small Cell Lung Cancer,NSCLCPD,"",CVCL_E062,53,Adult,Male,"",Primary,lung,RIKEN,"",RCB1425,Cell Line,,"","","","","","","","","",Adherent,MF-001-006,RPMI + 10% FBS + 50uM 2-Mercaptoethanol,FALSE,None,"","","","",LCAM1_LUNG,"",FALSE,HMB-MDS,"",,"",,""
ACH-000028,0.6105456189,0.687549525811504,CN-NonLow,CN Non-Low,4.2511510849,-0.2716140467,PT-viJKnw,KPL-1,KPL1,BRCA,Breast,Invasive Breast Carcinoma,Invasive Breast Carcinoma,BRCA,"",CVCL_2094,69,Adult,Female,caucasian,Metastatic,pleural_effusion,DSMZ,"","",Cell Line,,"","","","","","","","","",Adherent,MF-002-001,DMEM + 10% FBS,FALSE,None,"","","",SNP fingerprinting confirms that this line is an MCF-7 derivative. DepMap metadata has been updated (as of 22Q2) to reflect this.,KPL1_BREAST,"",FALSE,Approved for public sharing - CCLE,ER+,,SIDM00147,,""
ACH-000361,0.7100369456,0.774027495086675,CN-NonLow,CN Non-Low,4.2920308113,-0.254515569,PT-sPLV6L,SK-HEP-1,SKHEP1,HCC,Liver,Hepatocellular Carcinoma,Hepatocellular Carcinoma,HCC,"",CVCL_0525,52,Adult,Male,caucasian,Metastatic,ascites,ATCC,"",HTB-52,Cell Line,,"","","","","","","","","",Adherent,MF-006-001,MEM + 10% FBS,FALSE,None,"","","","",SKHEP1_LIVER,"",FALSE,Approved for public sharing - CCLE,"",874,SIDM01110,909719,""
ACH-001398,0.7198888109,0.78231529914348,CN-NonLow,CN Non-Low,4.2702074051,-0.1450071849,PT-Xr379n,SW 156,SW156,RCC,Kidney,Renal Cell Carcinoma,Renal Cell Carcinoma,RCC,"",CVCL_1719,75,Adult,Male,"",Primary,kidney,ATCC,"",CRL-2175,Cell Line,,"","","","","","","","","",Adherent,MF-021-002,L-15 + 10% FBS + 2mM Glutamine,FALSE,None,"","","","",SW156_KIDNEY,"",FALSE,HMB-MDS,"",272,SIDM01162,1240220,""
ACH-000535,0.9387724441,0.955143482643362,CN-NonLow,CN Non-Low,5.7289218903,-0.2271460447,PT-xfjEoE,BxPC-3,BXPC3,PAAD,Pancreas,Pancreatic Adenocarcinoma,Pancreatic Adenocarcinoma,PAAD,"",CVCL_0186,61,Adult,Female,"",Primary,pancreas,ATCC,"",CRL-1687,Cell Line,,"","","","","","","","","",Adherent,MF-001-001,RPMI + 10% FBS,FALSE,None,"","","","",BXPC3_PANCREAS,"",FALSE,Approved for public sharing - CCLE,"",1978,SIDM00132,906693,""
ACH-000117,0.6550182462,0.72684712250509,CN-NonLow,CN Non-Low,4.4640603065,,PT-qkpbqp,EFM-192A,EFM192A,BRCA,Breast,Invasive Breast Carcinoma,Invasive Breast Carcinoma,BRCA,"",CVCL_1812,46,Adult,Female,caucasian,Metastatic,pleural_effusion,DSMZ,"","",Cell Line,,"","","","","","","","","",Adherent,MF-001-018,RPMI + 15% FBS + 2mM Glutamine,FALSE,None,"","","","",EFM192A_BREAST,"",FALSE,Approved for public sharing - CCLE,HER2+,1187,SIDM01002,1290798,""
ACH-000378,0.8752378291,0.907073578597462,CN-NonLow,CN Non-Low,4.6605577469,-1.0072330726,PT-svCGFs,NCI-H647,NCIH647,LUAS,Lung,Non-Small Cell Lung Cancer,Lung Adenosquamous Carcinoma,LUAS,"",CVCL_1574,56,Adult,Male,caucasian,Metastatic,pleural_effusion,ATCC,"",CRL-5834,Cell Line,,"","","","","","","","","",Adherent,MF-001-001,RPMI + 10% FBS,FALSE,None,"","","","",NCIH647_LUNG,"",FALSE,Approved for public sharing - CCLE,"",955,SIDM01125,1240191,""
ACH-001814,0.8990660422,0.925290077734749,CN-NonLow,CN Non-Low,5.0244040489,-0.6662959387,PT-2XpRTn,OS252,OS252,OS,Bone,Osteosarcoma,Osteosarcoma,OS,"",CVCL_WU66,,Pediatric,Male,"",Primary,bone,Montefiore Einstein,Richard Gorlick,"",Cell Line,,"","","","","","","","","",Adherent,MF-015-008,EMEM + 20% FBS + 1mM Sodium pyruvate + 100uM NEAA,FALSE,None,"","","","",OS252_BONE,"",TRUE,HMB-MDS,"",,"",,""
ACH-000616,0.9593024855,0.970340144232782,CN-NonLow,CN Non-Low,5.6673388481,-0.419414121,PT-8WpAkT,Hs 746T,HS746T,STAD,Esophagus/Stomach,Esophagogastric Adenocarcinoma,Stomach Adenocarcinoma,STAD,"",CVCL_0333,74,Adult,Male,caucasian,Metastatic,soft_tissue,ATCC,"","",Cell Line,,"","","","","","","","","",Adherent,MF-002-001,DMEM + 10% FBS,FALSE,None,"","","","",HS746T_STOMACH,"",FALSE,Approved for public sharing - CCLE,"",1850,SIDM00665,1240151,""
ACH-000525,0.9987106078,0.999069600188849,CN-NonLow,CN Non-Low,4.898788929,-0.3213744919,PT-NNs10U,NCI-H2171,NCIH2171,SCLC,Lung,Lung Neuroendocrine Tumor,Small Cell Lung Cancer,SCLC,"",CVCL_1536,50,Adult,Male,caucasian,Metastatic,pleural_effusion,ATCC,"",CRL-5929,Cell Line,,"","","","","","","","","",Suspension,MF-001-020,RPMI + 20% FBS,FALSE,None,"","","","",NCIH2171_LUNG,"",FALSE,Approved for public sharing - CCLE,"",1571,SIDM00733,688015,""
ACH-000950,1.0394498106,1.02818000387501,CN-NonLow,CN Non-Low,4.8221592903,-0.1568802071,PT-6USEGU,LoVo,LOVO,COAD,Bowel,Colorectal Adenocarcinoma,Colon Adenocarcinoma,COAD,"",CVCL_0399,56,Adult,Male,caucasian,Metastatic,lymph_node,ATCC,"",CCL-229,Cell Line,,"","","","","","","","","",Adherent,MF-004-001,F12 + 10% FBS,FALSE,None,"","","","",LOVO_LARGE_INTESTINE,"",FALSE,Approved for public sharing - CCLE,MSI,306,SIDM00839,907790,""
ACH-000682,0.4909166489,0.576199604650255,CN-Low,Shallow CN Loss,5.1670207977,-0.3827075002,PT-Svdo1R,SNU-1066,SNU1066,LXSC,Head and Neck,Head and Neck Squamous Cell Carcinoma,Larynx Squamous Cell Carcinoma,LXSC,"",CVCL_5005,62,Adult,Male,asian,"",upper_aerodigestive_tract,KCLB,"",1066,Cell Line,,"","","","","","","","","",Adherent,"","",,None,"","","","",SNU1066_UPPER_AERODIGESTIVE_TRACT,"",FALSE,Approved for public sharing - CCLE,"",,SIDM00170,,""
ACH-001393,0.7421979905,0.800908587014409,CN-NonLow,CN Non-Low,5.3273677826,-0.2783605772,PT-Zd61pI,SUM-190PT,SUM190PT,BRCA,Breast,Invasive Breast Carcinoma,Invasive Breast Carcinoma,BRCA,"",CVCL_3423,,Unknown,Female,"",Primary,breast,Asterand,"","",Cell Line,,"","","","","","","","","",Suspension,MF-004-006,F12 + 1X ITS + 10mM HEPES + 1ug/ml Hydrocortisone + 1g/l BSA + 10ng/ml EGF + 5mM Ethanolamine + 10nM Triiodo-L-Thyronine,TRUE,None,"","","","",SUM190PT_BREAST,"",FALSE,HMB-MDS,basal_A HER2+,,"",,""
ACH-000233,0.655718271,0.727457211720745,CN-NonLow,CN Non-Low,4.4886822701,-0.4727264548,PT-zshCzw,DEL,DEL,ALCLALKP,Lymphoid,Mature T and NK Neoplasms,Anaplastic Large-Cell Lymphoma ALK Positive,ALCLALKP,"NPM1-ALK, RAC1 Ala88Glu, and TP53 Ser215Cys",CVCL_1170,12,Pediatric,Male,"","",pleural_effusion,DSMZ,"",ACC 338,Cell Line,,"","","","","","","","","",Suspension,MF-001-001,RPMI + 10% FBS,FALSE,None,"","","","",DEL_HAEMATOPOIETIC_AND_LYMPHOID_TISSUE,"",TRUE,Approved for public sharing - CCLE,"",793,SIDM00949,906836,""
ACH-000653,1.5450494361,1.34769368008235,CN-NonLow,CN Non-Low,5.508605957,0.3481584778,PT-vA8rQh,JJN-3,JJN3,PCM,Lymphoid,Mature B-Cell Neoplasms,Plasma Cell Myeloma,PCM,"",CVCL_2078,57,Adult,Female,"",Primary,bone_marrow,DSMZ,"",ACC 541,Cell Line,,"","","","","","","","","",Suspension,"","",,None,"","","","",JJN3_HAEMATOPOIETIC_AND_LYMPHOID_TISSUE,"",FALSE,Approved for public sharing - CCLE,"",905,SIDM01036,1327766,""
ACH-000913,1.035520346,1.02539764197736,CN-NonLow,CN Non-Low,5.199362278,-0.4570607062,PT-6MnPg3,ESS-1,ESS1,ESS,Uterus,Uterine Sarcoma/Mesenchymal,Endometrial Stromal Sarcoma,ESS,"",CVCL_1205,76,Adult,Female,caucasian,Primary,endometrium,DSMZ,"",ACC 461,Cell Line,,"","","","","","","","","",Adherent,MF-001-020,RPMI + 20% FBS,FALSE,None,"","","","",ESS1_ENDOMETRIUM,"",FALSE,Approved for public sharing - CCLE,"",293,SIDM01043,907000,""
ACH-002689,0.8966159071,0.923427541148992,CN-NonLow,CN Non-Low,4.8028912544,,PT-EDeFw0,OS525,OS525,OS,Bone,Osteosarcoma,Osteosarcoma,OS,"","",20,Adult,Female,"",Metastatic,bone,UCSF Helen Diller Family Comprehensive Cancer Center,Alejandro Sweet-Cordero,"",Cell Line,,"","","","","","","","","",Adherent,MF-002-001,DMEM + 10% FBS,FALSE,None,"","","","",PSS050_BONE,"",TRUE,"","",,"",,""
ACH-000510,0.8181742286,0.862490454038868,CN-NonLow,CN Non-Low,4.4633479118,-0.2649918559,PT-7qWq2K,NCI-H1299,NCIH1299,LCLC,Lung,Non-Small Cell Lung Cancer,Large Cell Lung Carcinoma,LCLC,"",CVCL_0060,43,Adult,Male,caucasian,Metastatic,lymph_node,ATCC,"",CRL-5803,Cell Line,,"","","","","","","","","",Adherent,MF-001-001,RPMI + 10% FBS,FALSE,None,"","","","",NCIH1299_LUNG,"",FALSE,Approved for public sharing - CCLE,"",1235,SIDM00649,724831,""
ACH-000483,0.7420729891,0.800805071012917,CN-NonLow,CN Non-Low,4.6339893341,-0.6398541992,PT-YTIYsu,SNU-182,SNU182,HCC,Liver,Hepatocellular Carcinoma,Hepatocellular Carcinoma,HCC,"",CVCL_0090,24,Adult,Male,asian,Primary,liver,ATCC,"",CRL-2235,Cell Line,,"","","","","","","","","",Adherent,MF-001-001,RPMI + 10% FBS,FALSE,None,"","","","",SNU182_LIVER,"",FALSE,Approved for public sharing - CCLE,"",1481,SIDM01151,1240216,""
ACH-001210,1.0339238264,1.02426564904162,CN-NonLow,CN Non-Low,4.7551064491,,PT-zlBs5P,TTC-1240,TTC1240,MRT,Kidney,Rhabdoid Cancer,Rhabdoid Cancer,MRT,"",CVCL_8002,0,Pediatric,Female,"",Metastatic,central_nervous_system,St. Jude Children's Research Hospital,Charles Roberts,"",Cell Line,,"","","","","","","","","",Adherent,MF-001-003,RPMI + 10% FBS + 2mM Glutamine,FALSE,None,"","","","",TTC1240_SOFT_TISSUE,"",TRUE,Approved for public sharing - CCLE,"",,"",,""
ACH-000479,0.992922967,0.994885946366171,CN-NonLow,CN Non-Low,5.5124578476,-0.1033172166,PT-hM3DN4,KNS-81,KNS81,GB,CNS/Brain,Adult-Type Diffuse Glioma,"Glioblastoma, IDH-Wildtype",GB,"",CVCL_2799,65,Adult,Male,"",Primary,central_nervous_system,HSRRB,"",IFO50359,Cell Line,,"","","","","","","","","",Adherent,MF-002-008,DMEM + 5% FBS,FALSE,None,"","","","",KNS81_CENTRAL_NERVOUS_SYSTEM,"",FALSE,Approved for public sharing - CCLE,"",,SIDM00605,,""
ACH-000438,0.8418802836,0.881179293856278,CN-NonLow,CN Non-Low,4.0090155602,-0.3517426414,PT-DJtGj2,Lu-65,LU65,GCLC,Lung,Non-Small Cell Lung Cancer,Giant Cell Carcinoma of the Lung,GCLC,"",CVCL_1392,64,Adult,Male,asian,Primary,lung,JCRB,"","",Cell Line,,"","","","","","","","","",Mixed,MF-001-020,RPMI + 20% FBS,FALSE,None,"","","","",LU65_LUNG,"",FALSE,Approved for public sharing - CCLE,"",47,SIDM00547,724863,""
ACH-001430,1.3929408534,1.25878473805441,CN-NonLow,CN Non-Low,5.8948736191,-0.11018507,PT-uuajSv,TC-138,TC138,ES,Bone,Ewing Sarcoma,Ewing Sarcoma,ES,"",CVCL_4Z30,,Pediatric,Male,"",Primary,bone,Dana-Farber Cancer Institute,Kim Stegmaier,"",Cell Line,,"","","","","","","","","",Mixed,MF-001-003,RPMI + 10% FBS + 2mM Glutamine,FALSE,None,"","","","",TC138_BONE,"",TRUE,HMB-MDS,EWS::FLI,,"",,""
ACH-000869,0.4309014923,0.516924355878669,CN-Low,Shallow CN Loss,4.6072592735,-0.371137933,PT-JylhbS,NCI-H1568,NCIH1568,LUAD,Lung,Non-Small Cell Lung Cancer,Lung Adenocarcinoma,LUAD,"",CVCL_1476,48,Adult,Female,caucasian,Metastatic,lymph_node,ATCC,"",CRL-5876,Cell Line,,"","","","","","","","","",Adherent,MF-001-001,RPMI + 10% FBS,FALSE,None,"","","","",NCIH1568_LUNG,"",FALSE,Approved for public sharing - CCLE,"",711,SIDM00750,1298348,""
ACH-000486,1.0181276826,1.01301745354561,CN-NonLow,CN Non-Low,4.7624549866,-0.2873286445,PT-W6AZYO,KU-19-19,KU1919,BLCA,Bladder/Urinary Tract,Bladder Urothelial Carcinoma,Bladder Urothelial Carcinoma,BLCA,"",CVCL_1344,76,Adult,Female,"",Primary,urinary_tract,DSMZ,"",395,Cell Line,,"","","","","","","","","",Adherent,MF-001-001,RPMI + 10% FBS,FALSE,None,"","","","",KU1919_URINARY_TRACT,"",FALSE,Approved for public sharing - CCLE,"",892,SIDM01033,907312,""
ACH-000856,1.023182433,1.01662641545611,CN-NonLow,CN Non-Low,4.9578728676,-0.0886335278,PT-PgOEtc,CAL-51,CAL51,BRCA,Breast,Invasive Breast Carcinoma,Invasive Breast Carcinoma,BRCA,"",CVCL_1110,45,Adult,Female,"",Metastatic,pleural_effusion,DSMZ,"","",Cell Line,,"","","","","","","","","",Adherent,MF-002-009,DMEM + 20% FBS,FALSE,None,"","","","",CAL51_BREAST,"",FALSE,Approved for public sharing - CCLE,basal_B TNBC,4,SIDM00933,910927,""
ACH-000344,0.8048361434,0.851867864350798,CN-NonLow,CN Non-Low,4.5400271416,-0.395863374,PT-KDacEe,SNU-668,SNU668,DSTAD,Esophagus/Stomach,Esophagogastric Adenocarcinoma,Diffuse Type Stomach Adenocarcinoma,DSTAD,"",CVCL_5081,63,Adult,Male,asian,Metastatic,ascites,KCLB,"",00668,Cell Line,,"","","","","","","","","",Adherent,MF-001-005,RPMI + 10% FBS + 2mM Glutamine + 25mM HEPES + 25mM Sodium bicarbonate,FALSE,None,"","","","",SNU668_STOMACH,"",FALSE,Approved for public sharing - CCLE,"",,"",,""
ACH-001677,1.0359758699,1.02572046289597,CN-NonLow,CN Non-Low,5.4757852554,-0.2591946902,PT-PFlyLY,U-2904,U2904,DLBCLNOS,Lymphoid,Mature B-Cell Neoplasms,"Diffuse Large B-Cell Lymphoma, NOS",DLBCLNOS,"",CVCL_X504,59,Adult,Male,"",Primary,pleural_effusion,DSMZ,"",ACC 768,Cell Line,,"","","","","","","","","",Suspension,MF-001-001,RPMI + 10% FBS,FALSE,None,"","","","",U2904_HAEMATOPOIETIC_AND_LYMPHOID_TISSUE,"",FALSE,HMB-MDS,"",,"",,""
ACH-000054,1.0284927328,1.02040813400971,CN-NonLow,CN Non-Low,5.3624277115,-0.1961730559,PT-cVfhmE,HT-1080,HT1080,FIBS,Soft Tissue,Fibrosarcoma,Fibrosarcoma,FIBS,"",CVCL_0317,35,Adult,Male,caucasian,Metastatic,soft_tissue,ATCC,"",CCL-121,Cell Line,,"","","","","","","","","",Adherent,MF-006-001,MEM + 10% FBS,FALSE,None,"","","","",HT1080_SOFT_TISSUE,"",FALSE,Approved for public sharing - CCLE,"",1391,SIDM00828,907064,""
ACH-001307,0.7332946912,0.793516959396675,CN-NonLow,CN Non-Low,5.026866436,-0.3314200075,PT-1llqWx,8505C,8505C,THAP,Thyroid,Anaplastic Thyroid Cancer,Anaplastic Thyroid Cancer,THAP,"",CVCL_1054,78,Adult,Female,"",Primary,thyroid,HSRRB,"",JCRB0826,Cell Line,,"","","","","","","","","",Adherent,MF-015-002,EMEM + 10% FBS + 2mM Glutamine + 100uM NEAA,FALSE,None,"","","","",8505C_THYROID,"",FALSE,Approved for public sharing - CCLE,"",868,SIDM00996,924102,""
ACH-000955,1.0693563546,1.04918210665046,CN-NonLow,CN Non-Low,5.563762188,,PT-lgLAoF,SNU-407,SNU407,COAD,Bowel,Colorectal Adenocarcinoma,Colon Adenocarcinoma,COAD,"",CVCL_5058,37,Adult,Male,asian,Metastatic,soft_tissue,KCLB,"",407,Cell Line,,"","","","","","","","","",Adherent,MF-001-003,RPMI + 10% FBS + 2mM Glutamine,FALSE,None,"","","","",SNU407_LARGE_INTESTINE,"",FALSE,Approved for public sharing - CCLE,MSI,1907,SIDM00214,1660034,""
ACH-000981,1.2452669082,1.1668869568809,CN-NonLow,CN Non-Low,5.2997503281,-0.3680079734,PT-zhUnhJ,DND-41,DND41,TALL,Lymphoid,T-Lymphoblastic Leukemia/Lymphoma,T-Cell Acute Lymphoblastic Leukemia,"","TLX3-BCL11B with mutations on EGFR, MAP2K4, NOTCH1, NRAS, PIM1, RB1, RET, SMARCB1, and TP53",CVCL_2022,13,Pediatric,Male,"",Primary,haematopoietic_and_lymphoid_tissue,DSMZ,"",525,Cell Line,,"","","","","","","","","",Suspension,MF-001-020,RPMI + 20% FBS,FALSE,None,"","","","",DND41_HAEMATOPOIETIC_AND_LYMPHOID_TISSUE,"",TRUE,Approved for public sharing - CCLE,"TLX3, TLX3::BCL11B",1035,SIDM00946,1297446,""
ACH-000669,0.3895633876,0.47463164734188,CN-Low,Shallow CN Loss,4.2702074051,,PT-sj3DbQ,SW 900,SW900,LUSC,Lung,Non-Small Cell Lung Cancer,Lung Squamous Cell Carcinoma,LUSC,"",CVCL_1731,53,Adult,Male,caucasian,Primary,lung,ATCC,"",HTB-59,Cell Line,,"","","","","","","","","",Adherent,"","",,None,"","","","",SW900_LUNG,"",FALSE,Approved for public sharing - CCLE,"",1454,SIDM01158,724879,""
ACH-000537,0.9336860284,0.951353564182811,CN-NonLow,CN Non-Low,4.6250777245,-0.5074710966,PT-CLc6my,SNU-761,SNU761,HCC,Liver,Hepatocellular Carcinoma,Hepatocellular Carcinoma,HCC,"",CVCL_5089,49,Adult,Male,asian,Primary,liver,KCLB,"",761,Cell Line,,"","","","","","","","","",Adherent,MF-001-001,RPMI + 10% FBS,FALSE,None,"","","","",SNU761_LIVER,"",FALSE,Approved for public sharing - CCLE,"",,"",,""
ACH-000232,0.4421476113,0.528218839468773,CN-Low,Shallow CN Loss,4.2212662697,-0.3276617207,PT-88IC1n,U-251 MG,U251MG,ASTR,CNS/Brain,Adult-Type Diffuse Glioma,"Astrocytoma, IDH-Mutant",ASTR,"",CVCL_0021,75,Adult,Male,"",Primary,central_nervous_system,HSRRB,"",JCRB1386,Cell Line,,"","","","","","","","","",Adherent,MF-002-001,DMEM + 10% FBS,FALSE,None,"","","","",U251MG_CENTRAL_NERVOUS_SYSTEM,"",FALSE,Approved for public sharing - CCLE,"",1913,SIDM00111,905983,""
ACH-002531,0.5901673445,0.669178598450693,CN-NonLow,CN Non-Low,5.5382494926,-0.0946012131,PT-GWa6kp,SNU-2535,SNU2535,LUAD,Lung,Non-Small Cell Lung Cancer,Lung Adenocarcinoma,LUAD,"",CVCL_R756,57,Adult,Female,"",Metastatic,pleural_effusion,KCLB,"","",Cell Line,,"","",Post-treatment,"","","","","","",Adherent,MF-001-005,RPMI + 10% FBS + 2mM Glutamine + 25mM HEPES + 25mM Sodium bicarbonate,FALSE,None,"","","","",SNU2535_LUNG,"",FALSE,HMB-MDS,"",,"",,""
ACH-001492,2.1950898595,1.67585650645615,CN-NonLow,CN Non-Low,5.8046112061,,PT-LclWrD,DOGKIT,DOGKIT,BL,Lymphoid,Mature B-Cell Neoplasms,Burkitt Lymphoma,BL,"IGL-MYC, IGH-BCL2",CVCL_2023,57,Adult,Male,"",Primary,haematopoietic_and_lymphoid_tissue,DSMZ,"",ACC-629,Cell Line,,"","","","","","","","","",Suspension,MF-001-001,RPMI + 10% FBS,FALSE,None,"","","","",DOGKIT_HAEMATOPOIETIC_AND_LYMPHOID_TISSUE,"",TRUE,HMB-MDS,"",,"",,""
ACH-000817,1.518723252,1.3326926127823,CN-NonLow,CN Non-Low,4.8665075302,-0.2894931477,PT-pWj35D,RPMI 8226,RPMI8226,PCM,Lymphoid,Mature B-Cell Neoplasms,Plasma Cell Myeloma,PCM,"",CVCL_0014,61,Adult,Male,"",Primary,haematopoietic_and_lymphoid_tissue,ATCC,"","",Cell Line,,"","","","","","","","","",Mixed,MF-001-001,RPMI + 10% FBS,FALSE,None,"","","","",RPMI8226_HAEMATOPOIETIC_AND_LYMPHOID_TISSUE,"",FALSE,Approved for public sharing - CCLE,"",705,SIDM00087,905964,""
ACH-002669,0.7302022402,0.790940681723651,CN-NonLow,CN Non-Low,4.9155545235,-0.202628158,PT-53ZOQS,KP-363T,KP363T,COAD,Bowel,Colorectal Adenocarcinoma,Colon Adenocarcinoma,COAD,"",CVCL_EG34,80,Adult,Male,"",Primary,Colon,DSMZ,"","",Cell Line,,"","","","","","","","","",Adherent,MF-001-001,RPMI + 10% FBS,FALSE,None,"","","","",KP363T_COLON,"",FALSE,HMB-MDS,"",,"",,""
ACH-000693,0.5550382107,0.636950030973309,CN-NonLow,CN Non-Low,4.2707457542,-0.2185115626,PT-mOm35A,KYSE-180,KYSE180,ESCC,Esophagus/Stomach,Esophageal Squamous Cell Carcinoma,Esophageal Squamous Cell Carcinoma,ESCC,"",CVCL_1349,53,Adult,Male,asian,Primary,oesophagus,DSMZ,"",ACC 379,Cell Line,,"","","","","","","","","",Adherent,MF-001-001,RPMI + 10% FBS,FALSE,None,"","","","",KYSE180_OESOPHAGUS,"",FALSE,Approved for public sharing - CCLE,"",599,SIDM01030,907318,""
ACH-001547,1.0040752879,1.00293670785433,CN-NonLow,CN Non-Low,5.2811307907,0.0076107614,PT-xjKkQm,LO68,LO68,PLEMESO,Pleura,Pleural Mesothelioma,"Pleural Mesothelioma, Epithelioid Type",PLEMESO,"",CVCL_2581,57,Adult,Male,black_or_african_american,Primary,pleural_effusion,Sigma-Aldrich,"",CBA-0141,Cell Line,,"","","","","","","","","",Adherent,MF-001-016,RPMI + 5% FBS + 2mM Glutamine + 25mM HEPES,FALSE,None,"","","","",LO68_LUNG,"",FALSE,HMB-MDS,"",,"",,""
ACH-002801,1.0762915995,1.05400907356568,CN-NonLow,CN Non-Low,5.0169153214,-0.5071162715,PT-hmiIEB,NCC-MPNST3-C1,NCCMPNST3C1,MPNST,Peripheral Nervous System,Nerve Sheath Tumor,Malignant Peripheral Nerve Sheath Tumor,MPNST,"",CVCL_YU14,72,Adult,Male,"",Unknown,Unknown,National Cancer Center Research Institute,Tadashi Kondo,"",Cell Line,,"","","","","","","","","",Adherent,MF-007-006,DMEM:F12 + 10% FBS + GlutaMAX,FALSE,None,"","","",Patient-derived model,NCCMPNST3C1_MPNST,"",FALSE,In Progress,"",,"",,""
ACH-000420,0.8737236821,0.905908214546469,CN-NonLow,CN Non-Low,4.4359021187,-0.4937187086,PT-zjdwU2,SNU-449,SNU449,HCC,Liver,Hepatocellular Carcinoma,Hepatocellular Carcinoma,HCC,"",CVCL_0454,52,Adult,Male,asian,Primary,liver,ATCC,"",CRL-2234,Cell Line,,"","","","","","","","","",Adherent,MF-001-001,RPMI + 10% FBS,FALSE,None,"","","","",SNU449_LIVER,"",FALSE,Approved for public sharing - CCLE,"",129,SIDM01194,909738,""
ACH-000814,0.8059040564,0.852721247728649,CN-NonLow,CN Non-Low,5.0607738495,,PT-2OcAGh,Hs 939.T,HS939T,MEL,Skin,Melanoma,Melanoma,MEL,"",CVCL_1036,24,Adult,Female,caucasian,Primary,skin,ATCC,"",Discontinued,Cell Line,,"","","","","","","","","",Adherent,MF-002-001,DMEM + 10% FBS,FALSE,None,"","","","",HS939T_SKIN,"",FALSE,Approved for public sharing - CCLE,"",1261,SIDM00663,1298144,""
ACH-000280,0.6979632592,0.763805241963138,CN-NonLow,CN Non-Low,4.6818933487,-0.4513696081,PT-S0isOw,SNU-840,SNU840,BTMOV,Ovary/Fallopian Tube,Ovarian Epithelial Tumor,"Brenner Tumor, Malignant",BTMOV,"",CVCL_5100,45,Adult,Female,asian,Primary,ovary,KCLB,"",840,Cell Line,,"","","","","","","","","",Adherent,MF-001-001,RPMI + 10% FBS,FALSE,None,"","","","",SNU840_OVARY,"",FALSE,Approved for public sharing - CCLE,"",,"",,""
ACH-000403,0.3704318364,0.454630572064975,CN-Low,Shallow CN Loss,4.6907525063,-1.7823086182,PT-cabct5,NCI-H747,NCIH747,COAD,Bowel,Colorectal Adenocarcinoma,Colon Adenocarcinoma,COAD,"",CVCL_1587,69,Adult,Male,caucasian,Metastatic,large_intestine,ATCC,"",CCL-252,Cell Line,,"","","","","","","","","",Adherent,MF-001-001,RPMI + 10% FBS,FALSE,None,"","","","",NCIH747_LARGE_INTESTINE,"",FALSE,Approved for public sharing - CCLE,"",573,SIDM00778,908457,""
ACH-002785,1.4214949759,1.27589800964956,CN-NonLow,CN Non-Low,5.4610209465,-0.1334145908,PT-6sPicj,NCC-LMS1-C1,NCCLMS1C1,LMS,Soft Tissue,Leiomyosarcoma,Leiomyosarcoma,LMS,"",CVCL_LK56,42,Adult,Female,"",Metastatic,bone,National Cancer Center Research Institute,Tadashi Kondo,"",Cell Line,,"","","","","","","","","",Adherent,MF-007-006,DMEM:F12 + 10% FBS + GlutaMAX,FALSE,None,"","","",Patient-derived model,"","",FALSE,In Progress,"",,"",,""
ACH-000376,0.9940200519,0.995679917575244,CN-NonLow,CN Non-Low,4.8683509827,-0.5432482907,PT-O9gP17,SF-295,SF295,GB,CNS/Brain,Adult-Type Diffuse Glioma,"Glioblastoma, IDH-Wildtype",GB,"",CVCL_1690,67,Adult,Female,"",Primary,central_nervous_system,NCI/DCTD,"",C0005005,Cell Line,,"","","","","","","","","",Adherent,MF-001-001,RPMI + 10% FBS,FALSE,None,"","","","",SF295_CENTRAL_NERVOUS_SYSTEM,"",FALSE,Approved for public sharing - CCLE,"",1164,SIDM00084,905985,""
ACH-002002,1.1159937906,1.08133539385849,CN-NonLow,CN Non-Low,5.7068152428,-0.3508661308,PT-3FxmoJ,A-375_SCH772984_R,A375SCH772984R,MEL,Skin,Melanoma,Melanoma,MEL,"",CVCL_C8YB,54,Adult,Female,"",Primary,skin,The Broad Institute,Levi Garraway,"",Cell Line,,"","","","","","","","","",Adherent,MF-001-001,RPMI + 10% FBS,FALSE,None,drug adapted,"",SCH772984,"",A375_SKIN_CJ2_RESISTANT,"",FALSE,In Progress,"",,"",,""
ACH-001428,0.9074430441,0.931639979093222,CN-NonLow,CN Non-Low,4.6796770096,-0.5114355963,PT-XQvpFQ,CCLF_PEDS_0010_T,CCLFPEDS0010T,ES,Bone,Ewing Sarcoma,Ewing Sarcoma,ES,"","",15,Pediatric,Male,caucasian,Metastatic,pleural_cavity,CCLF,"","",Cell Line,,"","",Post-treatment,"","","","","","",Adherent,"","",,None,"","","","",CCLFPEDS0010T_BONE,HCM-BROD-0121-C41,TRUE,"",EWS::FLI,,"",,""
ACH-000061,0.518411634,0.602562951376959,CN-NonLow,CN Non-Low,4.0288872719,,PT-hDGIfb,HH,HH,MTNN,Lymphoid,Non-Hodgkin Lymphoma,Mature T and NK Neoplasms,MTNN,"",CVCL_1280,61,Adult,Male,caucasian,"",haematopoietic_and_lymphoid_tissue,ATCC,"",CRL-2105,Cell Line,,"","","","","","","","","",Suspension,MF-001-001,RPMI + 10% FBS,FALSE,None,"","","","",HH_HAEMATOPOIETIC_AND_LYMPHOID_TISSUE,"",FALSE,Approved for public sharing - CCLE,"",310,SIDM00671,907056,""
ACH-000907,0.9587178509,0.969909595449471,CN-NonLow,CN Non-Low,4.7364535332,-0.1905924686,PT-20TYLm,SNU-349,SNU349,CCRCC,Kidney,Renal Cell Carcinoma,Renal Clear Cell Carcinoma,CCRCC,"",CVCL_5054,68,Adult,Male,asian,Primary,kidney,KCLB,"",00349,Cell Line,,"","","","","","","","","",Adherent,MF-001-001,RPMI + 10% FBS,FALSE,None,"","","","",SNU349_KIDNEY,"",FALSE,Approved for public sharing - CCLE,"",,"",,""
ACH-001683,0.9556741495,0.96766601136272,CN-NonLow,CN Non-Low,5.0960130692,-0.1929887807,PT-toAH2F,ACC-3133,UACC3133,ILC,Breast,Invasive Breast Carcinoma,Breast Invasive Lobular Carcinoma,ILC,"",CVCL_B221,52,Adult,Female,"",Primary,breast,ATCC,"",CRL-2988,Cell Line,,"","",Pre-treatment,"","","","","","",Adherent,MF-021-005,L-15 + 5% FBS + 10ug/ml transferrin + 10ug/ml insulin + 5ug/ml (55 U/ml) catalase + 3.6ug/ml (0.01 mM) hydrocortisone + 2mM Glutamine,FALSE,None,"","","","",UACC3133_BREAST,"",FALSE,HMB-MDS,"ER+, HER2+",,"",,""
ACH-001278,0.9869089526,0.990525764564447,CN-NonLow,CN Non-Low,4.8718533516,-0.1955716201,PT-ZkKui4,BIN-67,BIN67,SCCO,Ovary/Fallopian Tube,Ovarian Epithelial Tumor,Small Cell Carcinoma of the Ovary,SCCO,"",CVCL_S987,,Unknown,Female,"",Metastatic,bone,The Broad Institute,Cigall Kadoch,"",Cell Line,,"","","","","","","","","",Adherent,MF-007-019,DMEM:F12 + 20% FBS,FALSE,None,"","","","",BIN67_OVARY,"",FALSE,HMB-MDS,"",,"",,""
ACH-000694,0.6728664064,0.742322237653717,CN-NonLow,CN Non-Low,5.633913517,-0.2879644485,PT-bNO06l,TE-9,TE9,ESCC,Esophagus/Stomach,Esophageal Squamous Cell Carcinoma,Esophageal Squamous Cell Carcinoma,ESCC,"",CVCL_1767,48,Adult,Male,"",Metastatic,pleural_effusion,RIKEN,"",RCB1988,Cell Line,,"","","","","","","","","",Adherent,MF-001-001,RPMI + 10% FBS,FALSE,None,"","","","",TE9_OESOPHAGUS,"",FALSE,Approved for public sharing - CCLE,"",1312,SIDM00325,946353,""
ACH-002687,1.0066693539,1.00480291825167,CN-NonLow,CN Non-Low,4.3520312309,-1.2207248175,PT-VBCF1O,WM3772F,WM3772F,UM,Eye,Ocular Melanoma,Uveal Melanoma,UM,"",CVCL_0B81,,Unknown,Female,"",Metastatic,lung,"Rockland Immunochemicals, Inc.","",WM3772F-01-0001,Cell Line,,"","","","","","","","","",Adherent,MF-001-020,RPMI + 20% FBS,FALSE,None,"","","","",WM3772F_EYE,"",FALSE,In Progress,"",,"",,""
ACH-000703,1.1943204663,1.1337742374,CN-NonLow,CN Non-Low,6.376604557,,PT-BeO6a2,DMS 79,DMS79,SCLC,Lung,Lung Neuroendocrine Tumor,Small Cell Lung Cancer,SCLC,"",CVCL_1178,65,Adult,Male,caucasian,Metastatic,pleural_effusion,ATCC,"",CRL-2049,Cell Line,,"","","","","","","","","",Suspension,"","",,None,"","","","",DMS79_LUNG,"",FALSE,Approved for public sharing - CCLE,"",300,SIDM00524,753551,""
ACH-001560,0.6003180701,0.67835867545695,CN-NonLow,CN Non-Low,4.6672735214,-0.3536208724,PT-B0HUMd,Mero-83,MERO83,PLBMESO,Pleura,Pleural Mesothelioma,"Pleural Mesothelioma, Biphasic Type",PLBMESO,"",CVCL_2595,,Unknown,Male,"",Primary,pleural_effusion,Sigma-Aldrich,"","",Cell Line,,"","","","","","","","","",Adherent,MF-004-003,F12 + 15% FBS + 2mM Glutamine,FALSE,None,"","","","",MERO83_PLEURA,"",FALSE,HMB-MDS,"",,"",,""
ACH-003191,0.7718722518,0.825274592415312,CN-NonLow,CN Non-Low,4.5077185631,-0.8285989785,PT-B8KJKw,NRH-GCT2,NRHGCT2,GCTB,Bone,Giant Cell Tumor of Bone,Giant Cell Tumor of Bone,GCTB,"","",70,Adult,Male,"",Primary,soft_tissue,"Oslo University Hospital, The Norwegian Radium Hospital",Ola Myklebost,"",Cell Line,,"","",Pre-treatment,"","","","","","",Mixed,MF-001-014,RPMI + 5% FBS,FALSE,None,"","","","",NRH-GCT2,"",FALSE,"","",,"",,""
ACH-000654,1.0632474537,1.04491685991404,CN-NonLow,CN Non-Low,4.6501841545,-0.4370044501,PT-WEYO1e,Raji,RAJI,NHL,Lymphoid,Non-Hodgkin Lymphoma,Non-Hodgkin Lymphoma,NHL,"MYC-IGH, TP53 Arg213Gln and Tyr234His",CVCL_0511,11,Pediatric,Male,african,Primary,bone,ATCC,"","",Cell Line,,"","","","","","","","","",Suspension,MF-001-001,RPMI + 10% FBS,FALSE,None,"","","","",RAJI_HAEMATOPOIETIC_AND_LYMPHOID_TISSUE,"",TRUE,Approved for public sharing - CCLE,MYC::IGH,1762,SIDM00844,909262,""
ACH-002847,1.0420457362,1.03001517897282,CN-NonLow,CN Non-Low,5.3784666061,-0.1809044705,PT-AFnHpd,YUHOIN,YUHOIN,MEL,Skin,Melanoma,Melanoma,MEL,"",CVCL_J521,59,Adult,Female,"",Metastatic,sinonasal,Yale University,Ruth Halaban,"",Cell Line,,"","","","","","","","","",Adherent,MF-036-001,Opti-MEM + 5% FBS,FALSE,None,"","","","",YUHOIN0650_Melanoma_Skin,"",FALSE,HMB-MDS,"",,"",,""
ACH-000249,0.5157915345,0.600071354549117,CN-NonLow,CN Non-Low,4.659907341,-0.1068096093,PT-hYUBUD,CL-11,CL11,COAD,Bowel,Colorectal Adenocarcinoma,Colon Adenocarcinoma,COAD,"",CVCL_1978,,Unknown,Male,"",Primary,Colon,DSMZ,"",ACC 467,Cell Line,,"","","","","","","","","",Adherent,MF-007-019,DMEM:F12 + 20% FBS,FALSE,None,"","","","",CL11_LARGE_INTESTINE,"",FALSE,Approved for public sharing - CCLE,"",1153,SIDM00944,1290769,""
ACH-001993,2.0777182066,1.62186114571697,CN-NonLow,CN Non-Low,7.3560028076,-0.3166357553,PT-22pOAT,NALM-16,NALM16,BALL,Lymphoid,B-Cell Acute Lymphoblastic Leukemia,B-Cell Acute Lymphoblastic Leukemia,"",No Fusion [PMID: 6928235],CVCL_1834,12,Pediatric,Female,"",Primary,haematopoietic_and_lymphoid_tissue,DSMZ,"","",Cell Line,,"","","","","","","","","",Suspension,MF-001-001,RPMI + 10% FBS,FALSE,None,"","","","",NALM16_HAEMATOPOIETIC_AND_LYMPHOID_TISSUE,"",TRUE,HMB-MDS,"Near haploid, TP53",,"",,""
ACH-001205,1.0350625112,1.02507311056677,CN-NonLow,CN Non-Low,5.4488182068,-0.5057799969,PT-eQaQl0,TC-32,TC32,ES,Bone,Ewing Sarcoma,Ewing Sarcoma,ES,"",CVCL_7151,17,Pediatric,Female,"",Primary,bone,Dana-Farber Cancer Institute,Kim Stegmaier,"",Cell Line,,"","",Pre-treatment,"","","","","","",Adherent,MF-001-003,RPMI + 10% FBS + 2mM Glutamine,FALSE,None,"","","","",TC32_BONE,"",TRUE,Approved for public sharing - CCLE,EWS::FLI,,"",,""
ACH-000076,1.8779322292,1.52503261926783,CN-NonLow,CN Non-Low,5.7499175072,-0.074216529,PT-Ugji7b,NCO2,NCO2,CMLBCRABL1,Myeloid,Myeloproliferative Neoplasms,"Chronic Myeloid Leukemia, BCR-ABL1+",CMLBCRABL1,"BCR::ABL1, TP53 Gly266Arg",CVCL_3043,35,Adult,Female,"",Primary,haematopoietic_and_lymphoid_tissue,HSRRB,"",IFO50525,Cell Line,,"","","","","","","","","",Suspension,MF-001-001,RPMI + 10% FBS,FALSE,None,"","","","",NCO2_HAEMATOPOIETIC_AND_LYMPHOID_TISSUE,"",TRUE,Approved for public sharing - CCLE,BCR::ABL1,,"",,""
ACH-001096,0.4780091038,0.563655155794391,CN-Low,Shallow CN Loss,3.2988986969,-1.898545381,PT-BarDvA,JR,JR,ARMS,Soft Tissue,Rhabdomyosarcoma,Alveolar Rhabdomyosarcoma,ARMS,"",CVCL_RT33,,Pediatric,Unknown,"","",soft_tissue,The Broad Institute,Matthew Meyerson,"",Cell Line,,"","","","","","","","","",Adherent,MF-001-001,RPMI + 10% FBS,FALSE,None,"","","","",JR_SOFT_TISSUE,"",TRUE,HMB-MDS,"",,"",,""
ACH-003183,1.2276880288,1.15554720807435,CN-NonLow,CN Non-Low,5.0025272369,,PT-BqidXH,NRH-MFS3,NRHMFS3,MFS,Soft Tissue,Myxofibrosarcoma,Myxofibrosarcoma,MFS,"","",74,Adult,Male,"",Primary,soft_tissue,"Oslo University Hospital, The Norwegian Radium Hospital",Ola Myklebost,"",Cell Line,,"","",Pre-treatment,"","","","","","",Mixed,MF-001-014,RPMI + 5% FBS,FALSE,None,"","","","",NRH-MFS3,"",FALSE,"","",,"",,""
ACH-002925,0.9535530442,0.966100429089708,CN-NonLow,CN Non-Low,3.6136848927,-0.444982643,PT-abxYPP,UPMM3,UPMM3,UM,Eye,Ocular Melanoma,Uveal Melanoma,UM,"",CVCL_C295,,Unknown,Male,"",Primary,eye,QIMR Berghofer,"","",Cell Line,,"","","","","","","","","",Adherent,MF-001-001,RPMI + 10% FBS,FALSE,None,"","","","","","",FALSE,HMB-MDS,"",,"",,""
ACH-000827,0.9914171359,0.993795449517149,CN-NonLow,CN Non-Low,5.1380977631,-0.1513563314,PT-L3eOYW,WM793,WM793,MEL,Skin,Melanoma,Melanoma,MEL,"",CVCL_8787,37,Adult,Male,"",Primary,skin,The Wistar Institute,"","",Cell Line,,"","","","","","","","","",Adherent,MF-001-001,RPMI + 10% FBS,FALSE,None,"","","","",WM793_SKIN,"",FALSE,Approved for public sharing - CCLE,"",114,SIDM00973,1299081,""
ACH-002038,0.7642910281,0.819088559855405,CN-NonLow,CN Non-Low,5.2145600319,,PT-BC5ORj,HSKTC,HSKTC,OOVC,Ovary/Fallopian Tube,"Ovarian Cancer, Other","Ovarian Cancer, Other",OOVC,"",CVCL_8234,46,Adult,Female,"",Primary,ovary,RIKEN,"",RCB0515,Cell Line,,"","","","","","","","","",Adherent,MF-004-002,F12 + 15% FBS,FALSE,None,"","","","",HSKTC_OVARY,"",FALSE,HMB-MDS,"",,"",,""
ACH-002716,1.0777996326,1.05505653826921,CN-NonLow,CN Non-Low,5.0870680809,,PT-93dDAU,MO-91,MO91,AMLMD,Myeloid,Acute Myeloid Leukemia,AML with Minimal Differentiation,AMLMD,"",CVCL_0086,,Unknown,Unknown,"","",Unknown,Academic lab,"","",Cell Line,,"","","","","","","","","",Suspension,MF-001-001,RPMI + 10% FBS,FALSE,None,"","","","",MO91_AML,"",TRUE,"","",,"",,""
ACH-000086,0.9152317461,0.937518971116617,CN-NonLow,CN Non-Low,4.3924136162,-0.290316126,PT-nZJ0Fu,ACC-MESO-1,ACCMESO1,PLEMESO,Pleura,Pleural Mesothelioma,"Pleural Mesothelioma, Epithelioid Type",PLEMESO,"",CVCL_5113,61,Adult,Female,"","",pleura,RIKEN,"",RCB2292,Cell Line,,"","","","","","","","","",Adherent,MF-001-001,RPMI + 10% FBS,FALSE,None,"","","","",ACCMESO1_PLEURA,"",FALSE,Approved for public sharing - CCLE,"",,"",,""
ACH-000871,1.6133573242,1.38590439775664,CN-NonLow,CN Non-Low,6.0295610428,-0.2663998682,PT-IG35r8,NCI-H510,NCIH510,SCLC,Lung,Lung Neuroendocrine Tumor,Small Cell Lung Cancer,SCLC,"",CVCL_1565,56,Adult,Male,caucasian,Metastatic,autonomic_ganglia,ATCC,"","",Cell Line,,"","","","","","","","","",Mixed,MF-007-001,DMEM:F12 + 10% FBS,FALSE,None,"","","","",NCIH510_LUNG,"",FALSE,Approved for public sharing - CCLE,"",919,SIDM00927,753605,""
ACH-000681,0.6928351355,0.75944147661323,CN-NonLow,CN Non-Low,4.4213442802,-0.1443656361,PT-cqv92I,A549,A549,LUAD,Lung,Non-Small Cell Lung Cancer,Lung Adenocarcinoma,LUAD,"",CVCL_0023,58,Adult,Male,caucasian,Primary,lung,ATCC,"",CCL-185,Cell Line,,"","","","","","","","","",Adherent,MF-002-001,DMEM + 10% FBS,FALSE,None,"","","","",A549_LUNG,"",FALSE,Approved for public sharing - CCLE,"",369,SIDM00903,905949,""
ACH-002946,1.0066987374,1.00482404336592,CN-NonLow,CN Non-Low,5.2108097076,,PT-HryOAg,UKE-1,UKE1,AML,Myeloid,Acute Myeloid Leukemia,Acute Myeloid Leukemia,AML,JAK2 Val617Phe,CVCL_0104,59,Adult,Female,"","",haematopoietic_and_lymphoid_tissue,"","",GM23245,Cell Line,,"","","","","","","","","",Unknown,MF-001-021,RPMI + 20% FBS + 2mM Glutamine,FALSE,None,"","","","","","",TRUE,HMB-MDS,"",,"",,""
ACH-000704,0.5781044168,0.658192665817634,CN-NonLow,CN Non-Low,3.9871661663,-0.8197749407,PT-9pirK7,OAW42,OAW42,SOC,Ovary/Fallopian Tube,Ovarian Epithelial Tumor,Serous Ovarian Cancer,SOC,"",CVCL_1615,46,Adult,Female,"",Metastatic,ascites,ECACC,"",85073102,Cell Line,,"","","","","","","","","",Adherent,MF-002-005,DMEM + 10% FBS + 2mM Glutamine + 1X Insulin-Transferrin-Selenium,FALSE,None,"","","","",OAW42_OVARY,"",FALSE,Approved for public sharing - CCLE,"",782,SIDM00480,910548,""
ACH-002005,0.9524747813,0.965303914242598,CN-NonLow,CN Non-Low,5.2876238823,-0.2062304162,PT-4QtR2m,SK-MEL-19,SKMEL19,SKCM,Skin,Melanoma,Cutaneous Melanoma,SKCM,"",CVCL_6025,50,Adult,Male,"",Primary,skin,The Broad Institute,Cory Johannessen,"",Cell Line,,"","","","","","","","","",Adherent,MF-001-001,RPMI + 10% FBS,FALSE,None,"","","","",SKMEL19_SKIN,"",FALSE,HMB-MDS,"",,"",,""
ACH-000195,1.0582359248,1.04140836028386,CN-NonLow,CN Non-Low,4.9309406281,-0.5036425796,PT-ZJgxZb,Set-2,SET2,AMLNOS,Myeloid,Acute Myeloid Leukemia,"AML, NOS",AMLNOS,"ADGRE5-NOL6, CDK6-Z93241.1, JAK2 V617F, DNMT3A R882H",CVCL_2187,71,Adult,Female,"","",haematopoietic_and_lymphoid_tissue,DSMZ,"","",Cell Line,,"","","","","","","","","",Suspension,MF-001-020,RPMI + 20% FBS,FALSE,None,"","","","",SET2_HAEMATOPOIETIC_AND_LYMPHOID_TISSUE,"",TRUE,Approved for public sharing - CCLE,"DNMT3A, JAK2 and TP53",,SIDM00397,,""
ACH-000530,1.0023894252,1.00172257715576,CN-NonLow,CN Non-Low,5.4061727524,,PT-Dxq8HG,DMS 114,DMS114,SMARCA4-UT,Lung,SMARCA4-deficient undifferentiated tumor,SMARCA4-deficient undifferentiated tumor,"","",CVCL_1174,68,Adult,Male,caucasian,Primary,lung,ATCC,"",CRL-2066,Cell Line,,"","","","","","","","","",Adherent,MF-020-001,Waymouth's MB 752_1 + 10% FBS,FALSE,None,"","","","",DMS114_LUNG,"",FALSE,Approved for public sharing - CCLE,"",1495,SIDM00865,687983,""
ACH-001031,1.0227969758,1.01635152666583,CN-NonLow,CN Non-Low,4.5448560715,-0.2648168728,PT-nuzviS,CHLA-266,CHLA266,ATRT,CNS/Brain,Embryonal Tumor,Atypical Teratoid/Rhabdoid Tumor,ATRT,"",CVCL_M149,2,Pediatric,Female,"",Primary,brain,Children's Oncology Group (COG),"","",Cell Line,,"","",Pre-treatment,"","","","","","",Adherent,MF-005-005,IMDM + 20% FBS + 4mM Glutamine + 1x Insulin-Transferrin-Selenium,FALSE,None,"","","","",CHLA266_SOFT_TISSUE,"",TRUE,HMB-MDS,"",,"",,""
ACH-000450,1.0211637288,1.01518619512694,CN-NonLow,CN Non-Low,4.4685049057,-0.3574623642,PT-tIdwwm,MEL-HO,MELHO,MEL,Skin,Melanoma,Melanoma,MEL,"",CVCL_1402,,Unknown,Female,"",Primary,skin,DSMZ,"",ACC 62,Cell Line,,"","","","","","","","","",Adherent,MF-001-001,RPMI + 10% FBS,FALSE,None,"","","",This line is a ME-WEI derivative (ICLAC). DepMap metadata has been updated (as of 22Q2) to reflect this.,MELHO_SKIN,"",FALSE,Approved for public sharing - CCLE,"",2109,SIDM00337,908124,""
ACH-000985,0.6465536533,0.719449523223081,CN-NonLow,CN Non-Low,4.6155514717,-0.1770064022,PT-KI0Di1,LS411N,LS411N,COAD,Bowel,Colorectal Adenocarcinoma,Colon Adenocarcinoma,COAD,"",CVCL_1385,32,Adult,Male,caucasian,Primary,large_intestine,ATCC,"",CRL-2159,Cell Line,,"","","","","","","","","",Adherent,MF-001-001,RPMI + 10% FBS,FALSE,None,"","","","",LS411N_LARGE_INTESTINE,"",FALSE,Approved for public sharing - CCLE,MSI,724,SIDM00660,907794,ACH-001110
ACH-000627,0.9936498786,0.995412068332442,CN-NonLow,CN Non-Low,5.3212895393,-0.8511977749,PT-Rd3J4D,LCLC-103H,LCLC103H,LCLC,Lung,Non-Small Cell Lung Cancer,Large Cell Lung Carcinoma,LCLC,"",CVCL_1375,61,Adult,Male,caucasian,Metastatic,pleural_effusion,DSMZ,"",ACC 384,Cell Line,,"","","","","","","","","",Adherent,MF-001-001,RPMI + 10% FBS,FALSE,None,"","","","",LCLC103H_LUNG,"",FALSE,Approved for public sharing - CCLE,"",1502,SIDM00345,753586,""
ACH-001106,1.1806922728,1.12478619921835,CN-NonLow,CN Non-Low,4.9244418144,,PT-6djQUQ,KOPN-8,KOPN8,BALL,Lymphoid,B-Cell Acute Lymphoblastic Leukemia,B-Cell Acute Lymphoblastic Leukemia,"","KMT2A-MLLT1, KRAS Gly12Asp, TP53 Arg248Gln",CVCL_1866,0,Pediatric,Female,"",Primary,haematopoietic_and_lymphoid_tissue,DSMZ,"",ACC 552,Cell Line,,"","","","","","","","","",Suspension,MF-001-001,RPMI + 10% FBS,FALSE,None,"","","","",KOPN8_HAEMATOPOIETIC_AND_LYMPHOID_TISSUE,"",TRUE,Approved for public sharing - CCLE,KMT2A::MLLT1,1206,SIDM01034,1330933,""
ACH-002928,0.9934579438,0.995273168961429,CN-NonLow,CN Non-Low,5.0793142319,-0.384938068,PT-M9rUlw,MM100511,MM100511,ACRM,Skin,Melanoma,Acral Melanoma,ACRM,"","",57,Adult,Female,"",Metastatic,skin,QIMR Berghofer,"","",Cell Line,,"","","","","","","","","",Unknown,MF-001-001,RPMI + 10% FBS,FALSE,None,"","","","","","",FALSE,In Progress,"",,"",,""
ACH-000090,1.1281790095,1.08961950669256,CN-NonLow,CN Non-Low,4.9202885628,-0.1859448871,PT-j0lUB5,PC-3,PC3,PRAD,Prostate,Prostate Adenocarcinoma,Prostate Adenocarcinoma,PRAD,"",CVCL_0035,62,Adult,Male,caucasian,Metastatic,bone,ATCC,"",CRL-1435,Cell Line,,"","","","","","","","","",Adherent,MF-004-001,F12 + 10% FBS,FALSE,None,"","","","",PC3_PROSTATE,"",FALSE,Approved for public sharing - CCLE,"",911,SIDM00088,905934,""
ACH-000317,1.0332889877,1.02381527740209,CN-NonLow,CN Non-Low,4.8262944221,-0.4964369629,PT-ARX9yV,TUHR14TKB,TUHR14TKB,RCC,Kidney,Renal Cell Carcinoma,Renal Cell Carcinoma,RCC,"",CVCL_5953,,Unknown,Male,"",Primary,kidney,RIKEN,"",RCB1383,Cell Line,,"","","","","","","","","",Adherent,MF-001-001,RPMI + 10% FBS,FALSE,None,"","","","",TUHR14TKB_KIDNEY,"",FALSE,Approved for public sharing - CCLE,"",,"",,""
ACH-000200,0.9793924638,0.985057690931209,CN-NonLow,CN Non-Low,5.7830924988,-0.0654447008,PT-bkGAPG,NMC-G1,NMCG1,GB,CNS/Brain,Adult-Type Diffuse Glioma,"Glioblastoma, IDH-Wildtype",GB,"",CVCL_1608,,Unknown,Female,"",Primary,central_nervous_system,HSRRB,"",IFO50467,Cell Line,,"","","","","","","","","",Adherent,MF-002-001,DMEM + 10% FBS,FALSE,None,"","","","",NMCG1_CENTRAL_NERVOUS_SYSTEM,"",FALSE,Approved for public sharing - CCLE,"",650,SIDM00575,908449,""
ACH-000356,0.6223435021,0.698079316662836,CN-NonLow,CN Non-Low,4.9211935997,-0.396725292,PT-cE9wYI,MKN-45,MKN45,DSTAD,Esophagus/Stomach,Esophagogastric Adenocarcinoma,Diffuse Type Stomach Adenocarcinoma,DSTAD,"",CVCL_0434,62,Adult,Female,asian,Metastatic,liver,HSRRB,"",JCRB0254,Cell Line,,"","","","","","","","","",Adherent,MF-001-001,RPMI + 10% FBS,FALSE,None,"","","","",MKN45_STOMACH,"",FALSE,Approved for public sharing - CCLE,"",1542,SIDM00247,925340,""
ACH-000017,0.8811069187,0.91158185135686,CN-NonLow,CN Non-Low,4.4416360855,-0.4209614213,PT-8CE6ah,SK-BR-3,SKBR3,BRCA,Breast,Invasive Breast Carcinoma,Invasive Breast Carcinoma,BRCA,"",CVCL_0033,43,Adult,Female,caucasian,Metastatic,pleural_effusion,ATCC,"","",Cell Line,,"","","","","","","","","",Mixed,MF-023-001,McCoy's 5A + 10% FBS,FALSE,None,"","","","",SKBR3_BREAST,"",FALSE,Approved for public sharing - CCLE,HER2+,,SIDM00897,,""
ACH-001283,1.1129555697,1.07926243123528,CN-NonLow,CN Non-Low,5.397919178,0.0005701532,PT-yXtSGR,TC-106,TC106,ES,Bone,Ewing Sarcoma,Ewing Sarcoma,ES,"",CVCL_F531,19,Adult,Male,"",Metastatic,skin,Dana-Farber Cancer Institute,Kim Stegmaier,"",Cell Line,,"","",Pre-treatment,"","","","","","",Adherent,MF-001-003,RPMI + 10% FBS + 2mM Glutamine,FALSE,None,"","","","",TC106_BONE,"",TRUE,HMB-MDS,EWS::ERG,,"",,""
ACH-000302,0.5584887016,0.640147696057452,CN-NonLow,CN Non-Low,3.3201482296,-0.2643137853,PT-SeH5WZ,SNU-1077,SNU1077,UCS,Uterus,Endometrial Carcinoma,Uterine Carcinosarcoma/Uterine Malignant Mixed Mullerian Tumor,UCS,"",CVCL_5007,60,Adult,Female,asian,Primary,endometrium,KCLB,"",1077,Cell Line,,"","","","","","","","","",Adherent,MF-001-001,RPMI + 10% FBS,FALSE,None,"","","","",SNU1077_ENDOMETRIUM,"",FALSE,Approved for public sharing - CCLE,"",,SIDM00166,,""
ACH-000101,1.0405389718,1.02895026457086,CN-NonLow,CN Non-Low,5.3577070236,-0.2867642559,PT-6Sunyd,KE-37,KE37,TALL,Lymphoid,T-Lymphoblastic Leukemia/Lymphoma,T-Cell Acute Lymphoblastic Leukemia,"","NCOA6-SPDEF,TRA/D-MYC",CVCL_1327,27,Adult,Male,"",Primary,haematopoietic_and_lymphoid_tissue,DSMZ,"",ACC 46,Cell Line,,"","","","","","","","","",Suspension,MF-001-001,RPMI + 10% FBS,FALSE,None,"","","",SNP fingerprinting rules out CCRF-CEM contamination.,KE37_HAEMATOPOIETIC_AND_LYMPHOID_TISSUE,"",TRUE,Approved for public sharing - CCLE,"TAL1, TRA/D::MYC",1012,SIDM01003,907277,""
ACH-000547,0.5449043828,0.627517549631873,CN-NonLow,CN Non-Low,4.5913743973,-0.588917898,PT-Tid1hK,HT-1197,HT1197,BLCA,Bladder/Urinary Tract,Bladder Urothelial Carcinoma,Bladder Urothelial Carcinoma,BLCA,"",CVCL_1291,44,Adult,Male,caucasian,Primary,urinary_tract,ATCC,"",CRL-1473,Cell Line,,"","","","","","","","","",Adherent,MF-006-001,MEM + 10% FBS,FALSE,None,"","","","",HT1197_URINARY_TRACT,"",FALSE,Approved for public sharing - CCLE,"",1533,SIDM00676,907065,""
ACH-002033,0.5629485578,0.644270294890255,CN-NonLow,CN Non-Low,3.9137797356,-0.2653405788,PT-zLKvmC,HMMME,HMMME,PLEMESO,Pleura,Pleural Mesothelioma,"Pleural Mesothelioma, Epithelioid Type",PLEMESO,"",CVCL_8163,72,Adult,Male,"",Primary,pleural_effusion,RIKEN,"",RCB0819,Cell Line,,"","","","","","","","","",Adherent,MF-004-002,F12 + 15% FBS,FALSE,None,"","","","",HMMME_LUNG,"",FALSE,HMB-MDS,"",,"",,""
ACH-001519,1.0594038818,1.04222679312218,CN-NonLow,CN Non-Low,5.1015238762,,PT-Ra8US3,H-EMC-SS,HEMCSS,EMCHS,Bone,Chondrosarcoma,Extraskeletal Myxoid Chondrosarcoma,EMCHS,"",CVCL_1238,77,Adult,Female,"",Primary,soft_tissue,Sigma-Aldrich,"","",Cell Line,,"","","","","","","","","",Adherent,MF-007-001,DMEM:F12 + 10% FBS,FALSE,None,"","","","",HEMCSS_BONE,"",FALSE,HMB-MDS,"",1921,SIDM00535,907290,""
ACH-000018,0.8263976175,0.869000882708993,CN-NonLow,CN Non-Low,5.3227214813,-0.4362190377,PT-Mi0cKz,T24,T24,BLCA,Bladder/Urinary Tract,Bladder Urothelial Carcinoma,Bladder Urothelial Carcinoma,BLCA,"",CVCL_0554,82,Adult,Female,caucasian,Primary,urinary_tract,ATCC,"",HTB-4,Cell Line,,"","","","","","","","","",Adherent,MF-023-001,McCoy's 5A + 10% FBS,FALSE,None,"","","","",T24_URINARY_TRACT,"",FALSE,Approved for public sharing - CCLE,"",1455,SIDM01184,724812,""
ACH-000601,1.1516289808,1.10542932617192,CN-NonLow,CN Non-Low,4.4569964409,-0.1494638149,PT-EzM7Ui,MIA PaCa-2,MIAPACA2,PAAD,Pancreas,Pancreatic Adenocarcinoma,Pancreatic Adenocarcinoma,PAAD,"",CVCL_0428,65,Adult,Male,caucasian,Primary,pancreas,ATCC,"",CRL-1420,Cell Line,,"","","","","","","","","",Adherent,MF-002-001,DMEM + 10% FBS,FALSE,None,"","","","",MIAPACA2_PANCREAS,"",FALSE,Approved for public sharing - CCLE,"",1541,SIDM00505,724870,""
ACH-001953,0.7484106533,0.806044073796878,CN-NonLow,CN Non-Low,5.2076821327,,PT-EkT7RC,MA-MEL-27,MAMEL27,MEL,Skin,Melanoma,Melanoma,MEL,"",CVCL_A163,58,Adult,Female,"","",skin,The European Searchable Tumour line Database (ESTDAB),"","",Cell Line,,"","","","","","","","","",Adherent,MF-001-001,RPMI + 10% FBS,FALSE,None,"","","","",MAMEL27_SKIN,"",FALSE,HMB-MDS,"",,"",,""
ACH-001974,0.8743143603,0.906362942330614,CN-NonLow,CN Non-Low,4.9209127426,,PT-6nUzyl,MM537,MM537,MEL,Skin,Melanoma,Melanoma,MEL,"",CVCL_4451,,Unknown,Female,"",Metastatic,lymph_node,CellBank Australia,"",CBA-1356,Cell Line,,"","","","","","","","","",Adherent,MF-001-004,RPMI + 10% FBS + 2mM Glutamine + 25mM HEPES,FALSE,None,"","","","",MM537_SKIN,"",FALSE,HMB-MDS,"",,"",,""
ACH-000796,0.579614664,0.659572665910318,CN-NonLow,CN Non-Low,4.5954322815,-0.2215461812,PT-Tlf0ul,MCAS,MCAS,MOV,Ovary/Fallopian Tube,Ovarian Epithelial Tumor,Mucinous Ovarian Cancer,MOV,"",CVCL_3020,60,Adult,Female,"",Primary,ovary,HSRRB,"",JCRB0240,Cell Line,,"","","","","","","","","",Adherent,"","",,None,"","","","",MCAS_OVARY,"",FALSE,Approved for public sharing - CCLE,"",,SIDM00008,,""
ACH-003308,0.9853177828,0.989369952947756,CN-NonLow,CN Non-Low,4.9906101227,,PT-PbQAxH,THLE-3,THLE3,ZTRA,"",Non-Cancerous,Transformed cell line,"","",CVCL_3804,,Adult,Unknown,"",Primary,liver,ATCC,"",CRL-3583,Cell Line,,"",SV40,"","","","","","","",Adherent,MF-061-001,BEGM,FALSE,None,"","","","","","",FALSE,HMB-MDS,"",,"",,""
ACH-000203,1.0288658594,1.02067348294781,CN-NonLow,CN Non-Low,5.3321313858,-0.6189428018,PT-9PJrBN,NH-6,NH6,NBL,Peripheral Nervous System,Neuroblastoma,Neuroblastoma,NBL,"",CVCL_1606,0,Pediatric,Female,"",Metastatic,autonomic_ganglia,HSRRB,"","",Cell Line,,"","","","","","","","","",Adherent,MF-001-001,RPMI + 10% FBS,FALSE,None,"","","","",NH6_AUTONOMIC_GANGLIA,"",TRUE,Approved for public sharing - CCLE,MYC_Amplified,,"",,""
ACH-000217,0.6645672023,0.735147116478673,CN-NonLow,CN Non-Low,4.6626496315,-0.5656525921,PT-YfFi4d,JHH-6,JHH6,HCC,Liver,Hepatocellular Carcinoma,Hepatocellular Carcinoma,HCC,"",CVCL_2788,57,Adult,Female,asian,Primary,liver,HSRRB,"",JCRB1030,Cell Line,,"","","","","","","","","",Adherent,MF-022-001,William's E medium + 10% FBS,FALSE,None,"","","","",JHH6_LIVER,"",FALSE,Approved for public sharing - CCLE,"",1824,SIDM00615,1240159,""
ACH-001508,0.6842146976,0.752076059674797,CN-NonLow,CN Non-Low,5.3195095062,-0.4335140087,PT-SHOmTE,H314,H314,OCSC,Head and Neck,Head and Neck Squamous Cell Carcinoma,Oral Cavity Squamous Cell Carcinoma,OCSC,"",CVCL_2460,82,Adult,Male,"",Primary,upper_aerodigestive_tract,Sigma-Aldrich,"","",Cell Line,,"","","","","","","","","",Adherent,MF-007-003,DMEM:F12 + 10% FBS + 2mM Glutamine + 500ng/ml Sodium hydrocortisone succinate,FALSE,None,"","","","",H314_UPPER_AERODIGESTIVE_TRACT,"",FALSE,HMB-MDS,"",,"",,""
ACH-000307,0.6338120528,0.708242031164854,CN-NonLow,CN Non-Low,5.0267648697,-1.3593207563,PT-rg0sYD,PK-1,PK1,PAAD,Pancreas,Pancreatic Adenocarcinoma,Pancreatic Adenocarcinoma,PAAD,"",CVCL_4717,,Unknown,Male,"",Metastatic,liver,RIKEN,"",RCB1972,Cell Line,,"","","","","","","","","",Adherent,MF-001-001,RPMI + 10% FBS,FALSE,None,"","","","",PK1_PANCREAS,"",FALSE,Approved for public sharing - CCLE,"",,"",,""
ACH-000776,1.1772094267,1.12248018764997,CN-NonLow,CN Non-Low,4.9221596718,-0.2679820789,PT-DtdDWT,ONS-76,ONS76,MBLNOS,CNS/Brain,Embryonal Tumor,"Medulloblastoma, NOS",MBLNOS,"",CVCL_1624,2,Pediatric,Female,"",Primary,central_nervous_system,HSRRB,"",IFO50355,Cell Line,,"","","","","","","","","",Adherent,MF-001-001,RPMI + 10% FBS,FALSE,None,"","","","",ONS76_CENTRAL_NERVOUS_SYSTEM,"",TRUE,Approved for public sharing - CCLE,MYC_No,67,SIDM00567,909248,""
ACH-000662,1.0328407304,1.02349718691743,CN-NonLow,CN Non-Low,5.1615610123,-0.1881077479,PT-S1tr6I,COR-L23,CORL23,LCLC,Lung,Non-Small Cell Lung Cancer,Large Cell Lung Carcinoma,LCLC,"",CVCL_1139,62,Adult,Male,caucasian,Metastatic,pleural_effusion,ECACC,"",92031919,Cell Line,,"","","","","","","","","",Adherent,MF-001-003,RPMI + 10% FBS + 2mM Glutamine,FALSE,None,"","","","",CORL23_LUNG,"",FALSE,Approved for public sharing - CCLE,"",1313,SIDM00512,687780,""
ACH-000075,0.949807004,0.963331330050954,CN-NonLow,CN Non-Low,4.7642507553,-1.5497481371,PT-59c3mE,U-87 MG,U87MG,GB,CNS/Brain,Adult-Type Diffuse Glioma,"Glioblastoma, IDH-Wildtype",GB,"",CVCL_0022,44,Adult,Male,caucasian,Primary,central_nervous_system,ATCC,"",HTB-14,Cell Line,,"","","","","","","","","",Adherent,MF-006-001,MEM + 10% FBS,FALSE,None,"","","","",U87MG_CENTRAL_NERVOUS_SYSTEM,"",FALSE,Approved for public sharing - CCLE,"",549,SIDM01189,687590,""
ACH-000901,0.4401966283,0.526265794520051,CN-Low,Shallow CN Loss,3.7451512814,-0.6831972298,PT-gBcBSy,HCC-1359,HCC1359,GCLC,Lung,Non-Small Cell Lung Cancer,Giant Cell Carcinoma of the Lung,GCLC,"",CVCL_5128,55,Adult,Female,black_or_african_american,Primary,lung,KCLB,"",71359,Cell Line,,"","","","","","","","","",Adherent,MF-001-001,RPMI + 10% FBS,FALSE,None,"","","","",HCC1359_LUNG,"",FALSE,Approved for public sharing - CCLE,"",,"",,""
ACH-002062,0.9151112199,0.937428178959028,CN-NonLow,CN Non-Low,5.0050811768,-0.3985609169,PT-2hETfh,SLVL,SLVL,SMZL,Lymphoid,Mature B-Cell Neoplasms,Splenic Marginal Zone Lymphoma,SMZL,"",CVCL_3169,70,Adult,Female,"",Primary,haematopoietic_and_lymphoid_tissue,RIKEN,"",RCB1702,Cell Line,,"","","","","","","","","",Suspension,MF-001-001,RPMI + 10% FBS,FALSE,None,"","","","",SLVL_HAEMATOPOIETIC_AND_LYMPHOID_TISSUE,"",FALSE,HMB-MDS,"",,SIDM00374,,""
ACH-000632,1.1581442852,1.1097913210743,CN-NonLow,CN Non-Low,5.2316551208,-0.2260516921,PT-CeiJLF,Hs 944.T,HS944T,SKCM,Skin,Melanoma,Cutaneous Melanoma,SKCM,"",CVCL_1040,51,Adult,Male,caucasian,Metastatic,skin,ATCC,"",Discontinued,Cell Line,,"","","","","","","","","",Adherent,MF-002-001,DMEM + 10% FBS,FALSE,None,"","","","",HS944T_SKIN,"",FALSE,Approved for public sharing - CCLE,"",,SIDM00063,,""
ACH-000077,1.0738332633,1.05229990578079,CN-NonLow,CN Non-Low,4.7812023163,-0.2290953767,PT-brIUSU,MJ,MJ,MTNN,Lymphoid,Non-Hodgkin Lymphoma,Mature T and NK Neoplasms,MTNN,"",CVCL_1414,50,Adult,Male,caucasian,"",haematopoietic_and_lymphoid_tissue,ATCC,"",CRL-8294,Cell Line,,"","","","","","","","","",Suspension,MF-005-001,IMDM + 10% FBS,FALSE,None,"","","","",MJ_HAEMATOPOIETIC_AND_LYMPHOID_TISSUE,"",FALSE,Approved for public sharing - CCLE,"",,"",,""
ACH-000709,1.0845104843,1.05970862837541,CN-NonLow,CN Non-Low,4.8912391663,-0.4689793285,PT-TF1Jzt,KMRC-2,KMRC2,CCRCC,Kidney,Renal Cell Carcinoma,Renal Clear Cell Carcinoma,CCRCC,"",CVCL_2984,,Adult,Male,asian,Primary,kidney,HSRRB,"","",Cell Line,,"","","","","","","","","",Adherent,MF-004-001,F12 + 10% FBS,FALSE,None,"","","","",KMRC2_KIDNEY,"",FALSE,Approved for public sharing - CCLE,"",,"",,""
ACH-000552,0.6513337999,0.723631775481199,CN-NonLow,CN Non-Low,4.9024691582,-0.2521977844,PT-sF39aT,HT-29,HT29,COAD,Bowel,Colorectal Adenocarcinoma,Colon Adenocarcinoma,COAD,"",CVCL_0320,44,Adult,Female,caucasian,Primary,large_intestine,ATCC,"",HTB-38,Cell Line,,"","","","","","","","","",Adherent,MF-023-001,McCoy's 5A + 10% FBS,FALSE,None,"","","","",HT29_LARGE_INTESTINE,"",FALSE,Approved for public sharing - CCLE,"",1212,SIDM00136,905939,"ACH-002519, ACH-002520"
ACH-002291,0.7514593661,0.808557517968102,CN-NonLow,CN Non-Low,3.7111203671,-0.5888662738,PT-4gdieL,NTERA-2 cl.D1,NTERA2CLD1,EMBCA,Testis,Non-Seminomatous Germ Cell Tumor,Embryonal Carcinoma,EMBCA,"",CVCL_3407,22,Adult,Male,"",Metastatic,lung,ATCC,"",CRL-1973,Cell Line,,"","","","","","","","","",Adherent,MF-002-001,DMEM + 10% FBS,FALSE,None,"","","","",NTERA2CLD1_TESTIS,"",FALSE,HMB-MDS,"",229,SIDM01203,908454,""
ACH-000678,1.0315287275,1.02256576561687,CN-NonLow,CN Non-Low,5.4664149284,,PT-YUTQOS,MKN7,MKN7,TSTAD,Esophagus/Stomach,Esophagogastric Adenocarcinoma,Tubular Stomach Adenocarcinoma,TSTAD,"",CVCL_1417,39,Adult,Male,asian,Metastatic,lymph_node,RIKEN,"",RCB0999,Cell Line,,"","","","","","","","","",Adherent,MF-001-001,RPMI + 10% FBS,FALSE,None,"","","","",MKN7_STOMACH,"",FALSE,Approved for public sharing - CCLE,"",2113,SIDM00560,924250,""
ACH-000362,1.1097540702,1.07707483666643,CN-NonLow,CN Non-Low,4.8429536819,-0.1620705245,PT-H3wdRq,MOLM-13,MOLM13,AML,Myeloid,Acute Myeloid Leukemia,Acute Myeloid Leukemia,AML,"KMT2A::MLLT3, FLT3 ITD",CVCL_2119,20,Adult,Male,"",Primary,haematopoietic_and_lymphoid_tissue,DSMZ,"",ACC 554,Cell Line,,"","","","","","","","","",Suspension,MF-001-020,RPMI + 20% FBS,FALSE,None,"","","","",MOLM13_HAEMATOPOIETIC_AND_LYMPHOID_TISSUE,"",TRUE,Approved for public sharing - CCLE,KMT2A::MLLT3; FLT3-ITD,747,SIDM00437,1330947,""
ACH-003189,1.1077466777,1.07570148519755,CN-NonLow,CN Non-Low,5.2506279945,-0.2225797967,PT-eY3uqu,NRH-LS3,NRHLS3,DDLS,Soft Tissue,Liposarcoma,Dedifferentiated Liposarcoma,DDLS,"","",56,Adult,Female,"",Primary,abdomen,"Oslo University Hospital, The Norwegian Radium Hospital",Ola Myklebost,"",Cell Line,,"","",Pre-treatment,"","","","","","",Mixed,MF-001-014,RPMI + 5% FBS,FALSE,None,"","","","",NRH-LS3,"",FALSE,"","",,"",,""
ACH-000500,0.3618139655,0.44552963331921,CN-Low,Shallow CN Loss,3.9547638893,-1.3223803142,PT-7wjU8J,SNU-46,SNU46,LXSC,Head and Neck,Head and Neck Squamous Cell Carcinoma,Larynx Squamous Cell Carcinoma,LXSC,"",CVCL_5063,65,Adult,Male,asian,"",upper_aerodigestive_tract,KCLB,"",46,Cell Line,,"","","","","","","","","",Adherent,MF-001-005,RPMI + 10% FBS + 2mM Glutamine + 25mM HEPES + 25mM Sodium bicarbonate,FALSE,None,"","","","",SNU46_UPPER_AERODIGESTIVE_TRACT,"",FALSE,Approved for public sharing - CCLE,"",,"",,""
ACH-000659,1.0521807786,1.03715782495176,CN-NonLow,CN Non-Low,4.4744033813,,PT-hfsFIb,SCLC-21H,SCLC21H,SCLC,Lung,Lung Neuroendocrine Tumor,Small Cell Lung Cancer,SCLC,"",CVCL_0024,46,Adult,Male,caucasian,Metastatic,pleural_effusion,DSMZ,"",ACC 372,Cell Line,,"","","","","","","","","",Suspension,"","",,None,"","","","",SCLC21H_LUNG,"",FALSE,Approved for public sharing - CCLE,"",,SIDM00029,,""
ACH-003590,1.1153441994,1.08089243136652,CN-NonLow,CN Non-Low,5.0948696136,-0.246275029,PT-JkwieL,YCUB-2,YCUB2,BALL,Lymphoid,B-Cell Acute Lymphoblastic Leukemia,B-Cell Acute Lymphoblastic Leukemia,"",TCF3::HLF,CVCL_A082,4,Pediatric,Male,"",Recurrent,B lymphoblastoid cells,DSMZ,"",ACC 961,Cell Line,,"","","","","","","","","",Suspension,MF-001-003,RPMI + 10% FBS + 2mM Glutamine,FALSE,None,"","","","","","",TRUE,HMB-MDS,TCF3::HLF,,"",,ACH-003533
ACH-000729,2.1299654075,1.64614671252403,CN-NonLow,CN Non-Low,6.5017371178,,PT-LzHDTV,NCI-H1963,NCIH1963,SCLC,Lung,Lung Neuroendocrine Tumor,Small Cell Lung Cancer,SCLC,"",CVCL_1510,56,Adult,Male,black_or_african_american,Primary,lung,ATCC,"",CRL-5982,Cell Line,,"","","","","","","","","",Suspension,MF-001-020,RPMI + 20% FBS,FALSE,None,"","","","",NCIH1963_LUNG,"",FALSE,Approved for public sharing - CCLE,"",1570,SIDM00760,688010,""
ACH-000039,1.1056371523,1.07425684962182,CN-NonLow,CN Non-Low,5.5087327957,-0.3883429678,PT-wGDMGe,SK-N-MC,SKNMC,ES,Bone,Ewing Sarcoma,Ewing Sarcoma,ES,"",CVCL_0530,14,Pediatric,Female,caucasian,Metastatic,bone,ATCC,"",HTB-10,Cell Line,,"","","","","","","","","",Adherent,MF-006-001,MEM + 10% FBS,FALSE,None,"","","","",SKNMC_BONE,"",TRUE,Approved for public sharing - CCLE,EWS::FLI,,SIDM00634,,""
ACH-001054,0.9262631344,0.945804793920667,CN-NonLow,CN Non-Low,3.3824431896,-0.4477410135,PT-HMzBz8,D458,D458,MBLG3,CNS/Brain,Embryonal Tumor,"Medulloblastoma, Group 3",MBLG3,"",CVCL_1161,6,Pediatric,Male,"",Primary,central_nervous_system,Ohio State University,Yoon-Jae Cho,"",Cell Line,,"","","","","","","","","",Mixed,MF-007-021,DMEM:F12 + 15% FBS,FALSE,None,"","","","",D458_CENTRAL_NERVOUS_SYSTEM,"",TRUE,HMB-MDS,MYC_Amplified,,"",,""
ACH-000674,0.9345232096,0.951978037736392,CN-NonLow,CN Non-Low,5.3227248192,,PT-1QXwef,NUGC-4,NUGC4,DSTAD,Esophagus/Stomach,Esophagogastric Adenocarcinoma,Diffuse Type Stomach Adenocarcinoma,DSTAD,"",CVCL_3082,35,Adult,Female,asian,Metastatic,lymph_node,RIKEN,"",RCB1939,Cell Line,,"","","","","","","","","",Mixed,MF-001-001,RPMI + 10% FBS,FALSE,None,"","","","",NUGC4_STOMACH,"",FALSE,Approved for public sharing - CCLE,"",941,SIDM00570,1298357,""
ACH-000399,1.2125565232,1.14571431155664,CN-NonLow,CN Non-Low,6.0413308144,,PT-FplxWn,NCI-H2196,NCIH2196,SCLC,Lung,Lung Neuroendocrine Tumor,Small Cell Lung Cancer,SCLC,"",CVCL_1539,67,Adult,Male,caucasian,Metastatic,bone_marrow,ATCC,"",CRL-5932,Cell Line,,"","","","","","","","","",Adherent,MF-007-010,DMEM:F12 + 5% FBS + 2mM Glutamine + 5ug/ml Insulin + 10ug/ml Transferrin + 30nM Selenium + 10nM Hydrocortisone + 10nM beta-Estradiol,FALSE,None,"","","","",NCIH2196_LUNG,"",FALSE,Approved for public sharing - CCLE,"",916,SIDM00731,908481,ACH-003162
ACH-000244,1.0487422867,1.03473851773933,CN-NonLow,CN Non-Low,5.1459054947,-0.2693006235,PT-9fPvh2,DK-MG,DKMG,GB,CNS/Brain,Adult-Type Diffuse Glioma,"Glioblastoma, IDH-Wildtype",GB,"",CVCL_1173,67,Adult,Female,"",Primary,central_nervous_system,DSMZ,"",ACC 277,Cell Line,,"","","","","","","","","",Adherent,MF-001-003,RPMI + 10% FBS + 2mM Glutamine,FALSE,None,"","","","",DKMG_CENTRAL_NERVOUS_SYSTEM,"",FALSE,Approved for public sharing - CCLE,"",1386,SIDM00947,906839,""
ACH-000207,0.7736666549,0.826734893228744,CN-NonLow,CN Non-Low,4.5577468872,-0.4334584453,PT-5QKbtV,Detroit 562,DETROIT562,OPHSC,Head and Neck,Head and Neck Squamous Cell Carcinoma,Oropharynx Squamous Cell Carcinoma,OPHSC,"",CVCL_1171,,Unknown,Female,caucasian,Metastatic,pleural_effusion,ATCC,"",CCL-138,Cell Line,,"","","","","","","","","",Adherent,MF-015-001,EMEM + 10% FBS,FALSE,None,"","","","",DETROIT562_UPPER_AERODIGESTIVE_TRACT,"",FALSE,Approved for public sharing - CCLE,"",2075,SIDM00831,906837,""
ACH-000319,0.9890157493,0.992054699674448,CN-NonLow,CN Non-Low,5.1217947006,-0.4017790946,PT-5z2CJx,MPP 89,MPP89,PLEMESO,Pleura,Pleural Mesothelioma,"Pleural Mesothelioma, Epithelioid Type",PLEMESO,"",CVCL_1427,67,Adult,Male,"","",pleural_effusion,ICLC,"",HTL00012,Cell Line,,"","","","","","","","","",Adherent,MF-002-001,DMEM + 10% FBS,FALSE,None,"","","","",MPP89_PLEURA,"",FALSE,Approved for public sharing - CCLE,"",2255,SIDM00222,908150,""
ACH-002654,0.4898425488,0.575159870238998,CN-Low,Shallow CN Loss,5.0259990692,-0.1935733263,PT-anuBoi,JVE-015,JVE015,COAD,Bowel,Colorectal Adenocarcinoma,Colon Adenocarcinoma,COAD,"",CVCL_EG16,66,Adult,Female,"",Primary,Colon,DSMZ,"",ACC-786,Cell Line,,"","","","","","","","","",Adherent,MF-001-001,RPMI + 10% FBS,FALSE,None,"","","","",JVE015_COLON,"",FALSE,HMB-MDS,"",,"",,""
ACH-001274,0.9529822181,0.965678813548444,CN-NonLow,CN Non-Low,5.4877018929,-0.2825221269,PT-IfpyhV,SW982,SW982,SYNS,Soft Tissue,Synovial Sarcoma,Synovial Sarcoma,SYNS,"",CVCL_1734,25,Adult,Female,"","",soft_tissue,The Broad Institute,Cigall Kadoch,HTB-93,Cell Line,,"","","","","","","","","",Adherent,MF-021-001,L-15 + 10% FBS,FALSE,None,"","","","",SW982_SOFT_TISSUE,"",TRUE,HMB-MDS,"",1560,SIDM01161,909759,""
ACH-000085,0.3766796502,0.461192887115447,CN-Low,Shallow CN Loss,4.2365078926,-0.2851995078,PT-FnO2p8,T3M-4,T3M4,PAAD,Pancreas,Pancreatic Adenocarcinoma,Pancreatic Adenocarcinoma,PAAD,"",CVCL_4056,64,Adult,Male,asian,Primary,lymph_node,RIKEN,"",RCB1021,Cell Line,,"","","","","","","","","",Adherent,MF-004-001,F12 + 10% FBS,FALSE,None,"","","","",T3M4_PANCREAS,"",FALSE,Approved for public sharing - CCLE,"",,"",,""
ACH-002036,1.7812697373,1.4757436690981,CN-NonLow,CN Non-Low,,,PT-vgY5xp,WA-hT,WAHT,SCLC,Lung,Lung Neuroendocrine Tumor,Small Cell Lung Cancer,SCLC,"",CVCL_8766,56,Adult,Male,"",Primary,lung,RIKEN,"",RCB2279,Cell Line,,"","","","","","","","","",Adherent,MF-006-001,MEM + 10% FBS,FALSE,None,"","","","",WAHT_LUNG,"",FALSE,HMB-MDS,"",,"",,""
ACH-000514,1.3945039298,1.2597268032909,CN-NonLow,CN Non-Low,5.5027632713,-0.4953675175,PT-Jj10yy,NCI-H1092,NCIH1092,SCLC,Lung,Lung Neuroendocrine Tumor,Small Cell Lung Cancer,SCLC,"",CVCL_1454,67,Adult,Male,caucasian,Metastatic,bone_marrow,ATCC,"",CRL-5855,Cell Line,,"","","","","","","","","",Suspension,MF-007-025,DMEM:F12 + 5% FBS + 2mM Glutamine + 5ug/ml Insulin + 0.01mg/ml Transferrin + 30nM Selenium + 10mM HEPES + 10nM Hydrocortisone + 10nM beta-Estradiol,FALSE,None,"","","","",NCIH1092_LUNG,"",FALSE,Approved for public sharing - CCLE,"",1928,SIDM00653,687997,""
ACH-000673,1.1916891827,1.1320432150995,CN-NonLow,CN Non-Low,5.6705799103,-0.258647743,PT-6DJ7vB,LN-443,LN443,GB,CNS/Brain,Adult-Type Diffuse Glioma,"Glioblastoma, IDH-Wildtype",GB,"",CVCL_3960,,Unknown,Female,"",Primary,central_nervous_system,Academic lab,Linda Chin,"",Cell Line,,"","","","","","","","","",Adherent,MF-002-001,DMEM + 10% FBS,FALSE,None,"","","",This line is an LN-444 derivative (ICLAC). DepMap metadata has been updated (as of 22Q2) to reflect this.,LN443_CENTRAL_NERVOUS_SYSTEM,"",FALSE,Approved for public sharing - CCLE,"",,"",,ACH-001297
ACH-001099,1.0341824301,1.02444906916515,CN-NonLow,CN Non-Low,4.9442586899,-0.537968422,PT-FynJTm,KD,KD,ERT,Soft Tissue,Rhabdoid Cancer,Extrarenal Rhabdoid Cancer,"","",CVCL_U757,0,Pediatric,Female,"","",soft_tissue,St. Jude Children's Research Hospital,Charles Roberts,"",Cell Line,,"","","","","","","","","",Adherent,MF-001-001,RPMI + 10% FBS,FALSE,None,"","","","",KD_SOFT_TISSUE,"",TRUE,Approved for public sharing - CCLE,"",,"",,""
ACH-000127,1.1150574171,1.08069682847102,CN-NonLow,CN Non-Low,5.6418843269,-0.356569868,PT-Mi0cKz,SLR 20,SLR20,BLCA,Bladder/Urinary Tract,Bladder Urothelial Carcinoma,Bladder Urothelial Carcinoma,BLCA,"",CVCL_V606,81,Adult,Female,caucasian,Primary,urinary_tract,Dana-Farber Cancer Institute,Bill Kaelin,"",Cell Line,,"","","","","","","","","",Adherent,MF-001-001,RPMI + 10% FBS,FALSE,None,"","","",SNP fingerprinting confirms that this line is an T-24 derivative. DepMap metadata has been updated (as of 22Q2) to reflect this.,SLR20_KIDNEY,"",FALSE,Approved for public sharing - CCLE,"",,"",,""
ACH-002458,0.7985291618,0.846817551879833,CN-NonLow,CN Non-Low,4.9101281166,-0.3857356464,PT-czDcsE,HT-144_DAB_R,HT144DABR,MEL,Skin,Melanoma,Melanoma,MEL,"",CVCL_A1VJ,29,Adult,Male,caucasian,Metastatic,skin,The Broad Institute,Francisca Vazquez,"",Cell Line,,"","","","","","","","","",Adherent,MF-001-001,RPMI + 10% FBS,FALSE,None,drug adapted,"",Dabrafenib,"",HT144_SKIN_FV1_RESISTANT,"",FALSE,Approved for public sharing - CCLE,"",,"",,""
ACH-000958,1.0228232782,1.01637028588675,CN-NonLow,CN Non-Low,5.4995942116,0.0130621754,PT-EB6qeM,SW48,SW48,COAD,Bowel,Colorectal Adenocarcinoma,Colon Adenocarcinoma,COAD,"",CVCL_1724,83,Adult,Female,caucasian,Primary,Colon,ATCC,"",CCL-231,Cell Line,,"","","","","","","","","",Mixed,MF-001-001,RPMI + 10% FBS,FALSE,None,"","","","",SW48_LARGE_INTESTINE,"",FALSE,Approved for public sharing - CCLE,MSI,1,SIDM00837,909751,""
ACH-000713,0.6589198985,0.730244226964814,CN-NonLow,CN Non-Low,5.0659213066,-0.644303223,PT-FQOeFS,Caov-3,CAOV3,HGSOC,Ovary/Fallopian Tube,Ovarian Epithelial Tumor,High-Grade Serous Ovarian Cancer,HGSOC,"",CVCL_0201,54,Adult,Female,caucasian,Primary,ovary,ATCC,"",HTB-75,Cell Line,,"","","","","","","","","",Adherent,MF-002-001,DMEM + 10% FBS,FALSE,None,"","","","",CAOV3_OVARY,"",FALSE,Approved for public sharing - CCLE,"",320,SIDM00919,906825,""
ACH-000799,1.0575118283,1.04090072448928,CN-NonLow,CN Non-Low,5.1691474915,-0.412691332,PT-mZ69Vl,Hs 695T,HS695T,MEL,Skin,Melanoma,Melanoma,MEL,"",CVCL_0851,26,Adult,Male,caucasian,Metastatic,lymph_node,ATCC,"",HTB-137,Cell Line,,"","","","","","","","","",Adherent,MF-006-001,MEM + 10% FBS,FALSE,None,"","","","",HS695T_SKIN,"",FALSE,Approved for public sharing - CCLE,"",,"",,""
ACH-001164,1.063685609,1.04522320095288,CN-NonLow,CN Non-Low,4.0744538307,-0.0512409547,PT-VJQa5v,CCLF_PEDS_0003_T,CCLFPEDS0003T,MFH,Soft Tissue,Undifferentiated Pleomorphic Sarcoma/Malignant Fibrous Histiocytoma/High-Grade Spindle Cell Sarcoma,Undifferentiated Pleomorphic Sarcoma/Malignant Fibrous Histiocytoma/High-Grade Spindle Cell Sarcoma,MFH,"",CVCL_B3PL,,Pediatric,Male,"","",soft_tissue,CCLF,"","",Cell Line,,"","","","","","","","","",Adherent,"","",,None,"","","","",CCLFPEDS0003T_SOFT_TISSUE,HCM-BROD-0035-C49,TRUE,In Progress,"",,"",,ACH-002428
ACH-002040,0.7661304672,0.820591921372581,CN-NonLow,CN Non-Low,4.0208220482,-0.3557751819,PT-YbtlK5,HMV-II,HMVII,VMM,Vulva/Vagina,Mucosal Melanoma of the Vulva/Vagina,Mucosal Melanoma of the Vulva/Vagina,VMM,"",CVCL_1282,65,Adult,Female,"",Primary,skin,RIKEN,"","",Cell Line,,"","","","","","","","","",Adherent,MF-004-001,F12 + 10% FBS,FALSE,None,"","","","",HMVII_SKIN,"",FALSE,HMB-MDS,"",,SIDM00291,,""
ACH-000331,1.02176208,1.01561323156346,CN-NonLow,CN Non-Low,5.2123942375,-0.1272069947,PT-ThvuiE,IST-MES2,ISTMES2,PLEMESO,Pleura,Pleural Mesothelioma,"Pleural Mesothelioma, Epithelioid Type",PLEMESO,"",CVCL_1312,71,Adult,Male,caucasian,"",pleural_effusion,ICLC,"",HTL01007,Cell Line,,"","","","","","","","","",Adherent,MF-002-012,DMEM + 10% FBS + 2mM Glutamine + 100uM NEAA,FALSE,None,"","","","",ISTMES2_PLEURA,"",FALSE,Approved for public sharing - CCLE,"",,"",,""
ACH-000435,0.9172646839,0.939049518952027,CN-NonLow,CN Non-Low,4.5244145393,-0.1927405061,PT-HWnYva,EFE-184,EFE184,UCEC,Uterus,Endometrial Carcinoma,Endometrial Carcinoma,UCEC,"",CVCL_1191,69,Adult,Female,caucasian,Metastatic,ascites,DSMZ,"",ACC 230,Cell Line,,"","","","","","","","","",Adherent,MF-001-001,RPMI + 10% FBS,FALSE,None,"","","","",EFE184_ENDOMETRIUM,"",FALSE,Approved for public sharing - CCLE,"",,"",,""
ACH-001075,1.0393791328,1.02813000594032,CN-NonLow,CN Non-Low,5.3278632164,-0.2574171475,PT-nKyqod,NCI-H292,NCIH292,LUMEC,Lung,Non-Small Cell Lung Cancer,Mucoepidermoid Carcinoma of the Lung,LUMEC,"",CVCL_0455,32,Adult,Female,black_or_african_american,Metastatic,lymph_node,ATCC,"",CRL-1848,Cell Line,,"","","","","","","","","",Adherent,MF-001-001,RPMI + 10% FBS,FALSE,None,"","","","",NCIH292_LUNG,"",FALSE,Approved for public sharing - CCLE,"",935,SIDM00493,753604,ACH-000474
ACH-000142,0.7924303272,0.841917041629223,CN-NonLow,CN Non-Low,5.394071579,-1.719074536,PT-Er9zxL,CAL-29,CAL29,BLCA,Bladder/Urinary Tract,Bladder Urothelial Carcinoma,Bladder Urothelial Carcinoma,BLCA,"",CVCL_1808,80,Adult,Female,"",Primary,urinary_tract,DSMZ,"",515,Cell Line,,"","","","","","","","","",Adherent,MF-002-001,DMEM + 10% FBS,FALSE,None,"","","","",CAL29_URINARY_TRACT,"",FALSE,Approved for public sharing - CCLE,"",2040,SIDM00936,1290730,""
ACH-000843,0.4113675788,0.497093774646219,CN-Low,Shallow CN Loss,4.263507843,-0.6871775762,PT-gQzNzd,HARA,HARA,LUSC,Lung,Non-Small Cell Lung Cancer,Lung Squamous Cell Carcinoma,LUSC,"",CVCL_2914,57,Adult,Male,asian,Metastatic,pleural_effusion,HSRRB,"",JCRB1080.0,Cell Line,,"","","","","","","","","",Adherent,MF-001-001,RPMI + 10% FBS,FALSE,None,"","","","",HARA_LUNG,"",FALSE,Approved for public sharing - CCLE,"",350,SIDM00598,1240142,""
ACH-001196,0.37794023,0.462513310572876,CN-Low,Shallow CN Loss,3.5730593204,-2.0115309692,PT-9a1vbV,SMS-CTR,SMSCTR,ERMS,Soft Tissue,Rhabdomyosarcoma,Embryonal Rhabdomyosarcoma,ERMS,"",CVCL_A770,1,Pediatric,Male,"","",soft_tissue,University of Texas Southwestern,"","",Cell Line,,"","","","","","","","","",Adherent,MF-002-001,DMEM + 10% FBS,FALSE,None,"","","","",SMSCTR_SOFT_TISSUE,"",TRUE,HMB-MDS,"",,"",,""
ACH-000551,0.6620949355,0.733002788283622,CN-NonLow,CN Non-Low,3.4850919247,-0.4307926926,PT-y8u0p3,K-562,K562,CMLBCRABL1,Myeloid,Myeloproliferative Neoplasms,"Chronic Myeloid Leukemia, BCR-ABL1+",CMLBCRABL1,"BCR-ABL1 (e14-a2),NUP214-XKR3",CVCL_0004,53,Adult,Female,"",Metastatic,pleural_effusion,ATCC,"",CCL-243,Cell Line,,"","","","","","","","","",Suspension,MF-005-001,IMDM + 10% FBS,FALSE,None,"","","","",K562_HAEMATOPOIETIC_AND_LYMPHOID_TISSUE,"",TRUE,Approved for public sharing - CCLE,"",2098,SIDM00791,905940,""
ACH-000975,0.8426777862,0.881803820891698,CN-NonLow,CN Non-Low,4.5783228874,-0.3945726096,PT-gNoIDb,HCC2450,HCC2450,LUSC,Lung,Non-Small Cell Lung Cancer,Lung Squamous Cell Carcinoma,LUSC,"",CVCL_5133,52,Adult,Male,"",Primary,lung,University of Texas Southwestern,"","",Cell Line,,"","","","","","","","","",Adherent,MF-001-001,RPMI + 10% FBS,FALSE,None,"","","","",HCC2450_LUNG,"",FALSE,Approved for public sharing - CCLE,"",,"",,""
ACH-001533,2.0548883374,1.61111964746678,CN-NonLow,CN Non-Low,4.3331518173,-0.2563042176,PT-04HLfu,KARPAS 1718,KARPAS1718,SMZL,Lymphoid,Mature B-Cell Neoplasms,Splenic Marginal Zone Lymphoma,SMZL,"",CVCL_2539,,Unknown,Male,"",Primary,haematopoietic_and_lymphoid_tissue,Sigma-Aldrich,"",8072401,Cell Line,,"","","","","","","","","",Adherent,MF-001-003,RPMI + 10% FBS + 2mM Glutamine,FALSE,None,"","","","",KARPAS1718_HAEMATOPOIETIC_AND_LYMPHOID_TISSUE,"",FALSE,HMB-MDS,"",,"",,""
ACH-000971,1.015012926,1.01078909345115,CN-NonLow,CN Non-Low,5.3927845955,-0.1790104065,PT-2Roqq2,HCT 116,HCT116,COAD,Bowel,Colorectal Adenocarcinoma,Colon Adenocarcinoma,COAD,"",CVCL_0291,48,Adult,Male,"",Primary,large_intestine,ATCC,"",CCL-247,Cell Line,,"","","","","","","","","",Adherent,MF-023-001,McCoy's 5A + 10% FBS,FALSE,None,"","","","",HCT116_LARGE_INTESTINE,"",FALSE,Approved for public sharing - CCLE,MSI,1920,SIDM00783,905936,""
ACH-002004,0.7292179604,0.790119725874241,CN-NonLow,CN Non-Low,4.730694294,-0.6143021626,PT-Zu8A8i,UACC-62_DAB_TRAM_R,UACC62DABTRAMR,MEL,Skin,Melanoma,Melanoma,MEL,"",CVCL_A1VN,,Unknown,Unknown,"",Primary,skin,The Broad Institute,Levi Garraway,"",Cell Line,,"","","","","","","","","",Adherent,MF-001-001,RPMI + 10% FBS,FALSE,None,drug adapted,"",Dabrafenib and Trametinib,"",UACC62_SKIN_CJ1_RESISTANT,"",FALSE,Approved for public sharing - CCLE,"",,"",,""
ACH-000257,1.2285103396,1.1560796546257,CN-NonLow,CN Non-Low,5.6097784042,-0.1494309649,PT-7LsK3v,COR-L279,CORL279,SCLC,Lung,Lung Neuroendocrine Tumor,Small Cell Lung Cancer,SCLC,"",CVCL_1140,63,Adult,Male,"",Metastatic,lymph_node,ECACC,"",96020724,Cell Line,,"","","","","","","","","",Mixed,MF-001-003,RPMI + 10% FBS + 2mM Glutamine,FALSE,None,"","","","",CORL279_LUNG,"",FALSE,Approved for public sharing - CCLE,"",1768,SIDM00511,910937,""
ACH-000595,1.105237946,1.07398330412946,CN-NonLow,CN Non-Low,5.5279555321,-0.4340704966,PT-jhnjmL,LN-229,LN229,GB,CNS/Brain,Adult-Type Diffuse Glioma,"Glioblastoma, IDH-Wildtype",GB,"",CVCL_0393,60,Adult,Female,caucasian,Primary,central_nervous_system,ATCC,"",CRL-2611,Cell Line,,"","","","","","","","","",Adherent,MF-002-008,DMEM + 5% FBS,FALSE,None,"","","","",LN229_CENTRAL_NERVOUS_SYSTEM,"",FALSE,Approved for public sharing - CCLE,"",1504,SIDM00684,1240169,""
ACH-000820,0.7202272048,0.782599126317182,CN-NonLow,CN Non-Low,4.9298901558,-0.7772948269,PT-EteVig,SW403,SW403,COAD,Bowel,Colorectal Adenocarcinoma,Colon Adenocarcinoma,COAD,"",CVCL_0545,51,Adult,Female,caucasian,Primary,Colon,ATCC,"","",Cell Line,,"","","","","","","","","",Adherent,MF-021-001,L-15 + 10% FBS,FALSE,None,"","","","",SW403_LARGE_INTESTINE,"",FALSE,Approved for public sharing - CCLE,"",,SIDM00836,,""
ACH-002500,1.0244006688,1.01749485608162,CN-NonLow,CN Non-Low,5.1876411438,-0.4295439627,PT-GjFsxJ,Z-138,Z138,MCL,Lymphoid,Mature B-Cell Neoplasms,Mantle Cell Lymphoma,MCL,"",CVCL_B077,70,Adult,Male,"","",bone_marrow,ATCC,"",CRL-3001,Cell Line,,"","","","","","","","","",Suspension,MF-005-001,IMDM + 10% FBS,FALSE,None,"","","","",Z138_HAEMATOPOIETIC_AND_LYMPHOID_TISSUE,"",FALSE,HMB-MDS,"",,"",,""
ACH-000191,0.9157876408,0.937937651604279,CN-NonLow,CN Non-Low,4.8447170258,-0.2896567689,PT-Lc6cyf,BHT-101,BHT101,THAP,Thyroid,Anaplastic Thyroid Cancer,Anaplastic Thyroid Cancer,THAP,"",CVCL_1085,63,Adult,Female,"",Metastatic,lymph_node,DSMZ,"",279,Cell Line,,"","","","","","","","","",Adherent,MF-002-009,DMEM + 20% FBS,FALSE,None,"","","","",BHT101_THYROID,"",FALSE,Approved for public sharing - CCLE,"",672,SIDM00987,906696,""
ACH-000581,1.1829187631,1.1262584417105,CN-NonLow,CN Non-Low,5.5019168854,-0.3241152448,PT-NDi54R,SNU-16,SNU16,STAD,Esophagus/Stomach,Esophagogastric Adenocarcinoma,Stomach Adenocarcinoma,STAD,"",CVCL_0076,33,Adult,Female,asian,Metastatic,ascites,ATCC,"",CRL-5974,Cell Line,,"","","","","","","","","",Suspension,MF-001-001,RPMI + 10% FBS,FALSE,None,"","","","",SNU16_STOMACH,"",FALSE,Approved for public sharing - CCLE,"",291,SIDM01145,908446,""
ACH-000097,1.3529617003,1.23447783767358,CN-NonLow,CN Non-Low,5.5301675797,-0.1812984694,PT-k1TO7o,ZR-75-1,ZR751,IDC,Breast,Invasive Breast Carcinoma,Breast Invasive Ductal Carcinoma,IDC,"",CVCL_0588,63,Adult,Female,caucasian,Metastatic,ascites,ATCC,"","",Cell Line,,"","","","","","","","","",Adherent,MF-001-001,RPMI + 10% FBS,FALSE,None,"","","","",ZR751_BREAST,"",FALSE,Approved for public sharing - CCLE,"luminal ER, PR+",,SIDM00314,,""
ACH-000982,1.0422338378,1.03014806568675,CN-NonLow,CN Non-Low,5.562669754,,PT-sGJOXH,GP2d,GP2D,COAD,Bowel,Colorectal Adenocarcinoma,Colon Adenocarcinoma,COAD,"",CVCL_2450,71,Adult,Female,"",Primary,Colon,ECACC,"",95090714-1VL,Cell Line,,"","","","","","","","","",Adherent,MF-015-003,EMEM + 10% FBS + 2mM Glutamine,FALSE,None,"","","","",GP2D_LARGE_INTESTINE,"",FALSE,Approved for public sharing - CCLE,MSI,,SIDM00536,,""
ACH-002512,0.6252712116,0.700680483053179,CN-NonLow,CN Non-Low,4.690557003,-0.3178276004,PT-YwNqCa,MM160113,MM160113,ACRM,Skin,Melanoma,Acral Melanoma,ACRM,"",CVCL_B4KU,86,Adult,Male,"",Metastatic,skin,QIMR Berghofer,Nicholas Hayward,"",Cell Line,,"","","","","","","","","",Adherent,MF-001-001,RPMI + 10% FBS,FALSE,None,"","","","",MM160113_SKIN,"",FALSE,In Progress,"",,"",,""
ACH-003305,0.9787436856,0.984584746563037,CN-NonLow,CN Non-Low,5.4377536774,,PT-230PFm,HBEC3-KT,HBEC3KT,ZTRA,"",Non-Cancerous,Transformed cell line,"","",CVCL_X491,65,Adult,Female,"",Primary,lung,ATCC,"","",Cell Line,,"",hTERT + mCDK4 + SV40,"","","","","","","",Adherent,MF-061-001,BEGM,FALSE,None,"","","","","","",FALSE,"","",,"",,""
ACH-000068,1.1752298949,1.12116788404409,CN-NonLow,CN Non-Low,4.4145750999,,PT-WEet0z,REC-1,REC1,MCL,Lymphoid,Mature B-Cell Neoplasms,Mantle Cell Lymphoma,MCL,"",CVCL_1884,61,Adult,Male,"","",lymph_node,DSMZ,"","",Cell Line,,"","","","","","","","","",Suspension,MF-001-001,RPMI + 10% FBS,FALSE,None,"","","","",REC1_HAEMATOPOIETIC_AND_LYMPHOID_TISSUE,"",FALSE,Approved for public sharing - CCLE,"",,SIDM01773,,""
ACH-000196,1.3188330989,1.21339898382412,CN-NonLow,CN Non-Low,5.4311447144,,PT-ZerhVq,HCC1599,HCC1599,IDC,Breast,Invasive Breast Carcinoma,Breast Invasive Ductal Carcinoma,IDC,"",CVCL_1256,44,Adult,Female,caucasian,Primary,breast,ATCC,"","",Cell Line,,"","","","","","","","","",Suspension,MF-001-001,RPMI + 10% FBS,FALSE,None,"","","","",HCC1599_BREAST,"",FALSE,Approved for public sharing - CCLE,basal_A TNBC,1264,SIDM00877,749713,""
ACH-000475,0.364360886,0.44822530094442,CN-Low,Shallow CN Loss,3.2679476738,-0.4057920693,PT-fHVhJI,huH-1,HUH1,HCC,Liver,Hepatocellular Carcinoma,Hepatocellular Carcinoma,HCC,"",CVCL_2956,53,Adult,Male,asian,Primary,liver,HSRRB,"",JCRB0199,Cell Line,,"","","","","","","","","",Adherent,MF-002-001,DMEM + 10% FBS,FALSE,None,"","","","",HUH1_LIVER,"",FALSE,Approved for public sharing - CCLE,"",1855,SIDM00586,1298146,""
ACH-000582,0.6248331926,0.700291616872681,CN-NonLow,CN Non-Low,4.1997351646,,PT-l2xN1V,COLO 741,COLO741,MEL,Skin,Melanoma,Melanoma,MEL,"",CVCL_1133,69,Adult,Female,"",Metastatic,skin,ECACC,"",93052621,Cell Line,,"","","","","","","","","",Adherent,MF-001-001,RPMI + 10% FBS,FALSE,None,"","","","",COLO741_SKIN,"",FALSE,Approved for public sharing - CCLE,"",,"",,""
ACH-001765,1.2335874559,1.15936274433137,CN-NonLow,CN Non-Low,4.907866478,-0.3264026579,PT-BN67ox,Rh4,RH4,ARMS,Soft Tissue,Rhabdomyosarcoma,Alveolar Rhabdomyosarcoma,ARMS,"",CVCL_5916,7,Pediatric,Female,"",Metastatic,liver,The Research Institute at Nationwide Children's Hospital,Peter Houghton,"",Cell Line,,"","","","","","","","","",Adherent,MF-002-001,DMEM + 10% FBS,FALSE,None,"","","","",RH4_SOFT_TISSUE,"",TRUE,HMB-MDS,"",,"",,""
ACH-001622,0.8149209358,0.859906700830525,CN-NonLow,CN Non-Low,4.015791893,-1.0204864193,PT-D5Ft7E,Onda 7,ONDA7,GB,CNS/Brain,Adult-Type Diffuse Glioma,"Glioblastoma, IDH-Wildtype",GB,"",CVCL_4W67,51,Adult,Male,"",Primary,central_nervous_system,JCRB,"",JCRB1575,Cell Line,,"","","","","","","","","",Adherent,MF-002-001,DMEM + 10% FBS,FALSE,None,"","","","",ONDA7_CENTRAL_NERVOUS_SYSTEM,"",FALSE,HMB-MDS,"",,"",,""
ACH-000712,1.7734799254,1.47169728319513,CN-NonLow,CN Non-Low,6.4539370537,,PT-0H6Zc0,HCC-1833,HCC1833,LUAD,Lung,Non-Small Cell Lung Cancer,Lung Adenocarcinoma,LUAD,"",CVCL_5129,69,Adult,Female,caucasian,Primary,lung,KCLB,"","",Cell Line,,"","","","","","","","","",Adherent,MF-001-005,RPMI + 10% FBS + 2mM Glutamine + 25mM HEPES + 25mM Sodium bicarbonate,FALSE,None,"","","","",HCC1833_LUNG,"",FALSE,Approved for public sharing - CCLE,"",,"",,""
ACH-000912,1.0879241685,1.06206931549225,CN-NonLow,CN Non-Low,5.4596085548,-0.1337961996,PT-wNpw5y,NCI-H2286,NCIH2286,SCLC,Lung,Lung Neuroendocrine Tumor,Small Cell Lung Cancer,SCLC,"",CVCL_1545,57,Adult,Female,caucasian,Primary,lung,ATCC,"",CRL-5938,Cell Line,,"","","","","","","","","",Adherent,MF-001-014,RPMI + 5% FBS,FALSE,None,"","","","",NCIH2286_LUNG,"",FALSE,Approved for public sharing - CCLE,"",,SIDM00017,,""
ACH-000251,0.9451000704,0.959844380073162,CN-NonLow,CN Non-Low,4.7411489487,-0.8874308749,PT-l5gD1h,NCI-H2887,NCIH2887,NSCLC,Lung,Non-Small Cell Lung Cancer,Non-Small Cell Lung Cancer,NSCLC,"",CVCL_5159,31,Adult,Male,"",Primary,lung,Academic lab,"","",Cell Line,,"","","","","","","","","",Adherent,MF-001-001,RPMI + 10% FBS,FALSE,None,"","","","",NCIH2887_LUNG,"",FALSE,Approved for public sharing - CCLE,"",,"",,""
ACH-002886,0.9966502292,0.997581625323326,CN-NonLow,CN Non-Low,5.321542263,,PT-MF3WjU,VACO 432,VACO432,COAD,Bowel,Colorectal Adenocarcinoma,Colon Adenocarcinoma,COAD,"",CVCL_5402,72,Adult,Male,"","",Unknown,Horizon Discovery,"","",Cell Line,,"","","","","","","","","",Adherent,MF-001-011,RPMI + 10% FBS + 2mM L-glutamine + 25mM sodium bicarbonate,FALSE,None,"","","","","","",FALSE,HMB-MDS,"",,"",,""
ACH-000316,1.0178191213,1.01279685606016,CN-NonLow,CN Non-Low,5.3036165237,-0.4769372957,PT-f7BtKr,SNU-886,SNU886,HCC,Liver,Hepatocellular Carcinoma,Hepatocellular Carcinoma,HCC,"",CVCL_5103,57,Adult,Male,asian,Primary,liver,KCLB,"",886,Cell Line,,"","","","","","","","","",Adherent,MF-001-001,RPMI + 10% FBS,FALSE,None,"","","","",SNU886_LIVER,"",FALSE,Approved for public sharing - CCLE,"",,"",,""
ACH-002703,0.9736025151,0.980831459279243,CN-NonLow,CN Non-Low,5.0047035217,,PT-8JGf11,OANC1,OANC1,ESCA,Esophagus/Stomach,Esophagogastric Adenocarcinoma,Esophageal Adenocarcinoma,ESCA,"",CVCL_W891,44,Adult,Male,"",Primary,oesophagus,Peter MacCallum Cancer Centre,Nicholas Clemons,"",Cell Line,,"","","","","","","","","",Adherent,MF-002-001,DMEM + 10% FBS,FALSE,None,"","","","",OANC1_OESOPHAGUS,"",FALSE,"","",,"",,""
ACH-000345,1.0749130764,1.05305089941215,CN-NonLow,CN Non-Low,4.9892477989,-0.0086341923,PT-LZIxuV,KP-N-RT-BM-1,KPNRTBM1,NBL,Peripheral Nervous System,Neuroblastoma,Neuroblastoma,NBL,"",CVCL_1339,1,Pediatric,Female,"",Metastatic,bone_marrow,HSRRB,"","",Cell Line,,"","","","","","","","","",Mixed,MF-001-001,RPMI + 10% FBS,FALSE,None,"","","","",KPNRTBM1_AUTONOMIC_GANGLIA,"",TRUE,Approved for public sharing - CCLE,MYC_Amplified,852,SIDM00557,924189,""
ACH-000634,0.9543714562,0.966704698159362,CN-NonLow,CN Non-Low,5.0934333801,-1.3031565131,PT-FYoibe,LN-340,LN340,GB,CNS/Brain,Adult-Type Diffuse Glioma,"Glioblastoma, IDH-Wildtype",GB,"",CVCL_3955,57,Adult,Male,"",Primary,central_nervous_system,Academic lab,Linda Chin,"",Cell Line,,"","","","","","","","","",Adherent,MF-002-001,DMEM + 10% FBS,FALSE,None,"","","","",LN340_CENTRAL_NERVOUS_SYSTEM,"",FALSE,Approved for public sharing - CCLE,"",,"",,""
ACH-000655,0.8495000868,0.887135368169898,CN-NonLow,CN Non-Low,4.4293951988,-0.6010641409,PT-ZQKvHU,SF268,SF268,ASTR,CNS/Brain,Adult-Type Diffuse Glioma,"Astrocytoma, IDH-Mutant",ASTR,"",CVCL_1689,24,Adult,Male,"",Primary,central_nervous_system,The Broad Institute,Levi Garraway,"",Cell Line,,"","","","","","","","","",Adherent,MF-001-014,RPMI + 5% FBS,FALSE,None,"","","",Cell line thought to be female but has Y chromosome expression.,SF268_CENTRAL_NERVOUS_SYSTEM,"",FALSE,Approved for public sharing - CCLE,"",1490,SIDM00085,905986,""
ACH-000783,0.8456983096,0.884166755143002,CN-NonLow,CN Non-Low,4.8881440163,-0.1203513008,PT-dK1tBm,CAMA-1,CAMA1,ILC,Breast,Invasive Breast Carcinoma,Breast Invasive Lobular Carcinoma,ILC,"",CVCL_1115,51,Adult,Female,caucasian,Metastatic,pleural_effusion,ATCC,"","",Cell Line,,"","","","","","","","","",Adherent,MF-006-001,MEM + 10% FBS,FALSE,None,"","","","",CAMA1_BREAST,"",FALSE,Approved for public sharing - CCLE,"luminal ER+, PR+, HER2+",363,SIDM00920,946382,""
ACH-000152,1.0351074964,1.02510500108969,CN-NonLow,CN Non-Low,5.0214395523,-0.3317410114,PT-DK2CQc,M059K,M059K,GB,CNS/Brain,Adult-Type Diffuse Glioma,"Glioblastoma, IDH-Wildtype",GB,"",CVCL_0401,33,Adult,Male,"",Primary,central_nervous_system,ATCC,"",CRL-2365,Cell Line,,"","","","","","","","","",Adherent,MF-007-001,DMEM:F12 + 10% FBS,FALSE,None,"","","","",M059K_CENTRAL_NERVOUS_SYSTEM,"",FALSE,Approved for public sharing - CCLE,"",,SIDM00639,,""
ACH-000888,0.6288178167,0.703825247422706,CN-NonLow,CN Non-Low,4.1524834633,-1.1609261191,PT-JWHrxe,NCI-H1793,NCIH1793,LUAD,Lung,Non-Small Cell Lung Cancer,Lung Adenocarcinoma,LUAD,"",CVCL_1496,52,Adult,Female,"",Primary,lung,ATCC,"",CRL-5896,Cell Line,,"","","","","","","","","",Adherent,MF-007-010,DMEM:F12 + 5% FBS + 2mM Glutamine + 5ug/ml Insulin + 10ug/ml Transferrin + 30nM Selenium + 10nM Hydrocortisone + 10nM beta-Estradiol,FALSE,None,"","","","",NCIH1793_LUNG,"",FALSE,Approved for public sharing - CCLE,"",934,SIDM00755,908463,""
ACH-000769,0.872307682,0.904817536855383,CN-NonLow,CN Non-Low,4.7212634087,-0.3942230243,PT-U2PG43,LK-2,LK2,LUSC,Lung,Non-Small Cell Lung Cancer,Lung Squamous Cell Carcinoma,LUSC,"",CVCL_1377,74,Adult,Male,"",Primary,lung,RIKEN,"",RCB1970,Cell Line,,"","","","","","","","","",Adherent,MF-002-001,DMEM + 10% FBS,FALSE,None,"","","","",LK2_LUNG,"",FALSE,Approved for public sharing - CCLE,"",45,SIDM00548,687787,""
ACH-003186,1.2082709419,1.14291719320067,CN-NonLow,CN Non-Low,2.7108118534,-0.5222069575,PT-DbN4gj,NRH-UPS3,NRHUPS3,MFH,Soft Tissue,Undifferentiated Pleomorphic Sarcoma/Malignant Fibrous Histiocytoma/High-Grade Spindle Cell Sarcoma,Undifferentiated Pleomorphic Sarcoma/Malignant Fibrous Histiocytoma/High-Grade Spindle Cell Sarcoma,MFH,"","",46,Adult,Female,"",Primary,soft_tissue,"Oslo University Hospital, The Norwegian Radium Hospital",Ola Myklebost,"",Cell Line,,"","",Pre-treatment,"","","","","","",Mixed,MF-001-014,RPMI + 5% FBS,FALSE,None,"","","","",NRH-UPS3,"",FALSE,"","",,"",,""
ACH-002042,0.6324559912,0.707044099193864,CN-NonLow,CN Non-Low,5.2594985962,-0.5209153887,PT-vhf9cn,T3M-5,T3M5,HNSC,Head and Neck,Head and Neck Squamous Cell Carcinoma,Head and Neck Squamous Cell Carcinoma,HNSC,"",CVCL_8064,71,Adult,Female,"",Primary,thyroid,RIKEN,"",RCB1012,Cell Line,,"","","","","","","","","",Adherent,MF-004-001,F12 + 10% FBS,FALSE,None,"","","","",T3M5_THYROID,"",FALSE,HMB-MDS,"",,"",,""
ACH-001132,1.040837755,1.02916149380578,CN-NonLow,CN Non-Low,5.3679232597,,PT-amL0ty,MTA,MTA,NKCLL,Lymphoid,T-Lymphoblastic Leukemia/Lymphoma,Natural Killer (NK) Cell Lymphoblastic Leukemia/Lymphoma (NKCLL),NKCLL,"",CVCL_3032,58,Adult,Female,"","",haematopoietic_and_lymphoid_tissue,Academic lab,"","",Cell Line,,"","","","","","","","","",Suspension,MF-001-001,RPMI + 10% FBS,FALSE,None,"","","","",MTA_HAEMATOPOIETIC_AND_LYMPHOID_TISSUE,"",FALSE,HMB-MDS,"",,SIDM01868,,""
ACH-000012,0.7278307955,0.788961942938079,CN-NonLow,CN Non-Low,5.0229716301,-0.3145560862,PT-NdspH5,HCC-827,HCC827,LUAD,Lung,Non-Small Cell Lung Cancer,Lung Adenocarcinoma,LUAD,"",CVCL_2063,39,Adult,Female,caucasian,Primary,lung,ATCC,"",CRL-2868,Cell Line,,"","","","","","","","","",Adherent,MF-001-001,RPMI + 10% FBS,FALSE,None,"","","","",HCC827_LUNG,"",FALSE,Approved for public sharing - CCLE,"",354,SIDM01067,1240146,""
ACH-002178,0.7087442349,0.772936470357913,CN-NonLow,CN Non-Low,5.3912453651,,PT-8IZOGw,NY,NY,OS,Bone,Osteosarcoma,Osteosarcoma,OS,"",CVCL_1613,15,Pediatric,Male,"",Primary,bone,JCRB,"",JCRB0614,Cell Line,,"","","","","","","","","",Adherent,MF-015-001,EMEM + 10% FBS,FALSE,None,"","","","",NY_BONE,"",TRUE,HMB-MDS,"",478,SIDM00569,910849,""
ACH-001591,1.7368690654,1.45252641635556,CN-NonLow,CN Non-Low,6.4917683601,,PT-5DnFBw,NCI-H1417,NCIH1417,SCLC,Lung,Lung Neuroendocrine Tumor,Small Cell Lung Cancer,SCLC,"",CVCL_1469,61,Adult,Female,"",Primary,lung,ATCC,"",CRL-5869,Cell Line,,"","","","","",E,"","","",Adherent,MF-001-001,RPMI + 10% FBS,FALSE,None,"","","","",NCIH1417_LUNG,"",FALSE,HMB-MDS,"",423,SIDM00642,688001,""
ACH-000325,0.6967741468,0.762794544269896,CN-NonLow,CN Non-Low,5.0243992805,-0.5926198923,PT-Du1wuZ,SNU-620,SNU620,STAD,Esophagus/Stomach,Esophagogastric Adenocarcinoma,Stomach Adenocarcinoma,STAD,"",CVCL_5079,59,Adult,Female,asian,Metastatic,ascites,KCLB,"","",Cell Line,,"","","","","","","","","",Suspension,MF-001-005,RPMI + 10% FBS + 2mM Glutamine + 25mM HEPES + 25mM Sodium bicarbonate,FALSE,None,"","","","",SNU620_STOMACH,"",FALSE,Approved for public sharing - CCLE,"",,"",,""
ACH-000746,1.6274418551,1.39365883791264,CN-NonLow,CN Non-Low,5.7362613678,-0.3607005489,PT-dpLnUY,GSS,GSS,STAD,Esophagus/Stomach,Esophagogastric Adenocarcinoma,Stomach Adenocarcinoma,STAD,"",CVCL_8876,75,Adult,Male,"",Metastatic,liver,RIKEN,"",RCB2277,Cell Line,,"","","","","","","","","",Suspension,MF-001-001,RPMI + 10% FBS,FALSE,None,"","","","",GSS_STOMACH,"",FALSE,Approved for public sharing - CCLE,"",,"",,""
ACH-001130,1.001284283,1.00092611704032,CN-NonLow,CN Non-Low,,,PT-A1W1kN,MOTN-1,MOTN1,TLGL,Lymphoid,Mature T and NK Neoplasms,T-Cell Large Granular Lymphocytic Leukemia,TLGL,"",CVCL_2127,65,Adult,Female,"","",haematopoietic_and_lymphoid_tissue,DSMZ,"",559,Cell Line,,"","","","","","","","","",Suspension,MF-001-051,RPMI + 10% FBS + 5ng/ml IL-2,FALSE,None,"","","","",MOTN1_HAEMATOPOIETIC_AND_LYMPHOID_TISSUE,"",FALSE,Approved for public sharing - CCLE,"",,SIDM01884,,""
ACH-000291,0.5782611162,0.658335912501272,CN-NonLow,CN Non-Low,3.8212306499,-0.3225770358,PT-MtLxSF,OV-90,OV90,SOC,Ovary/Fallopian Tube,Ovarian Epithelial Tumor,Serous Ovarian Cancer,SOC,"",CVCL_3768,64,Adult,Female,caucasian,Metastatic,ascites,ATCC,"",CRL-11732,Cell Line,,"","","","","","","","","",Adherent,MF-044-001,MCDB 105:Medium 199 (1:1) + 15% FBS + 1.5g/l Sodium bicarbonate,FALSE,None,"","","","",OV90_OVARY,"",FALSE,Approved for public sharing - CCLE,"",1327,SIDM01141,1240197,""
ACH-002695,0.8950132837,0.922207961462829,CN-NonLow,CN Non-Low,4.9160895348,,PT-QHZXgr,STS26T,STS26T,MPNST,Peripheral Nervous System,Nerve Sheath Tumor,Malignant Peripheral Nerve Sheath Tumor,MPNST,"",CVCL_8917,51,Adult,Female,"",Unknown,Unknown,Cincinnati Children's Hospital,Nancy Ratner,"",Cell Line,,"","","","","","","","","",Adherent,MF-001-014,RPMI + 5% FBS,FALSE,None,"","","","",STS26T_SOFT_TISSUE,"",FALSE,"","",,"",,""
ACH-000770,1.1486442135,1.10342661170293,CN-NonLow,CN Non-Low,5.5358695984,-0.2063754306,PT-7N6azV,P31/FUJ,P31FUJ,AML,Myeloid,Acute Myeloid Leukemia,Acute Myeloid Leukemia,AML,"KMT2A, NRAS, PTEN, RAD21, and TP53 mutations",CVCL_1632,7,Pediatric,Male,asian,"",haematopoietic_and_lymphoid_tissue,HSRRB,"","",Cell Line,,"","","","","","","","","",Suspension,MF-001-001,RPMI + 10% FBS,FALSE,None,"","","","",P31FUJ_HAEMATOPOIETIC_AND_LYMPHOID_TISSUE,"",TRUE,Approved for public sharing - CCLE,"",642,SIDM00363,909253,""
ACH-000836,0.6778269952,0.746593963671273,CN-NonLow,CN Non-Low,4.7805776596,-0.3174175229,PT-ZS5SNw,YD-15,YD15,OCSC,Head and Neck,Head and Neck Squamous Cell Carcinoma,Oral Cavity Squamous Cell Carcinoma,OCSC,"",CVCL_8930,39,Adult,Male,asian,"",salivary_gland,KCLB,"",60504,Cell Line,,"","","","","","","","","",Adherent,MF-001-001,RPMI + 10% FBS,FALSE,None,"","","","",YD15_SALIVARY_GLAND,"",FALSE,Approved for public sharing - CCLE,"",,"",,""
ACH-000959,1.1851987419,1.12776449753572,CN-NonLow,CN Non-Low,5.6434521675,-0.2339109074,PT-ulmNPq,SNU-C4,SNUC4,COAD,Bowel,Colorectal Adenocarcinoma,Colon Adenocarcinoma,COAD,"",CVCL_5111,35,Adult,Male,asian,Primary,large_intestine,KCLB,"",0000C4,Cell Line,,"","","","","","","","","",Adherent,MF-001-005,RPMI + 10% FBS + 2mM Glutamine + 25mM HEPES + 25mM Sodium bicarbonate,FALSE,None,"","","","",SNUC4_LARGE_INTESTINE,"",FALSE,Approved for public sharing - CCLE,MSI,,SIDM00500,,""
ACH-002025,0.683862886,0.751774667061418,CN-NonLow,CN Non-Low,5.4572200775,-0.9868737285,PT-mIVrGc,TT1TKB,TT1TKB,READ,Bowel,Colorectal Adenocarcinoma,Rectal Adenocarcinoma,READ,"",CVCL_8764,,Unknown,Male,"",Primary,large_intestine,RIKEN,"",RCB1185,Cell Line,,"","","","","","","","","",Adherent,MF-002-001,DMEM + 10% FBS,FALSE,None,"","","","",TT1TKB_LARGE_INTESTINE,"",FALSE,HMB-MDS,"",,"",,""
ACH-001318,0.7574187285,0.813457973678422,CN-NonLow,CN Non-Low,4.29144907,-0.5573233417,PT-E7izN5,PLC/PRF/5,PLCPRF5,HCC,Liver,Hepatocellular Carcinoma,Hepatocellular Carcinoma,HCC,"",CVCL_0485,24,Adult,Male,"",Primary,liver,ATCC,"",CRL-8024,Cell Line,,"","","","","","","","","",Adherent,MF-002-001,DMEM + 10% FBS,FALSE,None,"","","","",PLCPRF5_LIVER,"",FALSE,Approved for public sharing - CCLE,"",,"",,""
ACH-002027,1.0659574124,1.04681051482611,CN-NonLow,CN Non-Low,5.0779733658,-0.0071268787,PT-vIwQtl,HOUA-I,HOUAI,UCEC,Uterus,Endometrial Carcinoma,Endometrial Carcinoma,UCEC,"",CVCL_3867,55,Adult,Female,"",Primary,endometrium,RIKEN,"",RCB0659,Cell Line,,"","","","","","","","","",Adherent,MF-004-002,F12 + 15% FBS,FALSE,None,"","","","",HOUAI_ENDOMETRIUM,"",FALSE,HMB-MDS,"",,"",,""
ACH-002927,1.1425830238,1.09935110898368,CN-NonLow,CN Non-Low,4.3070788383,,PT-Gr2vIj,UPMD2,UPMD2,UM,Eye,Ocular Melanoma,Uveal Melanoma,UM,"",CVCL_C298,,Unknown,Female,"",Primary,eye,QIMR Berghofer,"","",Cell Line,,"","","","","","","","","",Adherent,MF-001-001,RPMI + 10% FBS,FALSE,None,"","","","","","",FALSE,HMB-MDS,"",,"",,""
ACH-000363,5.275727321,2.64978266887909,CN-NonLow,CN Non-Low,7.0564751625,-0.1061900748,PT-35DpVF,SK-MM-2,SKMM2,PCM,Lymphoid,Mature B-Cell Neoplasms,Plasma Cell Myeloma,PCM,"",CVCL_1699,54,Adult,Male,"",Primary,haematopoietic_and_lymphoid_tissue,DSMZ,"",ACC 430,Cell Line,,"","","","","","","","","",Suspension,MF-001-001,RPMI + 10% FBS,FALSE,None,"","","","",SKMM2_HAEMATOPOIETIC_AND_LYMPHOID_TISSUE,"",FALSE,Approved for public sharing - CCLE,"",1003,SIDM00391,753612,""
ACH-000541,1.4030690395,1.26487809728737,CN-NonLow,CN Non-Low,4.8961844444,-0.0211998818,PT-K9dsbf,KMS-34,KMS34,PCM,Lymphoid,Mature B-Cell Neoplasms,Plasma Cell Myeloma,PCM,"",CVCL_2996,60,Adult,Female,asian,Primary,pleural_effusion,HSRRB,"",JCRB1195,Cell Line,,"","","","","","","","","",Suspension,MF-001-001,RPMI + 10% FBS,FALSE,None,"","","","",KMS34_HAEMATOPOIETIC_AND_LYMPHOID_TISSUE,"",FALSE,Approved for public sharing - CCLE,"",,"",,""
ACH-001715,0.7522582871,0.809215447344167,CN-NonLow,CN Non-Low,5.1602506638,-1.2256698881,PT-fcGStb,CAL-72,CAL72,OS,Bone,Osteosarcoma,Osteosarcoma,OS,"",CVCL_1113,10,Pediatric,Male,"",Primary,bone,DSMZ,"",ACC 439,Cell Line,,"","","","","","","","","",Adherent,MF-002-005,DMEM + 10% FBS + 2mM Glutamine + 1X Insulin-Transferrin-Selenium,FALSE,None,"","","","",CAL72_BONE,"",TRUE,HMB-MDS,"",550,SIDM00930,906827,""
ACH-001656,1.1057881374,1.07436029462684,CN-NonLow,CN Non-Low,5.1988282204,-0.0793031511,PT-YKJPHt,SKNO-1,SKNO1,AML,Myeloid,Acute Myeloid Leukemia,Acute Myeloid Leukemia,AML,RUNX1-RUNX1T1,CVCL_2196,22,Adult,Male,"",Metastatic,bone_marrow,DSMZ,"","",Cell Line,,"","","","","","","","","",Suspension,MF-001-008,RPMI + 10% FBS + 10ng/ml of human recombinant GM-CSF,FALSE,None,"","","","",SKNO1_HAEMATOPOIETIC_AND_LYMPHOID_TISSUE,"",TRUE,Approved for public sharing - CCLE,"RUNX1::RUNX1T1, TP53, MYC and KIT",,"",,""
ACH-000915,0.7000515173,0.765578465555382,CN-NonLow,CN Non-Low,4.8270926476,-0.1714994122,PT-Jc7cdo,IPC-298,IPC298,SKCM,Skin,Melanoma,Cutaneous Melanoma,SKCM,"",CVCL_1307,64,Adult,Female,"",Primary,skin,DSMZ,"",ACC 251,Cell Line,,"","","","","","","","","",Adherent,MF-001-001,RPMI + 10% FBS,FALSE,None,"","","","",IPC298_SKIN,"",FALSE,Approved for public sharing - CCLE,"",77,SIDM01059,907171,""
ACH-000270,0.7308665948,0.791494534388407,CN-NonLow,CN Non-Low,4.4122190475,,PT-htpobI,HPAC,HPAC,PAAD,Pancreas,Pancreatic Adenocarcinoma,Pancreatic Adenocarcinoma,PAAD,"",CVCL_3517,64,Adult,Female,caucasian,Primary,pancreas,ATCC,"",CRL-2119,Cell Line,,"","","","","","","","","",Adherent,MF-007-028,DMEM:F12 + 5% FBS + 2.5 mM Glutamine + 1.2 g/L Sodium Bicarbonate + 15 mM HEPES + 0.5 mM Sodium Pyruvate + 0.002 mg/ml Insulin + 0.005 mg/ml Transferrin + 40 ng/ml Hydrocortisone + 10 ng/ml Epidermal Growth Factor,FALSE,None,"","","","",HPAC_PANCREAS,"",FALSE,Approved for public sharing - CCLE,"",744,SIDM00670,1298136,""
ACH-003227,0.9799730638,0.985480803544028,CN-NonLow,CN Non-Low,4.5229096413,,PT-RlnJiH,U-CH17M,UCH17M,CHDM,Bone,Chordoma,Chordoma,CHDM,"",CVCL_VR43,38,Adult,Male,caucasian,Metastatic,soft_tissue,ATCC,"",CRL-3402,Cell Line,,"","",Pre-treatment,"","",2b,"","","",Adherent,MF-012-003,IMDM:RPMI (4:1) + 10% FBS + 2mM Glutamine,FALSE,None,"","","","","","",FALSE,HMB-MDS,"",,"",,""
ACH-000521,1.0429188461,1.03063189489125,CN-NonLow,CN Non-Low,4.7914180756,-0.1662918424,PT-hEuGfg,NCI-H2030,NCIH2030,LUAD,Lung,Non-Small Cell Lung Cancer,Lung Adenocarcinoma,LUAD,"",CVCL_1517,,Unknown,Male,"",Metastatic,lymph_node,ATCC,"",CRL-5914,Cell Line,,"","","","","","","","","",Adherent,MF-001-001,RPMI + 10% FBS,FALSE,None,"","","","",NCIH2030_LUNG,"",FALSE,Approved for public sharing - CCLE,"",912,SIDM00715,722045,""
ACH-000760,1.3208549084,1.21465633333525,CN-NonLow,CN Non-Low,5.4092583656,-0.1988366474,PT-zboiLS,LNZ308,LNZ308,GB,CNS/Brain,Adult-Type Diffuse Glioma,"Glioblastoma, IDH-Wildtype",GB,"",CVCL_0394,60,Adult,Male,"",Primary,central_nervous_system,Academic lab,Linda Chin,"",Cell Line,,"","","","","","","","","",Adherent,MF-002-001,DMEM + 10% FBS,FALSE,None,"","","","",LNZ308_CENTRAL_NERVOUS_SYSTEM,"",FALSE,Approved for public sharing - CCLE,"",,SIDM00682,,""
ACH-000939,1.0624423793,1.04435381377816,CN-NonLow,CN Non-Low,5.1321492195,-0.1981684197,PT-b2KmUs,SK-UT-1,SKUT1,ULMS,Uterus,Uterine Sarcoma/Mesenchymal,Uterine Leiomyosarcoma,ULMS,"",CVCL_0533,75,Adult,Female,caucasian,Primary,endometrium,ATCC,"",HTB-114,Cell Line,,"","","","","","","","","",Adherent,MF-006-001,MEM + 10% FBS,FALSE,None,"","","","",SKUT1_SOFT_TISSUE,"",FALSE,Approved for public sharing - CCLE,"",725,SIDM01113,909732,""
ACH-000834,0.755205931,0.811640305859344,CN-NonLow,CN Non-Low,5.0557508469,-0.5761938464,PT-oxE5Td,UM-UC-1,UMUC1,BLCA,Bladder/Urinary Tract,Bladder Urothelial Carcinoma,Bladder Urothelial Carcinoma,BLCA,"",CVCL_2743,26,Adult,Male,black_or_african_american,Metastatic,lymph_node,ECACC,"",6080301,Cell Line,,"","","","","","","","","",Adherent,MF-006-002,MEM + 10% FBS + 2mM Glutamine + 100uM NEAA,FALSE,None,"","","","",UMUC1_URINARY_TRACT,"",FALSE,Approved for public sharing - CCLE,"",,"",,""
ACH-002690,0.4167805911,0.50261635342806,CN-Low,Shallow CN Loss,3.7401828766,-2.0715273845,PT-6Xf1w4,OS526,OS526,OS,Bone,Osteosarcoma,Osteosarcoma,OS,"","",13,Pediatric,Male,"",Primary,bone,UCSF Helen Diller Family Comprehensive Cancer Center,Alejandro Sweet-Cordero,"",Cell Line,,"","","","","","","","","",Adherent,MF-002-001,DMEM + 10% FBS,FALSE,None,"","","","",PSS112_BONE,"",TRUE,"","",,"",,""
ACH-003106,0.4883339548,0.573698277035213,CN-Low,Shallow CN Loss,3.6611452103,,PT-2ZzFHs,RC,RC,GCB,Lymphoid,Mature B-Cell Neoplasms,Germinal Center B-Cell Type,GCB,"",CVCL_9U45,71,Adult,Female,"","",pleural_effusion,ATCC,"",CRL-3382,Cell Line,,"","","","","","","","","",Suspension,MF-001-017,RPMI + 15% FBS,FALSE,None,"","","","",RC_HAEMATOPOIETIC_AND_LYMPHOID_TISSUE,"",FALSE,HMB-MDS,"",,"",,""
ACH-000365,1.0898888407,1.06342620870055,CN-NonLow,CN Non-Low,3.9962892532,-0.1590374483,PT-I24dRR,SU-DHL-4,SUDHL4,DLBCLNOS,Lymphoid,Mature B-Cell Neoplasms,"Diffuse Large B-Cell Lymphoma, NOS",DLBCLNOS,"",CVCL_0539,38,Adult,Male,"",Metastatic,pleural_effusion,DSMZ,"",CRL-2957,Cell Line,,"","","","","","","","","",Suspension,MF-001-020,RPMI + 20% FBS,FALSE,None,"","","","",SUDHL4_HAEMATOPOIETIC_AND_LYMPHOID_TISSUE,"",FALSE,Approved for public sharing - CCLE,"",1450,SIDM00405,1331035,""
ACH-000030,0.6715352331,0.741173764816477,CN-NonLow,CN Non-Low,4.9426789284,-0.1543448962,PT-nDRyc6,PC-14,PC14,LUAD,Lung,Non-Small Cell Lung Cancer,Lung Adenocarcinoma,LUAD,"",CVCL_1640,45,Adult,Male,asian,Primary,lung,RIKEN,"",RCB4455,Cell Line,,"","","","","","","","","",Adherent,MF-001-001,RPMI + 10% FBS,FALSE,None,"","","","",PC14_LUNG,"",FALSE,Approved for public sharing - CCLE,"",198,SIDM00237,753608,""
ACH-001322,1.0277823627,1.01990281945051,CN-NonLow,CN Non-Low,4.8987064362,-0.3450718609,PT-NzxvhN,CME-1,CME1,SYNS,Soft Tissue,Synovial Sarcoma,Synovial Sarcoma,SYNS,"",CVCL_N586,,Pediatric,Female,"","",soft_tissue,The Broad Institute,Cigall Kadoch,"",Cell Line,,"","","","","","","","","",Adherent,MF-002-017,DMEM + 20% FBS + 1mM Sodium pyruvate,FALSE,None,"","","","",CME1_SOFT_TISSUE,"",TRUE,HMB-MDS,"",,"",,""
ACH-001059,1.021363919,1.01532908266373,CN-NonLow,CN Non-Low,5.1709423065,,PT-uwRFH0,DL,DL,ERT,Soft Tissue,Rhabdoid Cancer,Extrarenal Rhabdoid Cancer,"","",CVCL_U760,1,Pediatric,Male,"","",soft_tissue,St. Jude Children's Research Hospital,Charles Roberts,"",Cell Line,,"","","","","","","","","",Unknown,MF-001-001,RPMI + 10% FBS,FALSE,None,"","","","",DL_SOFT_TISSUE,"",TRUE,HMB-MDS,"",,SIDM01507,,""
ACH-000227,1.0316378424,1.0226432517462,CN-NonLow,CN Non-Low,4.7764778137,-0.3300608535,PT-N9Xbr1,KP-N-YN,KPNYN,NBL,Peripheral Nervous System,Neuroblastoma,Neuroblastoma,NBL,"",CVCL_1341,2,Pediatric,Male,"",Metastatic,lymph_node,HSRRB,"",IFO50431,Cell Line,,"","","","","","","","","",Adherent,MF-001-001,RPMI + 10% FBS,FALSE,None,"","","","",KPNYN_AUTONOMIC_GANGLIA,"",TRUE,Approved for public sharing - CCLE,MYC_Amplified,1977,SIDM00556,907314,""
ACH-001736,1.1802095193,1.12446678542896,CN-NonLow,CN Non-Low,5.7133822441,-0.2195147365,PT-PmkoYV,HB11;19,HB1119,BALL,Lymphoid,B-Cell Acute Lymphoblastic Leukemia,B-Cell Acute Lymphoblastic Leukemia,"",KMT2A::MLLT1,CVCL_8227,,Pediatric,Unknown,"",Primary,haematopoietic_and_lymphoid_tissue,Stanford Medicine,Michael Cleary,"",Cell Line,,"","","","","","","","","",Suspension,MF-001-001,RPMI + 10% FBS,FALSE,None,"","","","",HB1119_HAEMATOPOIETIC_AND_LYMPHOID_TISSUE,"",TRUE,HMB-MDS,ETV6::RUNX1,,"",,""
ACH-002538,0.747268182,0.805101059398124,CN-NonLow,CN Non-Low,5.5305733681,-0.3119602495,PT-WkPESC,SNU-1235,SNU1235,COAD,Bowel,Colorectal Adenocarcinoma,Colon Adenocarcinoma,COAD,"",CVCL_5018,68,Adult,Female,"","",Colon,KCLB,"","",Cell Line,,"","","","","","","","","",Adherent,MF-001-005,RPMI + 10% FBS + 2mM Glutamine + 25mM HEPES + 25mM Sodium bicarbonate,FALSE,None,"","","","",SNU1235_LARGE_INTESTINE,"",FALSE,HMB-MDS,"",,"",,""
ACH-000725,0.6974506288,0.763369613573843,CN-NonLow,CN Non-Low,4.4120292664,-0.338172544,PT-gUhFHU,HCC202,HCC202,DCIS,Breast,Breast Ductal Carcinoma In Situ,Breast Ductal Carcinoma In Situ,DCIS,"",CVCL_2062,82,Adult,Female,caucasian,Primary,breast,ATCC,"","",Cell Line,,"","","","","","","","","",Adherent,MF-001-001,RPMI + 10% FBS,FALSE,None,"","","","",HCC202_BREAST,"",FALSE,Approved for public sharing - CCLE,HER2+,1552,SIDM00870,1290906,""
ACH-002401,0.7063944925,0.77095121440589,CN-NonLow,CN Non-Low,5.5608096123,-0.0977756151,PT-iW8GZP,21MT-2,21MT2,IDC,Breast,Invasive Breast Carcinoma,Breast Invasive Ductal Carcinoma,IDC,"",CVCL_7932,37,Adult,Female,"",Metastatic,pleural_effusion,Dana-Farber Cancer Institute,Kornelia Polyak,"",Cell Line,,"","","","","","","","","",Adherent,MF-007-008,DMEM:F12 + 5% FBS,FALSE,None,"","","","",21MT2_BREAST,"",FALSE,HMB-MDS,HER2+,,"",,""
ACH-002024,0.8086739256,0.854932337023636,CN-NonLow,CN Non-Low,5.5825018883,-0.5902153863,PT-2Stxl0,ECC4,ECC4,READ,Bowel,Colorectal Adenocarcinoma,Rectal Adenocarcinoma,READ,"",CVCL_1190,45,Adult,Male,"",Primary,large_intestine,RIKEN,"",RCB0982,Cell Line,,"","","","","","","","","",Adherent,MF-001-001,RPMI + 10% FBS,FALSE,None,"","","","",ECC4_LARGE_INTESTINE,"",FALSE,HMB-MDS,"",,SIDM00069,,""
ACH-000572,1.2860930262,1.19288411121064,CN-NonLow,CN Non-Low,5.4901914597,,PT-GdtXdl,G-361,G361,MEL,Skin,Melanoma,Melanoma,MEL,"",CVCL_1220,31,Adult,Male,caucasian,Primary,skin,ATCC,"",CRL-1424,Cell Line,,"","","","","","","","","",Adherent,MF-023-001,McCoy's 5A + 10% FBS,FALSE,None,"","","","",G361_SKIN,"",FALSE,Approved for public sharing - CCLE,"",1173,SIDM00857,906865,""
ACH-003410,1.3391216263,1.22596687883351,CN-NonLow,CN Non-Low,4.5782866478,-0.2142021272,PT-Dz7ENW,U-CHCF365,UCHCF365,DDCHDM,Bone,Chordoma,Dedifferentiated Chordoma,DDCHDM,"","",11,Pediatric,Male,unknown,Metastatic,clivus,ATCC,Deposited by Kevin Mellert and Peter Moller,CRL-3518,Cell Line,,"","","","","","","","","",Adherent,MF-012-003,IMDM:RPMI (4:1) + 10% FBS + 2mM Glutamine,FALSE,None,"","","","","","",TRUE,HMB-MDS,"",,"",,""
ACH-000484,0.9826994817,0.987466024457045,CN-NonLow,CN Non-Low,5.5243835449,0.0234995218,PT-BHz6vU,VMRC-RCW,VMRCRCW,RCC,Kidney,Renal Cell Carcinoma,Renal Cell Carcinoma,RCC,"",CVCL_1790,,Unknown,Male,"",Primary,kidney,RIKEN,"",RCB1963,Cell Line,,"","","","","","","","","",Adherent,MF-006-001,MEM + 10% FBS,FALSE,None,"","","","",VMRCRCW_KIDNEY,"",FALSE,Approved for public sharing - CCLE,"",1459,SIDM00318,1240224,""
ACH-002044,0.7560177437,0.812307422674333,CN-NonLow,CN Non-Low,4.8479466438,-0.2177982778,PT-v9ccBc,HSQ-89,HSQ89,SNSC,Head and Neck,Head and Neck Squamous Cell Carcinoma,Sinonasal Squamous Cell Carcinoma,SNSC,"",CVCL_7674,74,Adult,Male,"",Primary,upper_aerodigestive_tract,RIKEN,"",RCB0789,Cell Line,,"","","","","","","","","",Adherent,MF-002-001,DMEM + 10% FBS,FALSE,None,"","","","",HSQ89_UPPER_AERODIGESTIVE_TRACT,"",FALSE,HMB-MDS,"",,"",,""
ACH-003296,1.1098840765,1.07716373502114,CN-NonLow,CN Non-Low,5.0292983055,,PT-qXEet5,T/C28a2,TC28a2,ZTRA,"",Non-Cancerous,Transformed cell line,"","",CVCL_6850,15,Pediatric,Female,"",Primary,cartilage,Sigma-Aldrich,"","",Cell Line,,"",SV40,"","","","","","","",Adherent,"","",,None,"","","","","","",FALSE,"","",,"",,""
ACH-000661,0.8913605399,0.919424402709147,CN-NonLow,CN Non-Low,5.060488224,-0.4826463249,PT-VxRt2m,WM1799,WM1799,MEL,Skin,Melanoma,Melanoma,MEL,"",CVCL_A341,,Unknown,Male,"",Primary,skin,The Wistar Institute,"","",Cell Line,,"","","","","","","","","",Adherent,MF-001-001,RPMI + 10% FBS,FALSE,None,"","","","",WM1799_SKIN,"",FALSE,Approved for public sharing - CCLE,"",,"",,""
ACH-000048,0.9183111705,0.939836759837334,CN-NonLow,CN Non-Low,4.7303195,-0.2473604029,PT-EehOTC,TOV-112D,TOV112D,EOV,Ovary/Fallopian Tube,Ovarian Epithelial Tumor,Endometrioid Ovarian Cancer,EOV,"",CVCL_3612,42,Adult,Female,caucasian,Primary,ovary,ATCC,"",CRL-11731,Cell Line,,"","","","","","","","","",Adherent,MF-044-001,MCDB 105:Medium 199 (1:1) + 15% FBS + 1.5g/l Sodium bicarbonate,FALSE,None,"","","","",TOV112D_OVARY,"",FALSE,Approved for public sharing - CCLE,"",5,SIDM01170,1299070,""
ACH-000188,0.6118305285,0.688700063626683,CN-NonLow,CN Non-Low,3.9532651901,-0.4086767919,PT-Iz4kXj,SCC-25,SCC25,OCSC,Head and Neck,Head and Neck Squamous Cell Carcinoma,Oral Cavity Squamous Cell Carcinoma,OCSC,"",CVCL_1682,70,Adult,Male,"",Primary,upper_aerodigestive_tract,ATCC,"",CRL-1628,Cell Line,,"","","","","","","","","",Adherent,MF-007-026,DMEM:F12 + 5% FBS + 2.5 mM Glutamine + 0.2 g/L sodium bicarbonate + 15 mM HEPES + 0.5 mM sodium pyruvate + 400 ng/ml hydrocortisone,FALSE,None,"","","","",SCC25_UPPER_AERODIGESTIVE_TRACT,"",FALSE,Approved for public sharing - CCLE,"",1419,SIDM01082,910701,ACH-001319
ACH-000929,0.4186829286,0.504552187389642,CN-Low,Shallow CN Loss,3.6249196529,-1.2968150633,PT-29i6JV,NCI-H2110,NCIH2110,NSCLC,Lung,Non-Small Cell Lung Cancer,Non-Small Cell Lung Cancer,NSCLC,"",CVCL_1530,,Unknown,Unknown,"",Metastatic,pleural_effusion,ATCC,"",CRL-5924,Cell Line,,"","","","","","","","","",Adherent,MF-001-001,RPMI + 10% FBS,FALSE,None,"","","","",NCIH2110_LUNG,"",FALSE,Approved for public sharing - CCLE,"",1948,SIDM00703,1298351,""
ACH-000128,0.9725730364,0.980078718388981,CN-NonLow,CN Non-Low,4.7611203194,-0.3561154444,PT-mUWSlp,LN-319,LN319,ASTR,CNS/Brain,Adult-Type Diffuse Glioma,"Astrocytoma, IDH-Mutant",ASTR,"",CVCL_3958,67,Adult,Male,"",Primary,central_nervous_system,Academic lab,Linda Chin,"",Cell Line,,"","","","","","","","","",Adherent,MF-002-001,DMEM + 10% FBS,FALSE,None,"","","","",LN319_CENTRAL_NERVOUS_SYSTEM,"",FALSE,Approved for public sharing - CCLE,"",,"",,""
ACH-000406,1.2771031018,1.18719961474556,CN-NonLow,CN Non-Low,4.9531068802,-0.2327740896,PT-ZwaNYv,U-937,U937,AML,Myeloid,Acute Myeloid Leukemia,Acute Myeloid Leukemia,AML,PICALM-MLLT10,CVCL_0007,37,Adult,Male,caucasian,Metastatic,pleural_effusion,ATCC,"",CRL-1593.2,Cell Line,,"","","","","","","","","",Suspension,MF-001-001,RPMI + 10% FBS,FALSE,None,"","","",SNP fingerprinting rules out contamination. Depmap has correct ATCC stock,U937_HAEMATOPOIETIC_AND_LYMPHOID_TISSUE,"",TRUE,Approved for public sharing - CCLE,"PICALM::MLLT10, TP53, PTPN11, JAK3 and CCND3",,SIDM01195,,""
ACH-001675,0.762121542,0.817313437307828,CN-NonLow,CN Non-Low,5.7891817093,-0.4520065987,PT-6uEn4i,TR146,TR146,OCSC,Head and Neck,Head and Neck Squamous Cell Carcinoma,Oral Cavity Squamous Cell Carcinoma,OCSC,"",CVCL_2736,67,Adult,Female,"",Primary,lymph_node,Sigma-Aldrich,"","",Cell Line,,"","","","","","","","","",Suspension,MF-004-003,F12 + 15% FBS + 2mM Glutamine,FALSE,None,"","","","",TR146_UPPER_AERODIGESTIVE_TRACT,"",FALSE,HMB-MDS,"",,"",,""
ACH-002790,0.934913827,0.952269316174288,CN-NonLow,CN Non-Low,5.3279929161,,PT-MEghLj,NCC-SS2-C1,NCCSS2C1,SYNS,Soft Tissue,Synovial Sarcoma,Synovial Sarcoma,SYNS,"",CVCL_VE84,43,Adult,Female,"",Primary,Unknown,National Cancer Center Research Institute,Tadashi Kondo,"",Cell Line,,Fresh tissue,"","","","","","","","",Adherent,MF-007-006,DMEM:F12 + 10% FBS + GlutaMAX,FALSE,None,"","","","","","",TRUE,"","",,"",,""
ACH-001295,1.4724799605,1.30595882795934,CN-NonLow,CN Non-Low,4.5701956749,-0.1188946793,PT-KinR5m,Y-79,Y79,RBL,Eye,Retinoblastoma,Retinoblastoma,RBL,"",CVCL_1893,2,Pediatric,Female,"",Primary,eye,ATCC,"","",Cell Line,,"","","","","","","","","",Suspension,MF-001-020,RPMI + 20% FBS,FALSE,None,"","","","",Y79_AUTONOMIC_GANGLIA,"",TRUE,HMB-MDS,"",,"",,""
ACH-002710,1.0857673451,1.06057824280991,CN-NonLow,CN Non-Low,5.5595898628,-0.2781136119,PT-nQk25T,MPNST-724,MPNST724,MPNST,Peripheral Nervous System,Nerve Sheath Tumor,Malignant Peripheral Nerve Sheath Tumor,MPNST,"",CVCL_AU20,,Unknown,Unknown,"",Primary,soft_tissue,Cincinnati Children's Hospital,Nancy Ratner,"",Cell Line,,"","","","","","","","","",Adherent,MF-002-001,DMEM + 10% FBS,FALSE,None,"","","","",MPNST724_SOFT_TISSUE,"",FALSE,HMB-MDS,"",,"",,""
ACH-000621,0.563776403,0.645034243243592,CN-NonLow,CN Non-Low,4.1510958672,-1.104582986,PT-ER2PWK,MDA-MB-157,MDAMB157,IDC,Breast,Invasive Breast Carcinoma,Breast Invasive Ductal Carcinoma,IDC,"",CVCL_0618,44,Adult,Female,black_or_african_american,Metastatic,pleural_effusion,ATCC,"","",Cell Line,,"","","","","","","","","",Adherent,MF-001-001,RPMI + 10% FBS,FALSE,None,"","","","",MDAMB157_BREAST,"",FALSE,Approved for public sharing - CCLE,basal_B TNBC,1796,SIDM00529,925338,ACH-001120
ACH-000961,0.9951991028,0.996532721530079,CN-NonLow,CN Non-Low,4.7617535591,-0.3479078469,PT-P06fLR,Ishikawa (Heraklio) 02 ER-,ISHIKAWAHERAKLIO02ER,UCEC,Uterus,Endometrial Carcinoma,Endometrial Carcinoma,UCEC,"",CVCL_6543,39,Adult,Female,"",Primary,endometrium,ECACC,"",99040201,Cell Line,,"","","","","","","","","",Unknown,MF-006-001,MEM + 10% FBS,FALSE,None,"","","","",ISHIKAWAHERAKLIO02ER_ENDOMETRIUM,"",FALSE,Approved for public sharing - CCLE,"",,SIDM00037,,""
ACH-000588,1.6603806223,1.4116326677645,CN-NonLow,CN Non-Low,6.1433873177,-0.253086957,PT-wXGfqR,KMS-26,KMS26,PCM,Lymphoid,Mature B-Cell Neoplasms,Plasma Cell Myeloma,PCM,"",CVCL_2992,50,Adult,Male,asian,Primary,pleural_effusion,HSRRB,"","",Cell Line,,"","","","","","","","","",Suspension,MF-001-001,RPMI + 10% FBS,FALSE,None,"","","","",KMS26_HAEMATOPOIETIC_AND_LYMPHOID_TISSUE,"",FALSE,Approved for public sharing - CCLE,"",,"",,""
ACH-001817,1.0070938969,1.00510811118147,CN-NonLow,CN Non-Low,5.0251083374,,PT-EIDHhW,C393,C393,OS,Bone,Osteosarcoma,Osteosarcoma,OS,"","",,Unknown,Unknown,"",Metastatic,bone,Montefiore Einstein,Richard Gorlick,"",Cell Line,,"","","","","","","","","",Adherent,MF-015-008,EMEM + 20% FBS + 1mM Sodium pyruvate + 100uM NEAA,FALSE,None,"","","","",C393_BONE,"",TRUE,"","",,"",,""
ACH-001986,0.9945407225,0.99605657920299,CN-NonLow,CN Non-Low,4.8793382645,-0.2451429325,PT-EpCvHQ,NZM42,NZM42,MEL,Skin,Melanoma,Melanoma,MEL,"",CVCL_D833,71,Adult,Male,"",Metastatic,skin,CellBank Australia,"","",Cell Line,,"","","","","","","","","",Adherent,MF-003-003,AlphaMEM + 5% FBS + 1X Insulin-Transferrin-Selenium,FALSE,None,"","","","",NZM42_SKIN,"",FALSE,HMB-MDS,"",,"",,""
ACH-002529,0.9976310756,0.998290169443089,CN-NonLow,CN Non-Low,,,PT-vbG629,SNU-1330,SNU1330,LUSC,Lung,Non-Small Cell Lung Cancer,Lung Squamous Cell Carcinoma,LUSC,"",CVCL_5023,49,Adult,Male,"",Metastatic,pleural_effusion,KCLB,"",KCLB1330,Cell Line,,"","","","","","","","","",Adherent,MF-001-005,RPMI + 10% FBS + 2mM Glutamine + 25mM HEPES + 25mM Sodium bicarbonate,FALSE,None,"","","","",SNU1330_LUNG,"",FALSE,HMB-MDS,"",,"",,""
ACH-000680,0.7304563655,0.791152563537205,CN-NonLow,CN Non-Low,5.1422419548,,PT-R9aZKI,SW948,SW948,COAD,Bowel,Colorectal Adenocarcinoma,Colon Adenocarcinoma,COAD,"",CVCL_0632,81,Adult,Female,caucasian,Primary,Colon,ATCC,"",CCL-237,Cell Line,,"","","","","","","","","",Mixed,MF-001-001,RPMI + 10% FBS,FALSE,None,"","","","",SW948_LARGE_INTESTINE,"",FALSE,Approved for public sharing - CCLE,"",1689,SIDM00832,909757,""
ACH-000286,0.3744512991,0.458855788777623,CN-Low,Shallow CN Loss,3.7408735752,-1.0101395795,PT-eQWzKj,SNU-1033,SNU1033,READ,Bowel,Colorectal Adenocarcinoma,Rectal Adenocarcinoma,READ,"",CVCL_5002,45,Adult,Female,asian,Primary,large_intestine,KCLB,"","",Cell Line,,"","","","","","","","","",Adherent,MF-001-001,RPMI + 10% FBS,FALSE,None,"","","","",SNU1033_LARGE_INTESTINE,"",FALSE,Approved for public sharing - CCLE,"",,SIDM00192,,""
ACH-001662,0.4345216602,0.520569751882949,CN-Low,Shallow CN Loss,0.7384194136,-0.4310015671,PT-v3hnay,SNU-2372,SNU2372,BRCANOS,Breast,Invasive Breast Carcinoma,"Breast Invasive Cancer, NOS",BRCANOS,"",CVCL_T041,55,Adult,Female,"",Primary,pleural_effusion,KCLB,"","",Cell Line,,"","","","","","","","","",Adherent,MF-001-005,RPMI + 10% FBS + 2mM Glutamine + 25mM HEPES + 25mM Sodium bicarbonate,FALSE,None,"","","","",SNU2372_BREAST,"",FALSE,HMB-MDS,TNBC,,"",,""
ACH-002780,1.1910590991,1.13162839844434,CN-NonLow,CN Non-Low,5.4333200455,-0.0595777678,PT-wlbuKV,NCC-ES1-C1,NCCES1C1,ES,Bone,Ewing Sarcoma,Ewing Sarcoma,ES,"",CVCL_UK81,31,Adult,Male,"",Primary,Unknown,National Cancer Center Research Institute,Tadashi Kondo,"",Cell Line,,"","","","","","","","","",Suspension,MF-007-006,DMEM:F12 + 10% FBS + GlutaMAX,FALSE,None,"","","",Patient-derived model,NCCES1C1_BONE,"",TRUE,In Progress,"",,"",,""
ACH-000736,0.826315709,0.868936180677262,CN-NonLow,CN Non-Low,4.7159919739,-0.3753299705,PT-2GXHBV,SNU-601,SNU601,SSRCC,Esophagus/Stomach,Esophagogastric Adenocarcinoma,Signet Ring Cell Carcinoma of the Stomach,SSRCC,"",CVCL_0101,34,Adult,Male,asian,Metastatic,ascites,KCLB,"",601,Cell Line,,"","","","","","","","","",Adherent,MF-001-001,RPMI + 10% FBS,FALSE,None,"","","","",SNU601_STOMACH,"",FALSE,Approved for public sharing - CCLE,"",,"",,""
ACH-000108,0.7343801658,0.794420163380992,CN-NonLow,CN Non-Low,5.0881752968,-0.3812362807,PT-GEVVKA,KP-3,KP3,PAASC,Pancreas,Adenosquamous Carcinoma of the Pancreas,Adenosquamous Carcinoma of the Pancreas,PAASC,"",CVCL_3005,75,Adult,Male,asian,Metastatic,liver,HSRRB,"",JCRB0178.0,Cell Line,,"","","","","","","","","",Adherent,MF-001-001,RPMI + 10% FBS,FALSE,None,"","","","",KP3_PANCREAS,"",FALSE,Approved for public sharing - CCLE,"",155,SIDM00571,1298219,""
ACH-002539,0.6825236772,0.750626807206273,CN-NonLow,CN Non-Low,5.5937271118,,PT-PWtOWn,SNU-1460,SNU1460,COAD,Bowel,Colorectal Adenocarcinoma,Colon Adenocarcinoma,COAD,"",CVCL_5026,25,Adult,Male,"",Primary,Colon,KCLB,"","",Cell Line,,"","","","","","","","","",Adherent,MF-001-005,RPMI + 10% FBS + 2mM Glutamine + 25mM HEPES + 25mM Sodium bicarbonate,FALSE,None,"","","","",SNU1460_LARGE_INTESTINE,"",FALSE,HMB-MDS,"",,"",,""
ACH-000805,1.034523846,1.02469118987554,CN-NonLow,CN Non-Low,4.7794542313,-0.355821694,PT-SscYEx,COLO-679,COLO679,SKCM,Skin,Melanoma,Cutaneous Melanoma,SKCM,"",CVCL_1130,47,Adult,Female,"",Metastatic,skin,DSMZ,"",ACC 264,Cell Line,,"","","","","","","","","",Adherent,MF-001-001,RPMI + 10% FBS,FALSE,None,"","","","",COLO679_SKIN,"",FALSE,Approved for public sharing - CCLE,"",2049,SIDM00284,906818,""
ACH-002463,1.016008379,1.01150163502663,CN-NonLow,CN Non-Low,4.7835507393,-0.1486266555,PT-JWRsco,RPE1-ss77,RPE1SS77,ZIMMEPCRT,Eye,Non-Cancerous,"Immortalized Epithelial Cells, Retinal","","",CVCL_C8DT,,Unknown,Female,"","",eye,Tel Aviv University,Uri Ben-David,"",Cell Line,,"","","","","","","","","",Adherent,MF-002-001,DMEM + 10% FBS,FALSE,None,engineered clone,Near-diploid control,"","",RPE1SS77_ENGINEERED,"",FALSE,HMB-MDS,"",,"",,""
ACH-000838,1.2224123296,1.15212650830318,CN-NonLow,CN Non-Low,4.6107177734,-0.2276452792,PT-CmSm57,AMO-1,AMO1,PCM,Lymphoid,Mature B-Cell Neoplasms,Plasma Cell Myeloma,PCM,"",CVCL_1806,64,Adult,Female,"",Primary,ascites,DSMZ,"",ACC 538,Cell Line,,"","","","","","","","","",Suspension,MF-001-001,RPMI + 10% FBS,FALSE,None,"","","","",AMO1_HAEMATOPOIETIC_AND_LYMPHOID_TISSUE,"",FALSE,Approved for public sharing - CCLE,"",1204,SIDM00993,1295741,""
ACH-000166,1.0499933567,1.03561923447633,CN-NonLow,CN Non-Low,4.9004464149,,PT-BnqVL0,Kasumi-6,KASUMI6,AML,Myeloid,Acute Myeloid Leukemia,Acute Myeloid Leukemia,AML,"No Fusion, CEBPA Arg306Pro, TP53 Tyr234Asp",CVCL_0614,64,Adult,Male,asian,Primary,haematopoietic_and_lymphoid_tissue,ATCC,"",CRL-2775,Cell Line,,"","","","","","","","","",Suspension,MF-001-023,RPMI + 20% FBS + 2 mM L-glutamine + 18mM sodium bicarbonate + 25mM glucose + 10 mM HEPES + 1mM sodium pyruvate + 2 ng/ml human recombinant granulocyte macrophage colony stimulating factor,FALSE,None,"","","","",KASUMI6_HAEMATOPOIETIC_AND_LYMPHOID_TISSUE,"",TRUE,Approved for public sharing - CCLE,KMT2A-PTD and FLT3,,"",,""
ACH-000589,0.6642595641,0.734880459101803,CN-NonLow,CN Non-Low,4.0931968689,-0.6772026035,PT-KKsvGZ,NCI-H1437,NCIH1437,LUAD,Lung,Non-Small Cell Lung Cancer,Lung Adenocarcinoma,LUAD,"",CVCL_1472,60,Adult,Male,caucasian,Metastatic,pleural_effusion,ATCC,"",CRL-5872,Cell Line,,"","","","","","","","","",Adherent,MF-001-001,RPMI + 10% FBS,FALSE,None,"","","","",NCIH1437_LUNG,"",FALSE,Approved for public sharing - CCLE,"",800,SIDM00734,687794,""
ACH-001197,1.0505670197,1.03602289675401,CN-NonLow,CN Non-Low,5.4387784004,-0.2987638629,PT-3YIeN9,SMZ-1,SMZ1,MTNN,Lymphoid,Non-Hodgkin Lymphoma,Mature T and NK Neoplasms,MTNN,"",CVCL_RL84,46,Adult,Male,unknown,Metastatic,ascites,Academic lab,"","",Cell Line,,"","",Unknown,"","","","","","",Suspension,MF-001-001,RPMI + 10% FBS,FALSE,None,"","","","",SMZ1_HAEMATOPOIETIC_AND_LYMPHOID_TISSUE,"",FALSE,HMB-MDS,"",,"",,""
ACH-000273,0.6879120346,0.7552397200681,CN-NonLow,CN Non-Low,4.4946908951,-1.2556315319,PT-qWYBLI,SF539,SF539,GSARC,CNS/Brain,Diffuse Glioma,Gliosarcoma,GSARC,"",CVCL_1691,34,Adult,Female,"",Primary,central_nervous_system,The Broad Institute,Levi Garraway,"",Cell Line,,"","","","","","","","","",Adherent,MF-001-014,RPMI + 5% FBS,FALSE,None,"","","","",SF539_CENTRAL_NERVOUS_SYSTEM,"",FALSE,Approved for public sharing - CCLE,"",1781,SIDM00083,905984,""
ACH-000865,0.5056489369,0.590385424701132,CN-NonLow,CN Non-Low,4.086359024,-0.4964487841,PT-zNE9qB,KYSE-450,KYSE450,ESCC,Esophagus/Stomach,Esophageal Squamous Cell Carcinoma,Esophageal Squamous Cell Carcinoma,ESCC,"",CVCL_1353,59,Adult,Male,asian,Primary,oesophagus,DSMZ,"",ACC 387,Cell Line,,"","","","","","","","","",Adherent,MF-011-002,RPMI:F12 (1:1) + 10% FBS,FALSE,None,"","","","",KYSE450_OESOPHAGUS,"",FALSE,Approved for public sharing - CCLE,"",60,SIDM01027,907320,""
ACH-001433,1.1108738541,1.07784036575181,CN-NonLow,CN Non-Low,5.4201455116,-0.4363022344,PT-rJIZ1y,CCLF_PEDS_0008_T,CCLFPEDS0008T,EPIS,Soft Tissue,Epithelioid Sarcoma,Epithelioid Sarcoma,EPIS,"",CVCL_B3PM,17,Pediatric,Female,caucasian,Metastatic,pleural_cavity,CCLF,"","",Cell Line,,"","",Post-treatment,"","","","","","",Adherent,MF-018-001,SMGM,FALSE,None,"","","","",CCLFPEDS0008T_SOFT_TISSUE,HCM-BROD-0053-C49,TRUE,In Progress,"",,"",,""
ACH-001711,1.1420612293,1.09899971909142,CN-NonLow,CN Non-Low,4.7453231812,-0.0250801553,PT-lzKK9W,PFSK-1,PFSK1,PNET,CNS/Brain,Embryonal Tumor,Primitive Neuroectodermal Tumor,PNET,"",CVCL_1642,1,Pediatric,Male,"",Primary,central_nervous_system,ATCC,"",CRL-2060,Cell Line,,"","","","","","","","","",Adherent,MF-001-001,RPMI + 10% FBS,FALSE,None,"","","","",PFSK1_CENTRAL_NERVOUS_SYSTEM,"",TRUE,HMB-MDS,"",1682,SIDM01132,683667,""
ACH-002066,0.7343638769,0.794406613857036,CN-NonLow,CN Non-Low,5.3689184189,-0.5275866467,PT-coZfvw,HS-Sch-2,HSSCH2,MPNST,Peripheral Nervous System,Nerve Sheath Tumor,Malignant Peripheral Nerve Sheath Tumor,MPNST,"",CVCL_8718,54,Adult,Female,"",Primary,central_nervous_system,RIKEN,"",RCB2230,Cell Line,,"","","","","","","","","",Adherent,MF-002-001,DMEM + 10% FBS,FALSE,None,"","","","",HSSCH2_CENTRAL_NERVOUS_SYSTEM,"",FALSE,HMB-MDS,"",,"",,""
ACH-000298,0.5622700082,0.643643817005508,CN-NonLow,CN Non-Low,4.8136014938,,PT-2tJBcj,NCI-H2029,NCIH2029,SCLC,Lung,Lung Neuroendocrine Tumor,Small Cell Lung Cancer,SCLC,"",CVCL_1516,69,Adult,Female,caucasian,Metastatic,lymph_node,ATCC,"","",Cell Line,,"","","","","","","","","",Adherent,MF-002-001,DMEM + 10% FBS,FALSE,None,"","","","",NCIH2029_LUNG,"",FALSE,Approved for public sharing - CCLE,"",2106,SIDM00735,688011,""
ACH-000421,0.5676064938,0.648563454420234,CN-NonLow,CN Non-Low,4.8188047409,-0.4920891726,PT-M67oxD,SW837,SW837,READ,Bowel,Colorectal Adenocarcinoma,Rectal Adenocarcinoma,READ,"",CVCL_1729,53,Adult,Male,caucasian,Primary,large_intestine,ATCC,"",CCL-235,Cell Line,,"","","","","","","","","",Adherent,MF-001-001,RPMI + 10% FBS,FALSE,None,"","","","",SW837_LARGE_INTESTINE,"",FALSE,Approved for public sharing - CCLE,"",1141,SIDM00833,909755,""
ACH-000046,0.9716385934,0.979395126110549,CN-NonLow,CN Non-Low,4.9664626122,,PT-zV8Sol,ACHN,ACHN,PRCC,Kidney,Renal Cell Carcinoma,Papillary Renal Cell Carcinoma,PRCC,"",CVCL_1067,22,Adult,Male,caucasian,Metastatic,pleural_effusion,ATCC,"",CRL-1611,Cell Line,,"","","","","","","","","",Adherent,MF-006-001,MEM + 10% FBS,FALSE,None,"","","","",ACHN_KIDNEY,"",FALSE,Approved for public sharing - CCLE,"",371,SIDM00123,905950,""
ACH-000883,1.0768206637,1.05437664287439,CN-NonLow,CN Non-Low,5.2313246727,,PT-u7Vp6O,SW 1783,SW1783,ASTR3,CNS/Brain,Adult-Type Diffuse Glioma,"Astrocytoma, IDH-Mutant, Grade 3",ASTR3,"",CVCL_1722,68,Adult,Male,caucasian,Primary,central_nervous_system,ATCC,"",HTB-13,Cell Line,,"","","","","","","","","",Adherent,MF-001-001,RPMI + 10% FBS,FALSE,None,"","","","",SW1783_CENTRAL_NERVOUS_SYSTEM,"",TRUE,Approved for public sharing - CCLE,"",1453,SIDM01164,909750,""
ACH-002290,1.541517214,1.34569000236548,CN-NonLow,CN Non-Low,6.0039777756,,PT-mzDUGH,NKM-1,NKM1,AML,Myeloid,Acute Myeloid Leukemia,Acute Myeloid Leukemia,AML,"",CVCL_1607,33,Adult,Male,"",Primary,haematopoietic_and_lymphoid_tissue,JCRB,"","",Cell Line,,"","","","","","","","","",Suspension,MF-001-001,RPMI + 10% FBS,FALSE,None,"","","","",NKM1_HAEMATOPOIETIC_AND_LYMPHOID_TISSUE,"",TRUE,HMB-MDS,"",1488,SIDM00576,908448,""
ACH-000397,0.812773348,0.858198555442025,CN-NonLow,CN Non-Low,4.7397398949,-0.8100478305,PT-lpuBPT,TEN,TEN,UCCC,Uterus,Endometrial Carcinoma,Uterine Clear Cell Carcinoma,UCCC,"",CVCL_E063,74,Adult,Female,asian,Primary,endometrium,RIKEN,"",RCB1433,Cell Line,,"","","","","","","","","",Adherent,MF-006-001,MEM + 10% FBS,FALSE,None,"","","","",TEN_ENDOMETRIUM,"",FALSE,Approved for public sharing - CCLE,"",,"",,""
ACH-000155,0.4397605214,0.52582886491726,CN-Low,Shallow CN Loss,3.6578571796,-1.4455607234,PT-qPqCUF,SW 1990,SW1990,PAAD,Pancreas,Pancreatic Adenocarcinoma,Pancreatic Adenocarcinoma,PAAD,"",CVCL_1723,56,Adult,Male,caucasian,Primary,spleen,ATCC,"",CRL-2172,Cell Line,,"","","","","","","","","",Adherent,MF-021-001,L-15 + 10% FBS,FALSE,None,"","","","",SW1990_PANCREAS,"",FALSE,Approved for public sharing - CCLE,"",1912,SIDM01165,910907,""
ACH-000835,0.7194907278,0.781981336281671,CN-NonLow,CN Non-Low,4.5785284042,-0.6163186829,PT-0RBdNq,GCT,GCT,MFH,Soft Tissue,Undifferentiated Pleomorphic Sarcoma/Malignant Fibrous Histiocytoma/High-Grade Spindle Cell Sarcoma,Undifferentiated Pleomorphic Sarcoma/Malignant Fibrous Histiocytoma/High-Grade Spindle Cell Sarcoma,MFH,"",CVCL_1229,29,Adult,Male,"",Metastatic,soft_tissue,ATCC,"",TIB-223,Cell Line,,"","","","","","","","","",Adherent,MF-023-001,McCoy's 5A + 10% FBS,FALSE,None,"","","","",GCT_SOFT_TISSUE,"",TRUE,Approved for public sharing - CCLE,"",963,SIDM00853,906999,""
ACH-000329,1.0365163689,1.02610341033246,CN-NonLow,CN Non-Low,4.9815602303,-0.1349141551,PT-GKdkIC,CCF-STTG1,CCFSTTG1,ASTR,CNS/Brain,Adult-Type Diffuse Glioma,"Astrocytoma, IDH-Mutant",ASTR,"",CVCL_1118,68,Adult,Female,caucasian,Primary,central_nervous_system,ATCC,"",CRL - 1718,Cell Line,,"","","","","","","","","",Adherent,MF-001-001,RPMI + 10% FBS,FALSE,None,"","","","",CCFSTTG1_CENTRAL_NERVOUS_SYSTEM,"",FALSE,Approved for public sharing - CCLE,"",876,SIDM00131,906823,""
ACH-001643,1.0079251457,1.0057054874459,CN-NonLow,CN Non-Low,,-0.1664980972,PT-OeZXwA,SCCH-196,SCCH196,ES,Bone,Ewing Sarcoma,Ewing Sarcoma,ES,"",CVCL_3161,16,Pediatric,Female,"",Primary,soft_tissue,JCRB,"",JCRB0108,Cell Line,,"","","","","","","","","",Adherent,MF-015-005,EMEM + 10% FBS + 200uM NEAA + 1 mM sodium pyruvate + 100ug/L cyanocobalamin (vitamin B12),FALSE,None,"","","","",SCCH196_SOFT_TISSUE,"",TRUE,HMB-MDS,"",,SIDM00031,,""
ACH-000940,1.0152385103,1.01095059670046,CN-NonLow,CN Non-Low,4.3882169724,,PT-P1Vdpe,AN3 CA,AN3CA,UCEC,Uterus,Endometrial Carcinoma,Endometrial Carcinoma,UCEC,"",CVCL_0028,55,Adult,Female,caucasian,Metastatic,endometrium,ATCC,"",HTB-111,Cell Line,,"","","","","","","","","",Adherent,MF-006-001,MEM + 10% FBS,FALSE,None,"","","","",AN3CA_ENDOMETRIUM,"",FALSE,Approved for public sharing - CCLE,"",1294,SIDM00901,910781,""
ACH-000011,0.7767482548,0.829239282221703,CN-NonLow,CN Non-Low,4.4040312767,-0.0906218223,PT-AR7W9o,253J,253J,BLCA,Bladder/Urinary Tract,Bladder Urothelial Carcinoma,Bladder Urothelial Carcinoma,BLCA,"",CVCL_7935,53,Adult,Male,"",Metastatic,lymph_node,KCLB,"",80001,Cell Line,,"","","","","","","","","",Adherent,MF-002-001,DMEM + 10% FBS,FALSE,None,"","","","",253J_URINARY_TRACT,"",FALSE,Approved for public sharing - CCLE,"",,"",,""
ACH-002706,0.9266002649,0.946057269262415,CN-NonLow,CN Non-Low,4.5780267715,-0.2945697883,PT-qcon1I,IS076A,IS076A,ESCA,Esophagus/Stomach,Esophagogastric Adenocarcinoma,Esophageal Adenocarcinoma,ESCA,"","",83,Adult,Male,"",Primary,oesophagus,Peter MacCallum Cancer Centre,Nicholas Clemons,"",Cell Line,,"","","","","","","","","",Mixed,MF-001-001,RPMI + 10% FBS,FALSE,None,"","","","",IS076A_OESOPHAGUS,"",FALSE,"","",,"",,""
ACH-002798,1.0241815676,1.01733870452212,CN-NonLow,CN Non-Low,2.7121577263,,PT-wu6Inf,NCC-DFSP2-C1,NCCDFSP2C1,DFSP,Skin,Dermatofibrosarcoma Protuberans,Dermatofibrosarcoma Protuberans,DFSP,"",CVCL_UR54,18,Adult,Female,"","",Unknown,National Cancer Center Research Institute,Tadashi Kondo,"",Cell Line,,PDX,"","","","","","","","",Adherent,MF-007-006,DMEM:F12 + 10% FBS + GlutaMAX,FALSE,None,"","","","","","",FALSE,"","",,"",,""
ACH-000204,1.2644964616,1.17919028509961,CN-NonLow,CN Non-Low,5.6624903679,-0.2003948078,PT-gN5ZVQ,LP-1,LP1,PCM,Lymphoid,Mature B-Cell Neoplasms,Plasma Cell Myeloma,PCM,"",CVCL_0012,56,Adult,Female,"",Primary,haematopoietic_and_lymphoid_tissue,HSRRB,"","",Cell Line,,"","","","","","","","","",Mixed,MF-005-001,IMDM + 10% FBS,FALSE,None,"","","","",LP1_HAEMATOPOIETIC_AND_LYMPHOID_TISSUE,"",FALSE,Approved for public sharing - CCLE,"",1794,SIDM00340,907791,""
ACH-000732,0.5522559644,0.634366475129514,CN-NonLow,CN Non-Low,4.0541887283,-0.5969811906,PT-mK3rFG,PE/CA-PJ41 (clone D2),PECAPJ41CLONED2,OCSC,Head and Neck,Head and Neck Squamous Cell Carcinoma,Oral Cavity Squamous Cell Carcinoma,OCSC,"",CVCL_2680,67,Adult,Female,"",Primary,upper_aerodigestive_tract,ECACC,"",98020207,Cell Line,,"","","","","","","","","",Adherent,MF-005-002,IMDM + 10% FBS + 2mM Glutamine,FALSE,None,"","","","",PECAPJ41CLONED2_UPPER_AERODIGESTIVE_TRACT,"",FALSE,Approved for public sharing - CCLE,"",,"",,""
ACH-002794,1.1065640811,1.07489180295406,CN-NonLow,CN Non-Low,5.560687542,,PT-HL3ZQx,NCC-MFS1-C1,NCCMFS1C1,MFS,Soft Tissue,Myxofibrosarcoma,Myxofibrosarcoma,MFS,"",CVCL_VT41,82,Adult,Male,"",Primary,Unknown,National Cancer Center Research Institute,Tadashi Kondo,"",Cell Line,,"","","","","","","","","",Adherent,MF-007-006,DMEM:F12 + 10% FBS + GlutaMAX,FALSE,None,"","","","","","",FALSE,"","",,"",,""
ACH-000941,0.8636436102,0.898125995745277,CN-NonLow,CN Non-Low,4.4471297264,-0.4301537101,PT-YZF57N,HEC-1-B,HEC1B,UCEC,Uterus,Endometrial Carcinoma,Endometrial Carcinoma,UCEC,"",CVCL_0294,71,Adult,Female,"",Primary,endometrium,ATCC,"",HTB-113,Cell Line,,"","","","","","","","","",Adherent,MF-006-001,MEM + 10% FBS,FALSE,None,"","","","",HEC1B_ENDOMETRIUM,"",FALSE,Approved for public sharing - CCLE,"",,SIDM01241,,""
ACH-003119,0.7468927503,0.804791037356002,CN-NonLow,CN Non-Low,4.5313563347,,PT-MRbSYu,NCI-H1450,NCIH1450,SCLC,Lung,Lung Neuroendocrine Tumor,Small Cell Lung Cancer,SCLC,"",CVCL_A466,64,Adult,Male,"",Metastatic,bone_marrow,"","","",Cell Line,,"","","","","","","","","",Adherent,MF-001-014,RPMI + 5% FBS,FALSE,None,"","","","",NCIH1450_LUNG,"",FALSE,HMB-MDS,"",,"",,""
ACH-000481,1.0952665389,1.06713378086491,CN-NonLow,CN Non-Low,4.9980239868,-0.2733958479,PT-CazMr1,NCI-H2170,NCIH2170,LUSC,Lung,Non-Small Cell Lung Cancer,Lung Squamous Cell Carcinoma,LUSC,"",CVCL_1535,,Unknown,Male,"",Primary,lung,ATCC,"",CRL-5928,Cell Line,,"","","","","","","","","",Adherent,MF-001-001,RPMI + 10% FBS,FALSE,None,"","","","",NCIH2170_LUNG,"",FALSE,Approved for public sharing - CCLE,"",1811,SIDM00716,687815,""
ACH-000976,0.6333829776,0.707863097761119,CN-NonLow,CN Non-Low,3.8751018047,-0.8392897327,PT-z66Tka,HuCCT1,HUCCT1,IHCH,Biliary Tract,Intraductal Papillary Neoplasm of the Bile Duct,Intrahepatic Cholangiocarcinoma,IHCH,"",CVCL_0324,56,Adult,Male,asian,Metastatic,ascites,HSRRB,"",JCRB0425,Cell Line,,"","","","","","","","","",Adherent,MF-001-001,RPMI + 10% FBS,FALSE,None,"","","","",HUCCT1_BILIARY_TRACT,"",FALSE,Approved for public sharing - CCLE,"",1213,SIDM00587,907069,""
ACH-001303,0.9809137544,0.986166069117844,CN-NonLow,CN Non-Low,4.0041775703,-0.6748030764,PT-IFd9cu,NB-1643,NB1643,NBL,Peripheral Nervous System,Neuroblastoma,Neuroblastoma,NBL,"",CVCL_5627,3,Pediatric,Male,"",Unknown,abdomen,The Broad Institute,Cigall Kadoch,"",Cell Line,,"","",Pre-treatment,"","",4,"","","",Adherent,MF-005-005,IMDM + 20% FBS + 4mM Glutamine + 1x Insulin-Transferrin-Selenium,FALSE,None,"","","","",NB1643_AUTONOMIC_GANGLIA,"",TRUE,HMB-MDS,MYC_Amplified,,"",,""
ACH-000488,0.8140137109,0.859185360261519,CN-NonLow,CN Non-Low,5.1115236282,-0.1271251421,PT-wdkGZi,TE-11,TE11,ESCC,Esophagus/Stomach,Esophageal Squamous Cell Carcinoma,Esophageal Squamous Cell Carcinoma,ESCC,"",CVCL_1761,58,Adult,Male,"",Primary,oesophagus,RIKEN,"",RCB2100,Cell Line,,"","","","","","","","","",Adherent,MF-001-001,RPMI + 10% FBS,FALSE,None,"","","","",TE11_OESOPHAGUS,"",FALSE,Approved for public sharing - CCLE,"",2073,SIDM00348,946354,""
ACH-000724,0.963214423,0.973217753091726,CN-NonLow,CN Non-Low,5.7179040909,-0.2699474109,PT-B0Dqk6,HT-1376,HT1376,BLCA,Bladder/Urinary Tract,Bladder Urothelial Carcinoma,Bladder Urothelial Carcinoma,BLCA,"",CVCL_1292,58,Adult,Female,caucasian,Primary,urinary_tract,ATCC,"",CRL-1472,Cell Line,,"","","","","","","","","",Adherent,MF-006-001,MEM + 10% FBS,FALSE,None,"","","","",HT1376_URINARY_TRACT,"",FALSE,Approved for public sharing - CCLE,"",1211,SIDM00678,907066,""
ACH-001306,1.2434495717,1.16571875545353,CN-NonLow,CN Non-Low,5.2530856133,-0.4834478576,PT-Dn9adW,8305C,8305C,THAP,Thyroid,Anaplastic Thyroid Cancer,Anaplastic Thyroid Cancer,THAP,"",CVCL_1053,67,Adult,Female,"",Primary,thyroid,DSMZ,"",133,Cell Line,,"","","","","","","","","",Adherent,MF-001-017,RPMI + 15% FBS,FALSE,None,"","","","",8305C_THYROID,"",FALSE,Approved for public sharing - CCLE,"",433,SIDM00997,906795,""
ACH-001227,0.950657388,0.963960406322798,CN-NonLow,CN Non-Low,5.3192062378,-0.305416291,PT-k3C7C0,UPCI-SCC-090,UPCISCC090,OCSC,Head and Neck,Head and Neck Squamous Cell Carcinoma,Oral Cavity Squamous Cell Carcinoma,OCSC,"",CVCL_1899,46,Adult,Male,"",Primary,upper_aerodigestive_tract,DSMZ,"",ACC-670,Cell Line,,"","","","","","","","","",Adherent,MF-015-003,EMEM + 10% FBS + 2mM Glutamine,FALSE,None,"","","","",UPCISCC090_UPPER_AERODIGESTIVE_TRACT,"",FALSE,HMB-MDS,"",864,SIDM00399,1299052,ACH-002315
ACH-002662,0.595922655,0.674390734297204,CN-NonLow,CN Non-Low,4.9377398491,-0.8291926547,PT-iwSeHI,JVE-207,JVE207,COAD,Bowel,Colorectal Adenocarcinoma,Colon Adenocarcinoma,COAD,"",CVCL_EG25,67,Adult,Male,"",Primary,Colon,DSMZ,"",ACC-820,Cell Line,,"","","","","","","","","",Adherent,MF-001-020,RPMI + 20% FBS,FALSE,None,"","","","",JVE207_COLON,"",FALSE,HMB-MDS,"",,"",,""
ACH-000635,0.7293979247,0.79026986316153,CN-NonLow,CN Non-Low,4.7102828026,,PT-vHYCC2,SNU-119,SNU119,HGSOC,Ovary/Fallopian Tube,Ovarian Epithelial Tumor,High-Grade Serous Ovarian Cancer,HGSOC,"",CVCL_5014,50,Adult,Female,asian,Metastatic,ascites,KCLB,"",119,Cell Line,,"","","","","","","","","",Adherent,MF-001-001,RPMI + 10% FBS,FALSE,None,"","","","",SNU119_OVARY,"",FALSE,Approved for public sharing - CCLE,"",,"",,""
ACH-002465,0.9892917835,0.992254901980987,CN-NonLow,CN Non-Low,5.5749340057,-0.1531538981,PT-JWRsco,RPE1-ss119,RPE1SS119,ZIMMEPCRT,Eye,Non-Cancerous,"Immortalized Epithelial Cells, Retinal","","",CVCL_C8DN,,Unknown,Female,"","",eye,Tel Aviv University,Uri Ben-David,"",Cell Line,,"","","","","","","","","",Adherent,MF-002-001,DMEM + 10% FBS,FALSE,None,engineered clone,"Single trisomy ch8, treatment w/ Reversine","","",RPE1SS119_ENGINEERED,"",FALSE,HMB-MDS,"",,"",,""
ACH-000272,1.005287156,1.00380884459716,CN-NonLow,CN Non-Low,4.7641763687,-0.1747957268,PT-cSAYbR,SLR 24,SLR24,CCRCC,Kidney,Renal Cell Carcinoma,Renal Clear Cell Carcinoma,CCRCC,"",CVCL_V610,,Unknown,Unknown,"",Primary,kidney,Dana-Farber Cancer Institute,Bill Kaelin,"",Cell Line,,"","","","","","","","","",Adherent,MF-001-001,RPMI + 10% FBS,FALSE,None,"","","",This line is an RCC4 derivative (ICLAC). DepMap metadata has been updated (as of 22Q2) to reflect this.,SLR24_KIDNEY,"",FALSE,Approved for public sharing - CCLE,"",,"",,""
ACH-000360,0.9296077491,0.948307606072491,CN-NonLow,CN Non-Low,4.8534817696,,PT-M0lnCb,NCI-H508,NCIH508,COAD,Bowel,Colorectal Adenocarcinoma,Colon Adenocarcinoma,COAD,"",CVCL_1564,55,Adult,Male,caucasian,Metastatic,abdomen,ATCC,"",CCL,Cell Line,,"","","","","","","","","",Mixed,MF-001-001,RPMI + 10% FBS,FALSE,None,"","","","",NCIH508_LARGE_INTESTINE,"",FALSE,Approved for public sharing - CCLE,"",35,SIDM00777,908442,""
ACH-000391,0.9866265393,0.990320689628584,CN-NonLow,CN Non-Low,4.7525668144,-0.2643840642,PT-APr9xS,MHH-ES-1,MHHES1,ES,Bone,Ewing Sarcoma,Ewing Sarcoma,ES,"",CVCL_1411,12,Pediatric,Male,caucasian,Metastatic,ascites,DSMZ,"",ACC 167,Cell Line,,"","","","","","","","","",Adherent,MF-001-001,RPMI + 10% FBS,FALSE,None,"","","","",MHHES1_BONE,"",TRUE,Approved for public sharing - CCLE,EWS::FLI,339,SIDM00386,908134,""
ACH-001571,1.0048113252,1.0034664695947,CN-NonLow,CN Non-Low,5.3825359344,,PT-7caxyS,Mo,MO,HCL,Lymphoid,Mature B-Cell Neoplasms,Hairy Cell Leukemia,HCL,"",CVCL_1439,33,Adult,Male,"",Primary,haematopoietic_and_lymphoid_tissue,ATCC,"",CRL-8066,Cell Line,,"","","","","","","","","",Suspension,MF-005-004,IMDM + 20% FBS,FALSE,None,"","","","",MO_HAEMATOPOIETIC_AND_LYMPHOID_TISSUE,"",FALSE,HMB-MDS,"",,"",,""
ACH-000201,0.9993337402,0.999519315075592,CN-NonLow,CN Non-Low,4.5872807503,,PT-aQ70tK,A-204,A204,MRT,Kidney,Rhabdoid Cancer,Rhabdoid Cancer,MRT,"",CVCL_1058,1,Pediatric,Female,"",Primary,soft_tissue,ATCC,"",HTB-82,Cell Line,,"","","","","","","","","",Adherent,MF-023-001,McCoy's 5A + 10% FBS,FALSE,None,"","","","",A204_SOFT_TISSUE,"",TRUE,Approved for public sharing - CCLE,"",349,SIDM00798,910784,""
ACH-000968,1.1528397614,1.10624094187546,CN-NonLow,CN Non-Low,4.7833256721,-0.3206910867,PT-z7yLU0,COLO 792,COLO792,MEL,Skin,Melanoma,Melanoma,MEL,"",CVCL_1134,62,Adult,Male,"",Metastatic,central_nervous_system,ECACC,"",93052616,Cell Line,,"","","","","","","","","",Adherent,MF-001-001,RPMI + 10% FBS,FALSE,None,"","","","",COLO792_SKIN,"",FALSE,Approved for public sharing - CCLE,"",1467,SIDM00140,906814,""
ACH-000374,1.4785089739,1.30947248236184,CN-NonLow,CN Non-Low,6.3358511925,-0.1406907467,PT-UPBMOO,HCC1143,HCC1143,IDC,Breast,Invasive Breast Carcinoma,Breast Invasive Ductal Carcinoma,IDC,"",CVCL_1245,52,Adult,Female,caucasian,Primary,breast,ATCC,"","",Cell Line,,"","","","","","","","","",Adherent,MF-001-001,RPMI + 10% FBS,FALSE,None,"","","","",HCC1143_BREAST,"",FALSE,Approved for public sharing - CCLE,basal_A TNBC,1316,SIDM00866,749710,""
ACH-000914,1.042867594,1.03059570056166,CN-NonLow,CN Non-Low,5.3383889198,-0.3296440705,PT-zrYGap,HT,HT,DLBCLNOS,Lymphoid,Mature B-Cell Neoplasms,"Diffuse Large B-Cell Lymphoma, NOS",DLBCLNOS,"",CVCL_1290,70,Adult,Male,caucasian,Metastatic,ascites,ATCC,"",CRL-2260,Cell Line,,"","",Unknown,"","","","","","",Suspension,MF-001-001,RPMI + 10% FBS,FALSE,None,"","","","",HT_HAEMATOPOIETIC_AND_LYMPHOID_TISSUE,"",FALSE,Approved for public sharing - CCLE,"",745,SIDM00661,907063,""
ACH-000889,1.3584806348,1.23785775512119,CN-NonLow,CN Non-Low,5.0530676842,-0.3521002627,PT-xlEnkN,KMM-1,KMM1,PCM,Lymphoid,Mature B-Cell Neoplasms,Plasma Cell Myeloma,PCM,"",CVCL_2981,62,Adult,Male,asian,Primary,haematopoietic_and_lymphoid_tissue,HSRRB,"","",Cell Line,,"","","","","","","","","",Mixed,MF-001-001,RPMI + 10% FBS,FALSE,None,"","","","",KMM1_HAEMATOPOIETIC_AND_LYMPHOID_TISSUE,"",FALSE,Approved for public sharing - CCLE,"",,"",,""
ACH-000104,1.0447992019,1.03195917830329,CN-NonLow,CN Non-Low,5.9779758453,,PT-JJAsvr,Loucy,LOUCY,TALL,Lymphoid,T-Lymphoblastic Leukemia/Lymphoma,T-Cell Acute Lymphoblastic Leukemia,"",SET::NUP214,CVCL_1380,38,Adult,Female,caucasian,Primary,haematopoietic_and_lymphoid_tissue,ATCC,"",CRL-2629,Cell Line,,"","","","","","","","","",Suspension,MF-001-001,RPMI + 10% FBS,FALSE,None,"","","","",LOUCY_HAEMATOPOIETIC_AND_LYMPHOID_TISSUE,"",TRUE,Approved for public sharing - CCLE,"ETP-like, SET::NUP214",1645,SIDM00342,907789,""
ACH-001848,0.6928188077,0.759427561407197,CN-NonLow,CN Non-Low,5.0124969482,-0.1478715096,PT-PUXC1Q,MGH-ICC8,MGHICC8,IHCH,Biliary Tract,Intraductal Papillary Neoplasm of the Bile Duct,Intrahepatic Cholangiocarcinoma,IHCH,"",CVCL_A1VG,,Unknown,Male,"",Primary,biliary_tract,Massachusetts General Hospital,Nabeel Bardeesy,"",Cell Line,,"","","","","","","","","",Adherent,MF-001-001,RPMI + 10% FBS,FALSE,None,"","","","",ICC8_BILIARY_TRACT,"",FALSE,In Progress,"",,"",,""
ACH-000080,1.0050228761,1.00361869705314,CN-NonLow,CN Non-Low,4.7713046074,,PT-c6Ag34,BDCM,BDCM,AMOL,Myeloid,Acute Myeloid Leukemia,Acute Monoblastic/Monocytic Leukemia,AMOL,"",CVCL_4613,,Pediatric,Male,"","",haematopoietic_and_lymphoid_tissue,ATCC,"",CRL-2740,Cell Line,,"","","","","","","","","",Mixed,MF-001-001,RPMI + 10% FBS,FALSE,None,"","","","",BDCM_HAEMATOPOIETIC_AND_LYMPHOID_TISSUE,"",TRUE,Approved for public sharing - CCLE,"",,"",,""
ACH-001618,0.9415051556,0.957175538278416,CN-NonLow,CN Non-Low,4.0725259781,-0.1449817049,PT-Oev2PO,OCI-M2,OCIM2,AML,Myeloid,Acute Myeloid Leukemia,Acute Myeloid Leukemia,AML,"RUNX1-TSPEAR, NRAS Gln61Lys, TP53 Val274Asp",CVCL_2150,56,Adult,Unknown,"",Primary,haematopoietic_and_lymphoid_tissue,DSMZ,"","",Cell Line,,"","","","","","","","","",Suspension,MF-005-004,IMDM + 20% FBS,FALSE,None,"","","","",OCIM2_HAEMATOPOIETIC_AND_LYMPHOID_TISSUE,"",TRUE,HMB-MDS,"",,"",,""
ACH-000322,0.7723185883,0.825637963061856,CN-NonLow,CN Non-Low,4.8129706383,-0.4244227588,PT-czDcsE,HT-144,HT144,MEL,Skin,Melanoma,Melanoma,MEL,"",CVCL_0318,29,Adult,Male,caucasian,Metastatic,skin,ATCC,"",HTB-63,Cell Line,,"","","","","","","","","",Adherent,MF-023-001,McCoy's 5A + 10% FBS,FALSE,None,"","","","",HT144_SKIN,"",FALSE,Approved for public sharing - CCLE,"",1193,SIDM00695,907067,""
ACH-001699,0.9621091632,0.972405309052666,CN-NonLow,CN Non-Low,5.797287941,-0.4713323363,PT-uhmv08,UPCI-SCC-131,UPCISCC131,OCSC,Head and Neck,Head and Neck Squamous Cell Carcinoma,Oral Cavity Squamous Cell Carcinoma,OCSC,"",CVCL_2229,73,Adult,Male,"",Primary,upper_aerodigestive_tract,DSMZ,"",668,Cell Line,,"","","","","","","","","",Adherent,MF-006-002,MEM + 10% FBS + 2mM Glutamine + 100uM NEAA,FALSE,None,"","","","",UPCISCC131_UPPER_AERODIGESTIVE_TRACT,"",FALSE,HMB-MDS,"",,"",,""
ACH-000874,1.1358780872,1.09482930245081,CN-NonLow,CN Non-Low,3.5235619545,0.1215522059,PT-eEEvwF,RS4;11,RS411,BALL,Lymphoid,B-Cell Acute Lymphoblastic Leukemia,B-Cell Acute Lymphoblastic Leukemia,"",KMT2A-AFF1,CVCL_0093,32,Adult,Female,caucasian,Primary,bone_marrow,ATCC,"","",Cell Line,,"","","","","","","","","",Suspension,MF-001-001,RPMI + 10% FBS,FALSE,None,"","","","",RS411_HAEMATOPOIETIC_AND_LYMPHOID_TISSUE,"",TRUE,Approved for public sharing - CCLE,KMT2A::AFF1,862,SIDM01086,909703,""
ACH-001334,0.5840768057,0.66364228776358,CN-NonLow,CN Non-Low,5.1111316681,-0.9262276349,PT-ERAmPK,C-4 I,C4I,CESC,Cervix,Cervical Squamous Cell Carcinoma,Cervical Squamous Cell Carcinoma,CESC,"",CVCL_2253,41,Adult,Female,"",Primary,cervix,ATCC,"",CRL-1594,Cell Line,,"","","","","","","","","",Adherent,MF-020-001,Waymouth's MB 752_1 + 10% FBS,FALSE,None,"","","","",C4I_CERVIX,"",FALSE,HMB-MDS,"",561,SIDM00905,687506,""
ACH-000187,1.2212579892,1.15137696520544,CN-NonLow,CN Non-Low,5.4261269569,-0.2052167741,PT-bfVDxm,COR-L311,CORL311,SCLC,Lung,Lung Neuroendocrine Tumor,Small Cell Lung Cancer,SCLC,"",CVCL_2412,63,Adult,Male,"",Primary,lung,ECACC,"","",Cell Line,,"","","","","","","","","",Suspension,MF-001-003,RPMI + 10% FBS + 2mM Glutamine,FALSE,None,"","","","",CORL311_LUNG,"",FALSE,Approved for public sharing - CCLE,"",1167,SIDM00509,687980,""
ACH-000336,1.0714138123,1.05061579369189,CN-NonLow,CN Non-Low,4.8511142731,-0.1645239464,PT-0F4qCF,OCI-AML3,OCIAML3,AML,Myeloid,Acute Myeloid Leukemia,Acute Myeloid Leukemia,AML,NPM1 Trp288Cys and DNMT3A Arg882Cys,CVCL_1844,57,Adult,Male,"",Primary,haematopoietic_and_lymphoid_tissue,DSMZ,"",ACC 582,Cell Line,,"","","","","","","","","",Suspension,MF-003-001,AlphaMEM + 10% FBS,FALSE,None,"","","","",OCIAML3_HAEMATOPOIETIC_AND_LYMPHOID_TISSUE,"",TRUE,Approved for public sharing - CCLE,"NPM1c, DNMT3A, NRAS",355,SIDM00462,1290455,""
ACH-002711,1.0996146249,1.07012455181222,CN-NonLow,CN Non-Low,5.4145717621,-0.5980305309,PT-Jn4RNo,UM-HACC-2A,UMHACC2A,ACYC,Head and Neck,Salivary Carcinoma,Adenoid Cystic Carcinoma,ACYC,"",CVCL_C4UW,53,Adult,Female,"",Primary,upper_aerodigestive_tract,University of Michigan,Jacques Nor,"",Cell Line,,"","","","","","","","","",Adherent,"","",,None,"","","","",UMHACC2A_UPPER_AERODIGESTIVE_TRACT,"",FALSE,"","",,"",,""
ACH-001209,1.0900527864,1.06353937949076,CN-NonLow,CN Non-Low,5.4654912949,,PT-VfXLmL,TOM-1,TOM1,BALL,Lymphoid,B-Cell Acute Lymphoblastic Leukemia,B-Cell Acute Lymphoblastic Leukemia,"",BCR-ABL1 (e1-a2),CVCL_1895,54,Adult,Female,"","",bone_marrow,DSMZ,"",ACC-578,Cell Line,,"","","","","","","","","",Mixed,MF-001-020,RPMI + 20% FBS,FALSE,None,"","","","",TOM1_HAEMATOPOIETIC_AND_LYMPHOID_TISSUE,"",TRUE,HMB-MDS,BCR::ABL1,,"",,""
ACH-002524,1.0485883337,1.03463010216328,CN-NonLow,CN Non-Low,5.0961818695,-0.0213722359,PT-itoB60,SNU-251,SNU251,EOV,Ovary/Fallopian Tube,Ovarian Epithelial Tumor,Endometrioid Ovarian Cancer,EOV,"",CVCL_5040,47,Adult,Female,"",Metastatic,ascites,KCLB,"","",Cell Line,,"","","","","","","","","",Adherent,MF-001-005,RPMI + 10% FBS + 2mM Glutamine + 25mM HEPES + 25mM Sodium bicarbonate,FALSE,None,"","","","",SNU251_OVARY,"",FALSE,HMB-MDS,"",,"",,""
ACH-000599,0.5987588583,0.676952352720721,CN-NonLow,CN Non-Low,5.1849584579,-0.5311632422,PT-cDj854,PA-TU-8902,PATU8902,PAAD,Pancreas,Pancreatic Adenocarcinoma,Pancreatic Adenocarcinoma,PAAD,"",CVCL_1845,44,Adult,Female,"",Primary,pancreas,DSMZ,"",ACC 179,Cell Line,,"","","","","","","","","",Adherent,MF-002-001,DMEM + 10% FBS,FALSE,None,"","","","",PATU8902_PANCREAS,"",FALSE,Approved for public sharing - CCLE,"",1549,SIDM00455,1298526,""
ACH-000663,0.6358295623,0.710022441168542,CN-NonLow,CN Non-Low,3.5071349144,-0.5675253977,PT-kymkHN,OVTOKO,OVTOKO,CCOV,Ovary/Fallopian Tube,Ovarian Epithelial Tumor,Clear Cell Ovarian Cancer,CCOV,"",CVCL_3117,78,Adult,Female,asian,Metastatic,spleen,HSRRB,"",JCRB1048,Cell Line,,"","","","","","","","","",Adherent,MF-001-001,RPMI + 10% FBS,FALSE,None,"","","","",OVTOKO_OVARY,"",FALSE,Approved for public sharing - CCLE,"",1095,SIDM00425,1298365,""
ACH-000261,0.6901452821,0.757147263523201,CN-NonLow,CN Non-Low,4.1204099655,-0.4420143345,PT-9jciof,RERF-LC-AI,RERFLCAI,LUSC,Lung,Non-Small Cell Lung Cancer,Lung Squamous Cell Carcinoma,LUSC,"",CVCL_4402,,Unknown,Male,"",Metastatic,pleural_effusion,RIKEN,"",RCB0444,Cell Line,,"","","","","","","","","",Adherent,MF-006-001,MEM + 10% FBS,FALSE,None,"","","","",RERFLCAI_LUNG,"",FALSE,Approved for public sharing - CCLE,"",,SIDM00307,,""
ACH-000351,1.0544275715,1.03873646943004,CN-NonLow,CN Non-Low,5.3522853851,,PT-jfdGU1,MKN1,MKN1,STAS,Esophagus/Stomach,Esophagogastric Adenocarcinoma,Adenosquamous Carcinoma of the Stomach,STAS,"",CVCL_1415,72,Adult,Male,asian,Metastatic,lymph_node,HSRRB,"",JCRB0252,Cell Line,,"","","","","","","","","",Adherent,MF-001-001,RPMI + 10% FBS,FALSE,None,"","","","",MKN1_STOMACH,"",FALSE,Approved for public sharing - CCLE,"",1647,SIDM00271,908138,""
ACH-002067,1.3330168344,1.22219671744546,CN-NonLow,CN Non-Low,5.7947173119,-0.6413160246,PT-EcVEYs,NOS-1,NOS1,OS,Bone,Osteosarcoma,Osteosarcoma,OS,"",CVCL_1610,16,Pediatric,Male,"",Primary,bone,RIKEN,"",RCB1032,Cell Line,,"","","","","","","","","",Adherent,MF-001-001,RPMI + 10% FBS,FALSE,None,"","","","",NOS1_BONE,"",TRUE,HMB-MDS,"",,SIDM00242,,""
ACH-000697,0.4854652718,0.570914877278628,CN-Low,Shallow CN Loss,3.4377524853,-0.793139187,PT-T19rUu,A3/KAW,A3KAW,DLBCLNOS,Lymphoid,Mature B-Cell Neoplasms,"Diffuse Large B-Cell Lymphoma, NOS",DLBCLNOS,"",CVCL_1062,68,Adult,Female,"",Primary,ascites,HSRRB,"",JCRB0101,Cell Line,,"","","","","","","","","",Suspension,MF-001-001,RPMI + 10% FBS,FALSE,None,"","","","",A3KAW_HAEMATOPOIETIC_AND_LYMPHOID_TISSUE,"",FALSE,Approved for public sharing - CCLE,"",1511,SIDM00495,910935,""
ACH-001642,0.937848049,0.954455450242851,CN-NonLow,CN Non-Low,2.2761213779,-0.3196992544,PT-HcsCe7,SCC-3,SCC3,MBN,Lymphoid,Non-Hodgkin Lymphoma,Mature B-Cell Neoplasms,MBN,"",CVCL_1683,20,Adult,Female,"",Primary,pleural_effusion,JCRB,"",JCRB0115,Cell Line,,"","","","","","","","","",Suspension,MF-001-001,RPMI + 10% FBS,FALSE,None,"","","","",SCC3_HAEMATOPOIETIC_AND_LYMPHOID_TISSUE,"",FALSE,HMB-MDS,"",1475,SIDM00384,910930,""
ACH-000426,0.6915670318,0.758360348003507,CN-NonLow,CN Non-Low,,-0.1474846867,PT-9qQHFN,KMS-20,KMS20,PCM,Lymphoid,Mature B-Cell Neoplasms,Plasma Cell Myeloma,PCM,"",CVCL_2990,65,Adult,Female,asian,Primary,bone_marrow,HSRRB,"",JCRB1196,Cell Line,,"","","","","","","","","",Suspension,MF-001-001,RPMI + 10% FBS,FALSE,None,"","","","",KMS20_HAEMATOPOIETIC_AND_LYMPHOID_TISSUE,"",FALSE,Approved for public sharing - CCLE,"",,"",,""
ACH-000947,0.9889822272,0.992030384846881,CN-NonLow,CN Non-Low,4.9598212242,-0.2320368922,PT-MsM9mi,OVK18,OVK18,EOV,Ovary/Fallopian Tube,Ovarian Epithelial Tumor,Endometrioid Ovarian Cancer,EOV,"",CVCL_3770,49,Adult,Female,"",Metastatic,ascites,RIKEN,"",RCB1903,Cell Line,,"","","","","","","","","",Adherent,MF-006-001,MEM + 10% FBS,FALSE,None,"","","","",OVK18_OVARY,"",FALSE,Approved for public sharing - CCLE,"",200,SIDM00238,1480371,""
ACH-000973,1.0845134912,1.0597107094571,CN-NonLow,CN Non-Low,5.0325241089,-0.4734222432,PT-P31KFG,639-V,639V,UCU,Bladder/Urinary Tract,Urethral Cancer,Urethral Urothelial Carcinoma,UCU,"",CVCL_1048,69,Adult,Male,caucasian,Primary,urinary_tract,ATCC,"","",Cell Line,,"","","","","","","","","",Adherent,MF-002-001,DMEM + 10% FBS,FALSE,None,"","","","",639V_URINARY_TRACT,"",FALSE,Approved for public sharing - CCLE,"",1483,SIDM00999,906798,""
ACH-000092,1.1839621826,1.12694787482562,CN-NonLow,CN Non-Low,4.9627571106,-0.2635730112,PT-GaubVg,NCI-H2452,NCIH2452,PLBMESO,Pleura,Pleural Mesothelioma,"Pleural Mesothelioma, Biphasic Type",PLBMESO,"",CVCL_1553,,Adult,Male,"",Metastatic,pleura,ATCC,"",CRL-5946,Cell Line,,"","","","","","","","","",Adherent,MF-001-001,RPMI + 10% FBS,FALSE,None,"","","","",NCIH2452_PLEURA,"",FALSE,Approved for public sharing - CCLE,"",624,SIDM00722,908462,""
ACH-000368,0.9063988903,0.930850016859478,CN-NonLow,CN Non-Low,4.9967546463,-0.4043491271,PT-U0kXHW,SNU-1105,SNU1105,GB,CNS/Brain,Adult-Type Diffuse Glioma,"Glioblastoma, IDH-Wildtype",GB,"",CVCL_5010,61,Adult,Male,asian,Primary,central_nervous_system,KCLB,"",1105,Cell Line,,"","","","","","","","","",Adherent,MF-001-001,RPMI + 10% FBS,FALSE,None,"","","","",SNU1105_CENTRAL_NERVOUS_SYSTEM,"",FALSE,Approved for public sharing - CCLE,"",,"",,""
ACH-000499,0.7343246833,0.794374011095863,CN-NonLow,CN Non-Low,4.7166070938,-0.4446539712,PT-m8xCzo,EW8,EW8,ES,Bone,Ewing Sarcoma,Ewing Sarcoma,ES,"",CVCL_V618,,Pediatric,Male,"",Primary,bone,Dana-Farber Cancer Institute,Kim Stegmaier,"",Cell Line,,"","","","","","","","","",Adherent,MF-002-003,DMEM + 10% FBS + 2mM Glutamine,FALSE,None,"","","","",EW8_BONE,"",TRUE,Approved for public sharing - CCLE,EWS::FLI,,"",,""
ACH-000881,0.9826594986,0.987436930788412,CN-NonLow,CN Non-Low,4.8744626045,-0.3083072149,PT-9PTPLm,MEL-JUSO,MELJUSO,SKCM,Skin,Melanoma,Cutaneous Melanoma,SKCM,"",CVCL_1403,58,Adult,Female,"",Primary,skin,DSMZ,"",ACC 74,Cell Line,,"","","","","","","","","",Adherent,MF-001-001,RPMI + 10% FBS,FALSE,None,"","","","",MELJUSO_SKIN,"",FALSE,Approved for public sharing - CCLE,"",626,SIDM00336,908125,""
ACH-002665,0.802675629,0.850139823540424,CN-NonLow,CN Non-Low,4.7279529572,,PT-BiMyGU,JVE-367,JVE367,HGNEC,Bowel,Gastrointestinal Neuroendocrine Tumors,High-Grade Neuroendocrine Carcinoma of the Colon and Rectum,HGNEC,"",CVCL_EG29,61,Adult,Female,"","",Colon,DSMZ,"",ACC-829,Cell Line,,"","","","","","","","","",Suspension,MF-001-020,RPMI + 20% FBS,FALSE,None,"","","","",JVE367_COLON,"",FALSE,HMB-MDS,"",,"",,""
ACH-000160,1.0083830688,1.00603446786924,CN-NonLow,CN Non-Low,4.3821897507,-0.3152261781,PT-0GrZ0k,BT-12,BT12,ATRT,CNS/Brain,Embryonal Tumor,Atypical Teratoid/Rhabdoid Tumor,ATRT,"",CVCL_M155,0,Pediatric,Female,"",Primary,brain,St. Jude Children's Research Hospital,Charles Roberts,"",Cell Line,,"","",Pre-treatment,"","","","","","",Adherent,MF-002-001,DMEM + 10% FBS,FALSE,None,"","","","",BT12_SOFT_TISSUE,"",TRUE,Approved for public sharing - CCLE,"",,"",,""
ACH-000318,0.8535005571,0.890252548782796,CN-NonLow,CN Non-Low,4.3197770119,-0.1811867353,PT-8hgOdH,TE-10,TE10,ESCC,Esophagus/Stomach,Esophageal Squamous Cell Carcinoma,Esophageal Squamous Cell Carcinoma,ESCC,"",CVCL_1760,58,Adult,Male,"",Primary,oesophagus,RIKEN,"",RCB2099,Cell Line,,"","","","","","","","","",Adherent,MF-001-001,RPMI + 10% FBS,FALSE,None,"","","","",TE10_OESOPHAGUS,"",FALSE,Approved for public sharing - CCLE,"",1561,SIDM00349,753622,""
ACH-001528,1.0513442939,1.03656965145514,CN-NonLow,CN Non-Low,4.9162569046,-0.2742278193,PT-1Qm9m0,IHH-4,IHH4,THPA,Thyroid,Well-Differentiated Thyroid Cancer,Papillary Thyroid Cancer,THPA,"",CVCL_2960,75,Adult,Male,"",Metastatic,lymph_node,JCRB,"",JCRB1079,Cell Line,,"","","","","","","","","",Adherent,MF-009-001,DMEM:RPMI (1:1) + 10% FBS,FALSE,None,"","","","",IHH4_THYROID,"",FALSE,HMB-MDS,"",331,SIDM00600,1240154,""
ACH-003307,0.5798710424,0.659806802653734,CN-NonLow,CN Non-Low,4.662302494,,PT-TdPffS,Het-1A,Het1A,ZTRA,"",Non-Cancerous,Transformed cell line,"","",CVCL_3702,74,Adult,Male,"",Primary,esophagus,ATCC,"",CRL-2692,Cell Line,,"",SV40,"","","","","","","",Adherent,MF-061-001,BEGM,FALSE,None,"","","","Indicated as originating from a 25 year old male in ATCC, but said to be derived from autopsy specimen from a 74 year old male.","","",FALSE,"","",,"",,""
ACH-000938,1.145047939,1.10100989042166,CN-NonLow,CN Non-Low,5.4352283478,-0.0323492306,PT-rgsUoa,NALM-6,NALM6,BALL,Lymphoid,B-Cell Acute Lymphoblastic Leukemia,B-Cell Acute Lymphoblastic Leukemia,"","IGH-DUX4 [t(10;14)(q26;q32)] PMID: 31243274, ETV6/PDGFRB",CVCL_0092,19,Adult,Male,"",Primary,haematopoietic_and_lymphoid_tissue,DSMZ,"",ACC 128,Cell Line,,"","","","","","","","","",Suspension,MF-001-017,RPMI + 15% FBS,FALSE,None,"","","","",NALM6_HAEMATOPOIETIC_AND_LYMPHOID_TISSUE,"",TRUE,Approved for public sharing - CCLE,IGH::DUX4,973,SIDM00429,908158,""
ACH-000700,0.4944066317,0.579572762394871,CN-Low,Shallow CN Loss,3.9490213394,-0.9651874954,PT-o9axOH,NCI-H2882,NCIH2882,LUSC,Lung,Non-Small Cell Lung Cancer,Lung Squamous Cell Carcinoma,LUSC,"",CVCL_5158,61,Adult,Female,"",Primary,lung,Academic lab,"","",Cell Line,,"","","","","","","","","",Adherent,MF-001-001,RPMI + 10% FBS,FALSE,None,"","","","",NCIH2882_LUNG,"",FALSE,Approved for public sharing - CCLE,"",,"",,""
ACH-000523,1.3374574554,1.22494010641545,CN-NonLow,CN Non-Low,5.7025299072,,PT-RZo2RD,NCI-H1184,NCIH1184,SCLC,Lung,Lung Neuroendocrine Tumor,Small Cell Lung Cancer,SCLC,"",CVCL_1458,42,Adult,Male,caucasian,Metastatic,lymph_node,ATCC,"","",Cell Line,,"","","","","","","","","",Mixed,MF-001-020,RPMI + 20% FBS,FALSE,None,"","","","",NCIH1184_LUNG,"",FALSE,Approved for public sharing - CCLE,"",,"",,""
ACH-001183,0.6994059624,0.765030531733819,CN-NonLow,CN Non-Low,5.0004463196,-0.3455755176,PT-ESM25t,RT112/84,RT11284,BLCA,Bladder/Urinary Tract,Bladder Urothelial Carcinoma,Bladder Urothelial Carcinoma,BLCA,"",CVCL_2714,,Unknown,Female,"",Primary,urinary_tract,ECACC,"","",Cell Line,,"","","","","","","","","",Adherent,MF-006-002,MEM + 10% FBS + 2mM Glutamine + 100uM NEAA,FALSE,None,"","","","",RT11284_URINARY_TRACT,"",FALSE,Approved for public sharing - CCLE,"",,SIDM01202,,""
ACH-000120,0.9956126941,0.996831751476851,CN-NonLow,CN Non-Low,5.4181833267,-0.316648763,PT-6jhjWI,CHP-212,CHP212,NBL,Peripheral Nervous System,Neuroblastoma,Neuroblastoma,NBL,"",CVCL_1125,1,Pediatric,Male,"",Primary,central_nervous_system,ATCC,"",CRL-2273,Cell Line,,"","","","","","","","","",Adherent,MF-027-001,EMEM:F12 + 10% FBS,FALSE,None,"","","","",CHP212_AUTONOMIC_GANGLIA,"",TRUE,Approved for public sharing - CCLE,MYC_Amplified,13,SIDM00910,906820,""
ACH-000574,0.702968525,0.768051770749842,CN-NonLow,CN Non-Low,4.1041016579,,PT-WpzPv5,FU-OV-1,FUOV1,HGSOC,Ovary/Fallopian Tube,Ovarian Epithelial Tumor,High-Grade Serous Ovarian Cancer,HGSOC,"",CVCL_2047,65,Adult,Female,asian,Primary,ovary,DSMZ,"","",Cell Line,,"","","","","","","","","",Adherent,MF-002-001,DMEM + 10% FBS,FALSE,None,"","","","",FUOV1_OVARY,"",FALSE,Approved for public sharing - CCLE,"",2063,SIDM01040,1240129,""
ACH-000906,0.7978862558,0.846301750894608,CN-NonLow,CN Non-Low,4.3645305634,-0.3095922068,PT-rH0cpo,ES-2,ES2,CCOV,Ovary/Fallopian Tube,Ovarian Epithelial Tumor,Clear Cell Ovarian Cancer,CCOV,"",CVCL_3509,47,Adult,Female,black_or_african_american,Primary,ovary,ATCC,"",CRL-1978,Cell Line,,"","","","","","","","","",Adherent,MF-001-001,RPMI + 10% FBS,FALSE,None,"","","","",ES2_OVARY,"",FALSE,Approved for public sharing - CCLE,"",869,SIDM00861,1240128,""
ACH-000671,0.7784395954,0.830611974176657,CN-NonLow,CN Non-Low,4.0242400169,-0.2539116711,PT-TtIXsL,HuH-6,HUH6,LIHB,Liver,Hepatoblastoma,Hepatoblastoma,LIHB,"",CVCL_4381,1,Pediatric,Male,asian,Primary,liver,RIKEN,"",RCB1367,Cell Line,,"","","","","","","","","",Adherent,MF-002-001,DMEM + 10% FBS,FALSE,None,"","","","",HUH6_LIVER,"",TRUE,Approved for public sharing - CCLE,"",,SIDM00062,,""
ACH-000431,0.8328635154,0.874099359262028,CN-NonLow,CN Non-Low,5.1203894615,-0.2335332517,PT-5l8uJX,NCI-H1694,NCIH1694,SCLC,Lung,Lung Neuroendocrine Tumor,Small Cell Lung Cancer,SCLC,"",CVCL_1489,61,Adult,Male,caucasian,Metastatic,ascites,ATCC,"",CRL-5888,Cell Line,,"","","","","","","","","",Suspension,MF-004-001,F12 + 10% FBS,FALSE,None,"","","","",NCIH1694_LUNG,"",FALSE,Approved for public sharing - CCLE,"",451,SIDM00741,688006,""
ACH-003184,0.9456889863,0.960281117219554,CN-NonLow,CN Non-Low,4.6293334961,-0.4456693463,PT-21NMVa,NRH-LMS2,NRHLMS2,LMS,Soft Tissue,Leiomyosarcoma,Leiomyosarcoma,LMS,"","",71,Adult,Female,"",Primary,soft_tissue,"Oslo University Hospital, The Norwegian Radium Hospital",Ola Myklebost,"",Cell Line,,"","",Pre-treatment,"","","","","","",Mixed,MF-001-014,RPMI + 5% FBS,FALSE,None,"","","","",NRH-LMS2,"",FALSE,"","",,"",,""
ACH-001461,0.4166881565,0.502522225028595,CN-Low,Shallow CN Loss,3.4220244884,-1.0438820988,PT-3wMRZS,C99,C99,READ,Bowel,Colorectal Adenocarcinoma,Rectal Adenocarcinoma,READ,"",CVCL_8176,69,Adult,Male,"",Primary,large_intestine,ECACC,"","",Cell Line,,"","","","","","","","","",Adherent,MF-005-002,IMDM + 10% FBS + 2mM Glutamine,FALSE,None,"","","","",C99_LARGE_INTESTINE,"",FALSE,HMB-MDS,"",,"",,""
ACH-000978,0.9959845858,0.997100579354649,CN-NonLow,CN Non-Low,4.5957841873,-0.5915072849,PT-bmKWJL,EN,EN,UCEC,Uterus,Endometrial Carcinoma,Endometrial Carcinoma,UCEC,"",CVCL_2034,50,Adult,Female,asian,Primary,endometrium,DSMZ,"",ACC 564,Cell Line,,"","","","","","","","","",Adherent,MF-001-001,RPMI + 10% FBS,FALSE,None,"","","","",EN_ENDOMETRIUM,"",FALSE,Approved for public sharing - CCLE,"",1919,SIDM01045,1240127,""
ACH-000622,0.9800875267,0.985564203812518,CN-NonLow,CN Non-Low,5.2338805199,-0.575370499,PT-25ATIE,KNS-42,KNS42,GB,CNS/Brain,Adult-Type Diffuse Glioma,"Glioblastoma, IDH-Wildtype",GB,"",CVCL_0378,16,Pediatric,Male,"",Primary,central_nervous_system,HSRRB,"",IFO50356,Cell Line,,"","","","","","","","","",Adherent,MF-015-006,EMEM + 5% FBS,FALSE,None,"","","","",KNS42_CENTRAL_NERVOUS_SYSTEM,"",TRUE,Approved for public sharing - CCLE,"",1149,SIDM00607,907282,""
ACH-002659,0.8169875508,0.861548534893641,CN-NonLow,CN Non-Low,5.5662765503,-0.2871150908,PT-btmPL5,JVE-127,JVE127,MACR,Bowel,Colorectal Adenocarcinoma,Mucinous Adenocarcinoma of the Colon and Rectum,MACR,"",CVCL_EG22,60,Adult,Male,"",Primary,Colon,DSMZ,"","",Cell Line,,"","","","","","","","","",Adherent,MF-001-001,RPMI + 10% FBS,FALSE,None,"","","","",JVE127_COLON,"",FALSE,HMB-MDS,"",,"",,""
ACH-000752,0.6674987314,0.737685663836472,CN-NonLow,CN Non-Low,4.8767132759,,PT-8aORoW,NCI-H196,NCIH196,SMARCA4-UT,Lung,SMARCA4-deficient undifferentiated tumor,SMARCA4-deficient undifferentiated tumor,"","",CVCL_1509,68,Adult,Male,caucasian,Metastatic,pleural_effusion,ATCC,"",CRL-5823,Cell Line,,"","","","","","","","","",Adherent,MF-001-001,RPMI + 10% FBS,FALSE,None,"","","","",NCIH196_LUNG,"",FALSE,Approved for public sharing - CCLE,"",1250,SIDM00761,1240186,""
ACH-000785,0.3168122444,0.39704965585777,CN-Low,Shallow CN Loss,3.9932396412,-2.0217401487,PT-AOPcW9,NCI-H2126,NCIH2126,LUAD,Lung,Non-Small Cell Lung Cancer,Lung Adenocarcinoma,LUAD,"",CVCL_1532,65,Adult,Male,caucasian,Metastatic,haematopoietic_and_lymphoid_tissue,ATCC,"",CCL-256,Cell Line,,"","","","","","","","","",Adherent,MF-007-010,DMEM:F12 + 5% FBS + 2mM Glutamine + 5ug/ml Insulin + 10ug/ml Transferrin + 30nM Selenium + 10nM Hydrocortisone + 10nM beta-Estradiol,FALSE,None,"","","","",NCIH2126_LUNG,"",FALSE,Approved for public sharing - CCLE,"",,SIDM00775,,""
ACH-000903,1.1723472823,1.11925475802344,CN-NonLow,CN Non-Low,4.9084429741,-0.230151784,PT-ZSsyUS,FTC-133,FTC133,THFO,Thyroid,Well-Differentiated Thyroid Cancer,Follicular Thyroid Cancer,THFO,"",CVCL_1219,42,Adult,Male,"",Metastatic,thyroid,ECACC,"",94060901,Cell Line,,"","","","","","","","","",Adherent,MF-007-002,DMEM:F12 + 10% FBS + 2mM Glutamine,FALSE,None,"","","","",FTC133_THYROID,"",FALSE,Approved for public sharing - CCLE,"",1007,SIDM00213,906864,""
ACH-002846,1.0325777383,1.02331053090555,CN-NonLow,CN Non-Low,4.0513458252,,PT-jZILSk,YUSEEP-M 16-3517,YUSEEPM163517,ACRM,Skin,Melanoma,Acral Melanoma,ACRM,"","",76,Adult,Male,"",Metastatic,left heel,Yale University,Ruth Halaban,"",Cell Line,,"","","","","","","","","",Suspension,MF-036-001,Opti-MEM + 5% FBS,FALSE,None,"","","","","","",FALSE,"","",,"",,""
ACH-001992,0.397861995,0.483221936566782,CN-Low,Shallow CN Loss,4.4129981995,-1.52669171,PT-nrQ0Fm,ONE58,ONE58,PLEMESO,Pleura,Pleural Mesothelioma,"Pleural Mesothelioma, Epithelioid Type",PLEMESO,"",CVCL_2671,58,Adult,Male,"",Primary,pleural_effusion,CellBank Australia,"",CBA-0143,Cell Line,,"","","","","","","","","",Adherent,MF-001-014,RPMI + 5% FBS,FALSE,None,"","","","",ONE58_LUNG,"",FALSE,HMB-MDS,"",,"",,""
ACH-000777,0.6325318364,0.707111126392563,CN-NonLow,CN Non-Low,5.3550548553,-0.2709105108,PT-kporZQ,KYSE-30,KYSE30,ESCC,Esophagus/Stomach,Esophageal Squamous Cell Carcinoma,Esophageal Squamous Cell Carcinoma,ESCC,"",CVCL_1351,64,Adult,Male,asian,Primary,oesophagus,DSMZ,"",ACC 351,Cell Line,,"","","","","","","","","",Adherent,MF-011-003,RPMI:F12 (1:1) + 20% FBS,FALSE,None,"","","","",KYSE30_OESOPHAGUS,"",FALSE,Approved for public sharing - CCLE,"",,SIDM00015,,""
ACH-001128,1.0112537832,1.00809513468334,CN-NonLow,CN Non-Low,4.9438557625,-0.4131947803,PT-u43maP,MON,MON,ERT,Soft Tissue,Rhabdoid Cancer,Extrarenal Rhabdoid Cancer,"","",CVCL_M846,0,Pediatric,Male,"","",soft_tissue,St. Jude Children's Research Hospital,Charles Roberts,"",Cell Line,,"","","","","","","","","",Adherent,MF-001-001,RPMI + 10% FBS,FALSE,None,"","","","",MON_SOFT_TISSUE,"",TRUE,Approved for public sharing - CCLE,"",,"",,""
ACH-002433,0.6199299027,0.695931386433927,CN-NonLow,CN Non-Low,3.6756238937,-1.3852043809,PT-k1gvKS,CCLF_PEDS_0019_T,CCLFPEDS0019T,OS,Bone,Osteosarcoma,Osteosarcoma,OS,"","",,Pediatric,Male,"",Primary,bone,CCLF,"","",Cell Line,,"","","","","","","","","",Adherent,MF-018-001,SMGM,FALSE,None,"","","","",CCLFPEDS0019T_BONE,HCM-BROD-0038-C41,TRUE,"","",,"",,""
ACH-002664,0.8726227551,0.905060294048124,CN-NonLow,CN Non-Low,5.6433367729,-0.6863547197,PT-FT4DA3,JVE-253,JVE253,MACR,Bowel,Colorectal Adenocarcinoma,Mucinous Adenocarcinoma of the Colon and Rectum,MACR,"",CVCL_EG28,48,Adult,Female,"",Metastatic,liver,DSMZ,"","",Cell Line,,"","","","","","","","","",Adherent,MF-001-001,RPMI + 10% FBS,FALSE,None,"","","","",JVE253_COLON,"",FALSE,HMB-MDS,"",,"",,""
ACH-000466,0.5649194194,0.646088372030093,CN-NonLow,CN Non-Low,4.9987959862,-0.6990249998,PT-IGNlGv,SNU-216,SNU216,TSTAD,Esophagus/Stomach,Esophagogastric Adenocarcinoma,Tubular Stomach Adenocarcinoma,TSTAD,"",CVCL_3946,46,Adult,Female,asian,Metastatic,lymph_node,KCLB,"",216,Cell Line,,"","","","","","","","","",Adherent,MF-001-001,RPMI + 10% FBS,FALSE,None,"","","","",SNU216_STOMACH,"",FALSE,Approved for public sharing - CCLE,"",,"",,""
ACH-000304,0.9586815016,0.969882822098004,CN-NonLow,CN Non-Low,5.2412834167,-0.3135306724,PT-JAyPtz,WM-115,WM115,MEL,Skin,Melanoma,Melanoma,MEL,"",CVCL_0040,55,Adult,Female,"",Metastatic,skin,ATCC,"",CRL-1675,Cell Line,,"","","","","","","","","",Adherent,MF-006-001,MEM + 10% FBS,FALSE,None,"","","","",WM115_SKIN,"",FALSE,Approved for public sharing - CCLE,"",1000,SIDM01000,909784,""
ACH-001670,0.7584531645,0.814306910030938,CN-NonLow,CN Non-Low,4.4386320114,-0.3032977478,PT-SJ98Vo,TASK1,TASK1,PNET,CNS/Brain,Embryonal Tumor,Primitive Neuroectodermal Tumor,PNET,"",CVCL_3177,21,Adult,Female,"",Primary,central_nervous_system,JCRB,"",JCRB0139,Cell Line,,"","","","","","","","","",Suspension,MF-002-001,DMEM + 10% FBS,FALSE,None,"","","","",TASK1_CENTRAL_NERVOUS_SYSTEM,"",TRUE,HMB-MDS,"",,SIDM00026,,""
ACH-000093,0.5236740425,0.607554302066176,CN-NonLow,CN Non-Low,4.9754328728,-0.5536942148,PT-X8PfQy,Panc 05.04,PANC0504,PAAD,Pancreas,Pancreatic Adenocarcinoma,Pancreatic Adenocarcinoma,PAAD,"",CVCL_1637,77,Adult,Female,caucasian,Primary,pancreas,ATCC,"",CRL-2557,Cell Line,,"","","","","","","","","",Adherent,MF-001-019,RPMI + 15% FBS + 2mM Glutamine + 1mM Sodium pyruvate + 60ug/ml Insulin + 10mM HEPES + 18mM Sodium bicarbonate + 25mM Glucose,FALSE,None,"","","","",PANC0504_PANCREAS,"",FALSE,Approved for public sharing - CCLE,"",,"",,""
ACH-000424,1.086562378,1.06112805076478,CN-NonLow,CN Non-Low,5.6056303978,-0.0540059555,PT-BIG8te,TC-71,TC71,ES,Bone,Ewing Sarcoma,Ewing Sarcoma,ES,"",CVCL_2213,22,Adult,Male,"",Primary,bone,DSMZ,"",ACC 516,Cell Line,,"","",Post-treatment,"","","","","","",Adherent,MF-005-001,IMDM + 10% FBS,FALSE,None,"","","","",TC71_BONE,"",TRUE,Approved for public sharing - CCLE,"",2194,SIDM00419,1240221,""
ACH-000405,1.1114954172,1.07826511591023,CN-NonLow,CN Non-Low,4.7316775322,-0.3183763688,PT-2VMIkL,MEC-1,MEC1,CLLSLL,Lymphoid,Mature B-Cell Neoplasms,Chronic Lymphocytic Leukemia/Small Lymphocytic Lymphoma,CLLSLL,"",CVCL_1870,61,Adult,Male,caucasian,"",haematopoietic_and_lymphoid_tissue,DSMZ,"","",Cell Line,,"","","","","","","","","",Suspension,MF-005-001,IMDM + 10% FBS,FALSE,None,"","","","",MEC1_HAEMATOPOIETIC_AND_LYMPHOID_TISSUE,"",FALSE,Approved for public sharing - CCLE,"",,SIDM00001,,""
ACH-001641,1.3360111053,1.22404713274668,CN-NonLow,CN Non-Low,6.441883564,-0.2002054395,PT-4X1Phg,SAT,SAT,HNSC,Head and Neck,Head and Neck Squamous Cell Carcinoma,Head and Neck Squamous Cell Carcinoma,HNSC,"",CVCL_3160,,Unknown,Unknown,"",Primary,upper_aerodigestive_tract,JCRB,"",JCRB1027,Cell Line,,"","","","","","","","","",Adherent,MF-001-001,RPMI + 10% FBS,FALSE,None,"","","","",SAT_UPPER_AERODIGESTIVE_TRACT,"",FALSE,HMB-MDS,"",562,SIDM00350,1299050,""
ACH-001996,0.5446891369,0.627316530183182,CN-NonLow,CN Non-Low,4.5505990982,,PT-rqZG3d,MGH-ICC18,MGHICC18,IHCH,Biliary Tract,Intraductal Papillary Neoplasm of the Bile Duct,Intrahepatic Cholangiocarcinoma,IHCH,"","",,Unknown,Unknown,"",Primary,biliary_tract,Massachusetts General Hospital,Nabeel Bardeesy,"",Cell Line,,"","","","","","","","","",Adherent,MF-001-001,RPMI + 10% FBS,FALSE,None,"","","","",ICC18_BILIARY_TRACT,"",FALSE,"","",,"",,""
ACH-002075,1.55700006,1.3544521944324,CN-NonLow,CN Non-Low,5.9755315781,,PT-TfxyGt,Lu-138,LU138,SCLC,Lung,Lung Neuroendocrine Tumor,Small Cell Lung Cancer,SCLC,"",CVCL_3350,78,Adult,Male,"",Primary,lung,RIKEN,"",RCB1785,Cell Line,,"","","","","","","","","",Mixed,MF-001-001,RPMI + 10% FBS,FALSE,None,"","","","",LU138_LUNG,"",FALSE,HMB-MDS,"",,"",,""
ACH-001001,0.9356397111,0.95281044260145,CN-NonLow,CN Non-Low,4.8728680611,-0.2543078595,PT-epgMPc,143B,143B,OS,Bone,Osteosarcoma,Osteosarcoma,OS,"",CVCL_2270,13,Pediatric,Female,caucasian,Primary,bone,ATCC,"",CRL-8303,Cell Line,,"","","","","","","","","",Adherent,MF-015-012,EMEM + 10% FBS + 0.015 mg/ml 5-bromo-2'-deoxyuridine,FALSE,None,"","","","",143B_BONE,"",TRUE,Approved for public sharing - CCLE,"",,SIDM00804,,""
ACH-000628,0.5458275046,0.628379341162886,CN-NonLow,CN Non-Low,4.6334953308,,PT-QC2SAk,NCI-H596,NCIH596,LUAS,Lung,Non-Small Cell Lung Cancer,Lung Adenosquamous Carcinoma,LUAS,"",CVCL_1571,73,Adult,Male,caucasian,Primary,lung,ATCC,"",HTB-178,Cell Line,,"","","","","","","","","",Adherent,"","",,None,"","","","",NCIH596_LUNG,"",FALSE,Approved for public sharing - CCLE,"",1225,SIDM01127,908459,""
ACH-000237,0.8306565517,0.87236115343143,CN-NonLow,CN Non-Low,4.8418273926,-0.9463396232,PT-wwKJYr,JHOM-1,JHOM1,MOV,Ovary/Fallopian Tube,Ovarian Epithelial Tumor,Mucinous Ovarian Cancer,MOV,"",CVCL_4644,88,Adult,Female,"",Primary,ovary,RIKEN,"",RCB1676,Cell Line,,"","","","","","","","","",Adherent,MF-007-018,DMEM:F12 + 10% FBS + 100uM NEAA,FALSE,None,"","","","",JHOM1_OVARY,"",FALSE,Approved for public sharing - CCLE,"",,"",,""
ACH-001200,1.3011524447,1.20235656110552,CN-NonLow,CN Non-Low,4.6690664291,,PT-XDzUk4,STM91-01,STM9101,MRT,Kidney,Rhabdoid Cancer,Rhabdoid Cancer,MRT,"",CVCL_8000,0,Pediatric,Male,"",Metastatic,lung,St. Jude Children's Research Hospital,Charles Roberts,"",Cell Line,,"","","","","","","","","",Adherent,MF-001-003,RPMI + 10% FBS + 2mM Glutamine,FALSE,None,"","","","",STM9101_SOFT_TISSUE,"",TRUE,Approved for public sharing - CCLE,"",,"",,""
ACH-000527,0.7355467783,0.795390250739555,CN-NonLow,CN Non-Low,5.0027832985,-0.4217007046,PT-oYazft,OVISE,OVISE,CCOV,Ovary/Fallopian Tube,Ovarian Epithelial Tumor,Clear Cell Ovarian Cancer,CCOV,"",CVCL_3116,40,Adult,Female,asian,Metastatic,bone,HSRRB,"",JCRB1043,Cell Line,,"","","","","","","","","",Adherent,MF-001-001,RPMI + 10% FBS,FALSE,None,"","","","",OVISE_OVARY,"",FALSE,Approved for public sharing - CCLE,"",358,SIDM00564,1240198,""
ACH-000853,0.9209795326,0.941842147648008,CN-NonLow,CN Non-Low,4.669860363,-0.4657873197,PT-FGrsoV,NCI-H661,NCIH661,LCLC,Lung,Non-Small Cell Lung Cancer,Large Cell Lung Carcinoma,LCLC,"",CVCL_1577,43,Adult,Male,caucasian,Metastatic,lymph_node,ATCC,"",HTB-183,Cell Line,,"","","","","","","","","",Adherent,MF-001-001,RPMI + 10% FBS,FALSE,None,"","","","",NCIH661_LUNG,"",FALSE,Approved for public sharing - CCLE,"",107,SIDM01122,687829,""
ACH-000206,1.0813810649,1.05754112178281,CN-NonLow,CN Non-Low,4.8653993607,-0.2765317444,PT-vEZ2Aw,C8166,C8166,ZTRABL,Lymphoid,Non-Cancerous,"Transformed cell line, B lymphoblast","",NRAS Gln61Lys,CVCL_1099,0,Fetus,Male,"","",B lymphoblastoid cells,Sigma-Aldrich,"",88051601,Cell Line,,"",HTLV-1,"","","","","","","",Suspension,MF-001-001,RPMI + 10% FBS,FALSE,None,"","","","",C8166_HAEMATOPOIETIC_AND_LYMPHOID_TISSUE,"",TRUE,Approved for public sharing - CCLE,"",,SIDM00072,,""
ACH-000437,0.9099101518,0.933504770930409,CN-NonLow,CN Non-Low,5.7618889809,-1.0943560341,PT-uhtVUf,SW 1088,SW1088,ASTR,CNS/Brain,Adult-Type Diffuse Glioma,"Astrocytoma, IDH-Mutant",ASTR,"",CVCL_1715,72,Adult,Male,caucasian,Primary,central_nervous_system,ATCC,"",HTB - 12,Cell Line,,"","","","","","","","","",Adherent,MF-001-001,RPMI + 10% FBS,FALSE,None,"","","","",SW1088_CENTRAL_NERVOUS_SYSTEM,"",FALSE,Approved for public sharing - CCLE,"",1310,SIDM01155,909745,""
ACH-001421,1.4344582709,1.28360077155319,CN-NonLow,CN Non-Low,4.9198122025,-0.3715719424,PT-WBS2Hf,WERI-Rb-1,WERIRB1,RBL,Eye,Retinoblastoma,Retinoblastoma,RBL,"",CVCL_1792,1,Pediatric,Female,"",Primary,eye,ATCC,"",HTB-169,Cell Line,,"","","","","","","","","",Suspension,MF-001-001,RPMI + 10% FBS,FALSE,None,"","","","",WERIRB1_AUTONOMIC_GANGLIA,"",TRUE,HMB-MDS,"",,"",,""
ACH-001608,0.9243454326,0.944367795556713,CN-NonLow,CN Non-Low,4.9986515045,-0.3799943066,PT-NaLtZ9,NP 2,NP2,GB,CNS/Brain,Adult-Type Diffuse Glioma,"Glioblastoma, IDH-Wildtype",GB,"",CVCL_1R15,63,Adult,Male,"",Primary,central_nervous_system,JCRB,"",JCRB1566,Cell Line,,"","","","","","","","","",Adherent,MF-002-001,DMEM + 10% FBS,FALSE,None,"","","","",NP2_CENTRAL_NERVOUS_SYSTEM,"",FALSE,HMB-MDS,"",,"",,""
ACH-000847,1.0000192973,1.00001391999235,CN-NonLow,CN Non-Low,4.2325148582,-0.4328834885,PT-dAMXIu,HGC-27,HGC27,STAD,Esophagus/Stomach,Esophagogastric Adenocarcinoma,Stomach Adenocarcinoma,STAD,"",CVCL_1279,,Unknown,Unknown,asian,Metastatic,lymph_node,ECACC,"",94042256,Cell Line,,"","","","","","","","","",Adherent,MF-006-002,MEM + 10% FBS + 2mM Glutamine + 100uM NEAA,FALSE,None,"","","","",HGC27_STOMACH,"",FALSE,Approved for public sharing - CCLE,"",1102,SIDM00290,907055,""
ACH-000401,1.1198418487,1.08395663620021,CN-NonLow,CN Non-Low,5.4671816826,-0.423774426,PT-hf4hbl,COLO-800,COLO800,SKCM,Skin,Melanoma,Cutaneous Melanoma,SKCM,"",CVCL_1135,14,Pediatric,Male,"",Metastatic,skin,ATCC,"",ACC-193,Cell Line,,"","","","","","","","","",Adherent,MF-001-001,RPMI + 10% FBS,FALSE,None,"","","","",COLO800_SKIN,"",FALSE,Approved for public sharing - CCLE,"",21,SIDM00515,906813,""
ACH-001623,0.8887065338,0.917398553964421,CN-NonLow,CN Non-Low,5.1278810501,-0.5374432598,PT-QBDrgb,Onda 8,ONDA8,GB,CNS/Brain,Adult-Type Diffuse Glioma,"Glioblastoma, IDH-Wildtype",GB,"",CVCL_4W68,31,Adult,Female,"",Primary,central_nervous_system,JCRB,"",JCRB1578,Cell Line,,"","","","","","","","","",Adherent,MF-002-001,DMEM + 10% FBS,FALSE,None,"","","","",ONDA8_CENTRAL_NERVOUS_SYSTEM,"",FALSE,HMB-MDS,"",,"",,""
ACH-000172,1.0175222909,1.01258461342535,CN-NonLow,CN Non-Low,5.0943417549,-0.2370897406,PT-o2d0Va,TM-87,TM87,ERT,Soft Tissue,Rhabdoid Cancer,Extrarenal Rhabdoid Cancer,"","",CVCL_8001,1,Pediatric,Male,"",Metastatic,pleural_effusion,St. Jude Children's Research Hospital,Charles Roberts,"",Cell Line,,"","","","","","","","","",Adherent,MF-002-001,DMEM + 10% FBS,FALSE,None,"","","","",TM87_SOFT_TISSUE,"",TRUE,Approved for public sharing - CCLE,"",,"",,""
ACH-003120,1.0343134769,1.02454200796753,CN-NonLow,CN Non-Low,5.6400771141,,PT-bMqrgV,NCI-H1607,NCIH1607,SCLC,Lung,Lung Neuroendocrine Tumor,Small Cell Lung Cancer,SCLC,"",CVCL_A467,54,Adult,Male,"",Metastatic,Unknown,"","","",Cell Line,,"","","","","","","","","",Adherent,MF-001-014,RPMI + 5% FBS,FALSE,None,"","","","",NCIH1607_LUNG,"",FALSE,HMB-MDS,"",,"",,""
ACH-000524,0.4130733813,0.49883638717837,CN-Low,Shallow CN Loss,3.8777933121,-0.4475783735,PT-6ZFCGi,KURAMOCHI,KURAMOCHI,HGSOC,Ovary/Fallopian Tube,Ovarian Epithelial Tumor,High-Grade Serous Ovarian Cancer,HGSOC,"",CVCL_1345,,Unknown,Female,asian,Metastatic,ascites,HSRRB,"",JCRB0098,Cell Line,,"","","","","","","","","",Adherent,MF-001-001,RPMI + 10% FBS,FALSE,None,"","","","",KURAMOCHI_OVARY,"",FALSE,Approved for public sharing - CCLE,"",854,SIDM00554,909975,""
ACH-001301,1.0280665801,1.02010501585376,CN-NonLow,CN Non-Low,5.1749973297,-0.1510255798,PT-9ShVj5,COG-N-278,COGN278,NBL,Peripheral Nervous System,Neuroblastoma,Neuroblastoma,NBL,"",CVCL_AX49,4,Pediatric,Unknown,unknown,Unknown,autonomic_ganglia,Children's Oncology Group (COG),"",Unavailable,Cell Line,,"","",Pre-treatment,"","",2B,"","","",Adherent,MF-005-005,IMDM + 20% FBS + 4mM Glutamine + 1x Insulin-Transferrin-Selenium,FALSE,None,"","","","",COGN278_AUTONOMIC_GANGLIA,"",TRUE,HMB-MDS,MYC_Amplified,,"",,""
ACH-000706,1.1817419196,1.12548045393738,CN-NonLow,CN Non-Low,5.2968425751,-0.1616977981,PT-srkn4o,EKVX,EKVX,LUAD,Lung,Non-Small Cell Lung Cancer,Lung Adenocarcinoma,LUAD,"",CVCL_1195,,Unknown,Male,"",Primary,lung,Academic lab,"","",Cell Line,,"","","","","","","","","",Adherent,MF-001-001,RPMI + 10% FBS,FALSE,None,"","","","",EKVX_LUNG,"",FALSE,Approved for public sharing - CCLE,"",322,SIDM00119,905970,""
ACH-000144,0.4014966902,0.486968337279658,CN-Low,Shallow CN Loss,4.205947876,-0.9604211701,PT-n15ylb,RERF-GC-1B,RERFGC1B,STAD,Esophagus/Stomach,Esophagogastric Adenocarcinoma,Stomach Adenocarcinoma,STAD,"",CVCL_3152,41,Adult,Male,asian,Metastatic,lymph_node,HSRRB,"",JCRB1009,Cell Line,,"","","","","","","","","",Adherent,MF-001-001,RPMI + 10% FBS,FALSE,None,"","","","",RERFGC1B_STOMACH,"",FALSE,Approved for public sharing - CCLE,"",285,SIDM00358,1240209,""
ACH-001053,1.1400483412,1.09764338579549,CN-NonLow,CN Non-Low,3.2136614323,-0.5419571145,PT-HMzBz8,D425,D425,MBLG3,CNS/Brain,Embryonal Tumor,"Medulloblastoma, Group 3",MBLG3,"",CVCL_1275,6,Pediatric,Male,"",Primary,central_nervous_system,Ohio State University,Yoon-Jae Cho,"",Cell Line,,"","","","","","","","","",Mixed,MF-002-006,DMEM + 10% FBS + 2mM glutamine + 500uM pyruvate,FALSE,None,"","","","",D425_CENTRAL_NERVOUS_SYSTEM,"",TRUE,HMB-MDS,MYC_Amplified,,"",,""
ACH-000385,0.6062559893,0.68370183374141,CN-NonLow,CN Non-Low,4.7737169266,-0.4859357341,PT-uqel7p,SK-RC-52,SKRC52,RCC,Kidney,Renal Cell Carcinoma,Renal Cell Carcinoma,RCC,"",CVCL_6198,51,Adult,Female,"",Primary,kidney,Dana-Farber Cancer Institute,Bill Kaelin,"",Cell Line,,"","","","","","","","","",Adherent,MF-001-002,RPMI + 10% FBS + 100uM NEAA,FALSE,None,"","","",This line was previously thought to be SK-RC-20 but upon STR analysis is actually SK-RC-52.,SKRC52_KIDNEY,"",FALSE,Approved for public sharing - CCLE,"",,"",,ACH-001195
ACH-002020,0.9626368125,0.972793225640256,CN-NonLow,CN Non-Low,4.73508358,-0.3250811315,PT-3SrUkP,SKG-IIIa,SKGIIIA,CESC,Cervix,Cervical Squamous Cell Carcinoma,Cervical Squamous Cell Carcinoma,CESC,"",CVCL_1704,38,Adult,Female,"",Primary,cervix,RIKEN,"",RCB1892,Cell Line,,"","","","","","","","","",Adherent,MF-004-001,F12 + 10% FBS,FALSE,None,"","","","",SKGIIIA_CERVIX,"",FALSE,HMB-MDS,"",,SIDM00381,,""
ACH-000927,1.2203102642,1.15076129159631,CN-NonLow,CN Non-Low,5.3415942192,,PT-Az6j9u,BT-474,BT474,IDC,Breast,Invasive Breast Carcinoma,Breast Invasive Ductal Carcinoma,IDC,"",CVCL_0179,60,Adult,Female,caucasian,Primary,breast,ATCC,"","",Cell Line,,"","","","","","","","","",Adherent,MF-001-001,RPMI + 10% FBS,FALSE,None,"","","","",BT474_BREAST,"",FALSE,Approved for public sharing - CCLE,"ER+, PR+, HER2+",412,SIDM00963,946359,""
ACH-000283,0.8438678528,0.882735263716451,CN-NonLow,CN Non-Low,5.0312056541,,PT-jCV3Db,A1207,A1207,GB,CNS/Brain,Adult-Type Diffuse Glioma,"Glioblastoma, IDH-Wildtype",GB,"",CVCL_8481,,Unknown,Female,"",Primary,central_nervous_system,Academic lab,Linda Chin,"",Cell Line,,"","","","","","","","","",Adherent,MF-002-001,DMEM + 10% FBS,FALSE,None,"","","","",A1207_CENTRAL_NERVOUS_SYSTEM,"",FALSE,Approved for public sharing - CCLE,"",,"",,""
ACH-001190,0.9875814203,0.991013960903692,CN-NonLow,CN Non-Low,5.3232870102,-0.1204134427,PT-IHNbDy,SK-MEL-2,SKMEL2,MEL,Skin,Melanoma,Melanoma,MEL,"",CVCL_0069,60,Adult,Male,caucasian,Metastatic,skin,ATCC,"",HTB-68,Cell Line,,"","","","","","","","","",Adherent,MF-006-001,MEM + 10% FBS,FALSE,None,"","","","",SKMEL2_SKIN,"",FALSE,Approved for public sharing - CCLE,"",1191,SIDM00082,905955,""
ACH-000956,0.9681810084,0.97686290762456,CN-NonLow,CN Non-Low,5.4510760307,-0.3083157201,PT-FFSOW0,22Rv1,22RV1,PRAD,Prostate,Prostate Adenocarcinoma,Prostate Adenocarcinoma,PRAD,"",CVCL_1045,,Adult,Male,"",Primary,prostate,ATCC,"",CRL-2505,Cell Line,,"","","","","","","","","",Adherent,MF-001-001,RPMI + 10% FBS,FALSE,None,"","","","",22RV1_PROSTATE,"",FALSE,Approved for public sharing - CCLE,"",1027,SIDM00499,924100,""
ACH-000790,1.0519682773,1.03700842756498,CN-NonLow,CN Non-Low,4.8740100861,-0.384559213,PT-EI5eP1,SHP-77,SHP77,SCLC,Lung,Lung Neuroendocrine Tumor,Small Cell Lung Cancer,SCLC,"",CVCL_1693,54,Adult,Male,caucasian,Primary,lung,ATCC,"",CRL-2195,Cell Line,,"","","","","","","","","",Mixed,MF-001-001,RPMI + 10% FBS,FALSE,None,"","","","",SHP77_LUNG,"",FALSE,Approved for public sharing - CCLE,"",1479,SIDM01078,724872,""
ACH-003103,1.0992442606,1.06987004326364,CN-NonLow,CN Non-Low,5.1876330376,,PT-h89iWz,Z-181,Z181,BALL,Lymphoid,B-Cell Acute Lymphoblastic Leukemia,B-Cell Acute Lymphoblastic Leukemia,"",BCR::ABL1,CVCL_IU89,32,Adult,Male,"","",bone_marrow,ATCC,"",CRL-3395,Cell Line,,"","","","","","","","","",Suspension,MF-003-001,AlphaMEM + 10% FBS,FALSE,None,"","","","",Z181_HAEMATOPOIETIC_AND_LYMPHOID_TISSUE,"",TRUE,HMB-MDS,BCR::ABL1,,"",,""
ACH-000183,1.3784319055,1.25001072153592,CN-NonLow,CN Non-Low,6.1597380638,-0.2163903749,PT-T1yBnE,L-363,L363,PCM,Lymphoid,Mature B-Cell Neoplasms,Plasma Cell Myeloma,PCM,"",CVCL_1357,36,Adult,Female,"",Primary,haematopoietic_and_lymphoid_tissue,DSMZ,"",ACC 49,Cell Line,,"","","","","","","","","",Suspension,MF-001-017,RPMI + 15% FBS,FALSE,None,"","","","",L363_HAEMATOPOIETIC_AND_LYMPHOID_TISSUE,"",FALSE,Approved for public sharing - CCLE,"",2224,SIDM00312,924239,""
ACH-000290,1.4570829392,1.29694655690765,CN-NonLow,CN Non-Low,6.051132679,-0.2252435065,PT-DzY90c,NCI-H209,NCIH209,SCLC,Lung,Lung Neuroendocrine Tumor,Small Cell Lung Cancer,SCLC,"",CVCL_1525,55,Adult,Male,caucasian,Metastatic,bone_marrow,ATCC,"","",Cell Line,,"","","","","","","","","",Suspension,MF-001-020,RPMI + 20% FBS,FALSE,None,"","","","",NCIH209_LUNG,"",FALSE,Approved for public sharing - CCLE,"",452,SIDM00706,688013,""
ACH-000025,0.5938942624,0.672555925331542,CN-NonLow,CN Non-Low,4.2718138695,-1.2977151561,PT-nrgozM,CH-157MN,CH157MN,MNG,CNS/Brain,Meningothelial Tumor,Meningioma,MNG,"",CVCL_5723,41,Adult,Female,"",Primary,central_nervous_system,Brigham and Women's Hospital,Ian Dunn,"",Cell Line,,"","","","","","","","","",Mixed,MF-002-001,DMEM + 10% FBS,FALSE,None,"","","","",CH157MN_CENTRAL_NERVOUS_SYSTEM,"",FALSE,Approved for public sharing - CCLE,"",,"",,""
ACH-002508,0.3547955943,0.438075200409517,CN-Low,Shallow CN Loss,3.8355503082,-1.8788504682,PT-SogXKU,WM3211,WM3211,ACRM,Skin,Melanoma,Acral Melanoma,ACRM,"",CVCL_6797,34,Adult,Female,"",Metastatic,lymph_node,QIMR Berghofer,Nicholas Hayward,"",Cell Line,,"","","","","","","","","",Adherent,MF-001-001,RPMI + 10% FBS,FALSE,None,"","","","",WM3211_SKIN,"",FALSE,HMB-MDS,"",,"",,""
ACH-000766,0.443897965,0.529968795833389,CN-Low,Shallow CN Loss,4.5456223488,-1.9228462463,PT-wZGKqJ,NCI-H1648,NCIH1648,LUAD,Lung,Non-Small Cell Lung Cancer,Lung Adenocarcinoma,LUAD,"",CVCL_1482,39,Adult,Male,black_or_african_american,Metastatic,lymph_node,ATCC,"",CRL-5882,Cell Line,,"","","","","","","","","",Adherent,MF-001-001,RPMI + 10% FBS,FALSE,None,"","","","",NCIH1648_LUNG,"",FALSE,Approved for public sharing - CCLE,"",712,SIDM00746,687799,""
ACH-000643,0.5910442293,0.669973941580242,CN-NonLow,CN Non-Low,4.0558376312,,PT-wBDiHn,HDQ-P1,HDQP1,IDC,Breast,Invasive Breast Carcinoma,Breast Invasive Ductal Carcinoma,IDC,"",CVCL_2067,50,Adult,Female,caucasian,Primary,breast,DSMZ,"","",Cell Line,,"","","","","","","","","",Adherent,MF-002-001,DMEM + 10% FBS,FALSE,None,"","","","",HDQP1_BREAST,"",FALSE,Approved for public sharing - CCLE,basal_A TNBC,743,SIDM01062,1290922,""
ACH-002061,1.1666582393,1.11547160596898,CN-NonLow,CN Non-Low,4.2596263885,-0.4781475165,PT-y8u0p3,P2UR/K-562,P2URK562,CMLBCRABL1,Myeloid,Myeloproliferative Neoplasms,"Chronic Myeloid Leukemia, BCR-ABL1+",CMLBCRABL1,BCR-ABL1 (e14-a2),CVCL_L434,53,Adult,Female,"",Primary,pleural_effusion,RIKEN,"",RCB1197,Cell Line,,"","","","","","","","","",Suspension,MF-002-008,DMEM + 5% FBS,FALSE,None,"","","","",P2URK562_HAEMATOPOIETIC_AND_LYMPHOID_TISSUE,"",TRUE,HMB-MDS,"",,"",,""
ACH-000898,0.9671952068,0.976140124829932,CN-NonLow,CN Non-Low,5.6402564049,-0.2423430293,PT-lvKDUW,SNU-719,SNU719,TSTAD,Esophagus/Stomach,Esophagogastric Adenocarcinoma,Tubular Stomach Adenocarcinoma,TSTAD,"",CVCL_5086,53,Adult,Male,asian,Primary,stomach,KCLB,"",719,Cell Line,,"","","","","","","","","",Mixed,MF-001-003,RPMI + 10% FBS + 2mM Glutamine,FALSE,None,"","","","",SNU719_STOMACH,"",FALSE,Approved for public sharing - CCLE,"",,"",,""
ACH-001143,0.9755218553,0.982233807013389,CN-NonLow,CN Non-Low,,,PT-grud9f,NKL,NKL,NKCLL,Lymphoid,T-Lymphoblastic Leukemia/Lymphoma,Natural Killer (NK) Cell Lymphoblastic Leukemia/Lymphoma (NKCLL),NKCLL,"",CVCL_0466,63,Adult,Male,"","",haematopoietic_and_lymphoid_tissue,Academic lab,"","",Cell Line,,"","","","","","","","","",Suspension,MF-001-059,RPMI + 10%FBS + 50U/ml IL-2,FALSE,None,"","","","",NKL_HAEMATOPOIETIC_AND_LYMPHOID_TISSUE,"",FALSE,HMB-MDS,"",,SIDM01880,,""
ACH-000801,0.6931492816,0.759709178389763,CN-NonLow,CN Non-Low,4.7120676041,-0.1057968846,PT-1I8hCi,Hs 936.T,HS936T,MEL,Skin,Melanoma,Melanoma,MEL,"",CVCL_1033,,Unknown,Male,"",Primary,skin,ATCC,"","",Cell Line,,"","","","","","","","","",Adherent,MF-002-001,DMEM + 10% FBS,FALSE,None,"","","","",HS936T_SKIN,"",FALSE,Approved for public sharing - CCLE,"",,"",,""
ACH-000855,0.699555294,0.765157299850696,CN-NonLow,CN Non-Low,5.2111210823,-0.2764262233,PT-8JwTBr,KYSE-150,KYSE150,ESCC,Esophagus/Stomach,Esophageal Squamous Cell Carcinoma,Esophageal Squamous Cell Carcinoma,ESCC,"",CVCL_1348,49,Adult,Female,asian,Primary,oesophagus,DSMZ,"",ACC 375,Cell Line,,"","","","","","","","","",Adherent,MF-011-002,RPMI:F12 (1:1) + 10% FBS,FALSE,None,"","","","",KYSE150_OESOPHAGUS,"",FALSE,Approved for public sharing - CCLE,"",407,SIDM01031,907317,""
ACH-000819,0.8259841484,0.868674241157855,CN-NonLow,CN Non-Low,4.8846416473,-0.5226947663,PT-1DyLm0,LN-18,LN18,GB,CNS/Brain,Adult-Type Diffuse Glioma,"Glioblastoma, IDH-Wildtype",GB,"",CVCL_0392,65,Adult,Male,caucasian,Primary,central_nervous_system,ATCC,"",CRL-2610,Cell Line,,"","","","","","","","","",Adherent,MF-002-008,DMEM + 5% FBS,FALSE,None,"","","","",LN18_CENTRAL_NERVOUS_SYSTEM,"",FALSE,Approved for public sharing - CCLE,"",1503,SIDM00685,1240168,""
ACH-002795,1.0159176765,1.01143672508277,CN-NonLow,CN Non-Low,4.9752955437,,PT-5JIQX7,NCC-CDS1-X1-C1,NCCCDS1X1C1,CDS,Soft Tissue,CIC-DUX4 Sarcoma,CIC-DUX4 Sarcoma,"","",CVCL_YL54,29,Adult,Female,"",Primary,soft_tissue,National Cancer Center Research Institute,Tadashi Kondo,"",Cell Line,,PDX,"","","","","","","","",Adherent,MF-007-006,DMEM:F12 + 10% FBS + GlutaMAX,FALSE,None,"","","","","","",TRUE,"",CIC::DUX4,,"",,""
ACH-000238,0.7167202392,0.779654953490548,CN-NonLow,CN Non-Low,5.1891841888,-0.2295618721,PT-Kf5TA3,SCC-4,SCC4,OCSC,Head and Neck,Head and Neck Squamous Cell Carcinoma,Oral Cavity Squamous Cell Carcinoma,OCSC,"",CVCL_1684,55,Adult,Male,"",Primary,upper_aerodigestive_tract,ATCC,"","",Cell Line,,"","","","","","","","","",Adherent,MF-007-022,DMEM:F12 + 10% FBS + 0.4ug/ml Hydrocortisone,FALSE,None,"","","","",SCC4_UPPER_AERODIGESTIVE_TRACT,"",FALSE,Approved for public sharing - CCLE,"",1476,SIDM01081,910904,ACH-001320
ACH-002653,1.0800918477,1.05664723283549,CN-NonLow,CN Non-Low,5.3315081596,,PT-W6W5Ni,JIH-5,JIH5,ALAL,Myeloid,Acute Leukemias of Ambiguous Lineage,Acute Leukemias of Ambiguous Lineage,ALAL,"EP300-ZNF384, CHD4-EP300",CVCL_EQ76,21,Adult,Female,"","",bone_marrow,DSMZ,"","",Cell Line,,"","","","","","","","","",Suspension,MF-005-004,IMDM + 20% FBS,FALSE,None,"","","","",JIH5_HAEMATOPOIETIC_AND_LYMPHOID_TISSUE,"",TRUE,HMB-MDS,ZNF384,,"",,""
ACH-000508,1.2518172831,1.17108976904339,CN-NonLow,CN Non-Low,6.3986120224,,PT-YUXlCn,COR-L88,CORL88,SCLC,Lung,Lung Neuroendocrine Tumor,Small Cell Lung Cancer,SCLC,"",CVCL_1141,55,Adult,Male,caucasian,Metastatic,pleural_effusion,ECACC,"",92031917,Cell Line,,"","","","","","","","","",Mixed,MF-001-003,RPMI + 10% FBS + 2mM Glutamine,FALSE,None,"","","","",CORL88_LUNG,"",FALSE,Approved for public sharing - CCLE,"",774,SIDM00506,906808,""
ACH-001745,0.8419678202,0.881247857279732,CN-NonLow,CN Non-Low,3.8839139938,-1.0214092341,PT-s7RWi4,RhJT,RHJT,ARMS,Soft Tissue,Rhabdomyosarcoma,Alveolar Rhabdomyosarcoma,ARMS,"",CVCL_VU81,,Pediatric,Male,"","",soft_tissue,University Hospital Zurich,Beat Schaefer,"",Cell Line,,"","","","","","","","","",Adherent,MF-002-001,DMEM + 10% FBS,FALSE,None,"","","","",RHJT_SOFT_TISSUE,"",TRUE,In Progress,"",,"",,""
ACH-000243,0.8042243928,0.851378778863602,CN-NonLow,CN Non-Low,5.1078009605,-0.6470440705,PT-dLpuzD,DAN-G,DANG,PAAD,Pancreas,Pancreatic Adenocarcinoma,Pancreatic Adenocarcinoma,PAAD,"",CVCL_0243,68,Adult,Female,"",Primary,pancreas,DSMZ,"",ACC 249,Cell Line,,"","","","","","","","","",Adherent,MF-001-001,RPMI + 10% FBS,FALSE,None,"","","","",DANG_PANCREAS,"",FALSE,Approved for public sharing - CCLE,"",871,SIDM00950,1290797,""
ACH-000416,0.5030197672,0.587863983208956,CN-NonLow,CN Non-Low,3.5163807869,-1.5454958872,PT-YdBNCw,NCI-H838,NCIH838,LUAD,Lung,Non-Small Cell Lung Cancer,Lung Adenocarcinoma,LUAD,"",CVCL_1594,59,Adult,Male,caucasian,Metastatic,lymph_node,ATCC,"",CRL-5844,Cell Line,,"","","","","","","","","",Adherent,MF-001-001,RPMI + 10% FBS,FALSE,None,"","","","",NCIH838_LUNG,"",FALSE,Approved for public sharing - CCLE,"",484,SIDM01150,910399,""
ACH-000382,1.1173312823,1.08224701423907,CN-NonLow,CN Non-Low,5.7337284088,,PT-LoagR0,COR-L24,CORL24,SCLC,Lung,Lung Neuroendocrine Tumor,Small Cell Lung Cancer,SCLC,"",CVCL_2409,71,Adult,Male,"",Metastatic,lymph_node,ECACC,"","",Cell Line,,"","","","","","","","","",Suspension,MF-001-003,RPMI + 10% FBS + 2mM Glutamine,FALSE,None,"","","","",CORL24_LUNG,"",FALSE,Approved for public sharing - CCLE,"",,"",,""
ACH-001671,0.730359666,0.791071942153189,CN-NonLow,CN Non-Low,4.5091004372,,PT-moKJzL,Tera-1,TERA1,EMBCA,Testis,Non-Seminomatous Germ Cell Tumor,Embryonal Carcinoma,EMBCA,"",CVCL_2776,47,Adult,Male,"",Metastatic,Embryonal,ATCC,"",HTB-105,Cell Line,,"","","","","","","","","",Adherent,MF-023-002,McCoy's 5A + 15% FBS,FALSE,None,"","","","",TERA1_TESTIS,"",FALSE,HMB-MDS,"",,"",,""
ACH-001046,1.0323367807,1.0231394924577,CN-NonLow,CN Non-Low,3.0684318542,,PT-JfAqx8,COR-L26,CORL26,SCLC,Lung,Lung Neuroendocrine Tumor,Small Cell Lung Cancer,SCLC,"",CVCL_2410,,Unknown,Female,"","",bone_marrow,Sigma-Aldrich,"",96020740,Cell Line,,"","","","","","","","","",Suspension,MF-001-003,RPMI + 10% FBS + 2mM Glutamine,FALSE,None,"","","","",CORL26_LUNG,"",FALSE,HMB-MDS,"",,"",,""
ACH-002926,1.0085991398,1.00618967122554,CN-NonLow,CN Non-Low,5.0026531219,-0.2412770948,PT-vu5jnE,UPMD1,UPMD1,UM,Eye,Ocular Melanoma,Uveal Melanoma,UM,"",CVCL_C297,,Unknown,Female,"",Primary,eye,QIMR Berghofer,"","",Cell Line,,"","","","","","","","","",Unknown,MF-001-001,RPMI + 10% FBS,FALSE,None,"","","","",UPMD1_Melanoma_Eye,"",FALSE,HMB-MDS,"",,"",,""
ACH-000377,0.8209919607,0.864724553130872,CN-NonLow,CN Non-Low,4.8012671471,-0.3926994923,PT-gf9GtH,SNU-478,SNU478,AMPCA,Ampulla of Vater,Ampullary Carcinoma,Ampullary Carcinoma,AMPCA,"",CVCL_5065,,Unknown,Unknown,asian,Primary,biliary_tract,KCLB,"",00478,Cell Line,,"","",Unknown,"","","","","","",Adherent,MF-001-005,RPMI + 10% FBS + 2mM Glutamine + 25mM HEPES + 25mM Sodium bicarbonate,FALSE,None,"","","","",SNU478_BILIARY_TRACT,"",FALSE,Approved for public sharing - CCLE,"",,SIDM00160,,""
ACH-001029,1.3614584936,1.23967817804461,CN-NonLow,CN Non-Low,6.1007609367,-0.2049074378,PT-NX1XUV,CHLA-10,CHLA10,ES,Bone,Ewing Sarcoma,Ewing Sarcoma,ES,"",CVCL_6583,14,Pediatric,Female,"","",lymph_node,Children's Oncology Group (COG),"","",Cell Line,,"","",Post-treatment,"","","","","",Progressive Disease,Adherent,MF-005-005,IMDM + 20% FBS + 4mM Glutamine + 1x Insulin-Transferrin-Selenium,FALSE,None,"","","","",CHLA10_BONE,"",TRUE,HMB-MDS,EWS::FLI,,"",,""
ACH-001019,0.9107096018,0.934108527724675,CN-NonLow,CN Non-Low,6.017786026,,PT-aqVcYn,BroLi,BROLI,MCC,Skin,Merkel Cell Carcinoma,Merkel Cell Carcinoma,MCC,"",CVCL_E997,55,Adult,Male,"","",pleural_effusion,Dana-Farber Cancer Institute,James DeCaprio,"",Cell Line,,"","","","","","","","","",Suspension,MF-001-001,RPMI + 10% FBS,FALSE,None,"","","","",BROLI_SKIN,"",FALSE,HMB-MDS,"",,"",,""
ACH-000921,1.0344145692,1.02461369885385,CN-NonLow,CN Non-Low,4.6453614235,-0.3281512402,PT-jKAU6d,NCI-H157-DM,NCIH157DM,LUSC,Lung,Non-Small Cell Lung Cancer,Lung Squamous Cell Carcinoma,LUSC,"",CVCL_0463,59,Adult,Male,caucasian,Metastatic,pleural_effusion,ATCC,"","",Cell Line,,"","","","","","","","","",Adherent,MF-001-020,RPMI + 20% FBS,FALSE,None,"","","",Previously thought to be NCI-H1339 but ICLAC determined that ATCC stock used by DepMap is actually NCI-H157 or a derivative,NCIH157DM_LUNG,"",FALSE,Approved for public sharing - CCLE,"",,"",,""
ACH-000395,0.8629680189,0.897602908111865,CN-NonLow,CN Non-Low,5.3836627007,-0.3033373734,PT-mQfWto,NCI-H520,NCIH520,LUSC,Lung,Non-Small Cell Lung Cancer,Lung Squamous Cell Carcinoma,LUSC,"",CVCL_1566,,Unknown,Male,"",Primary,lung,ATCC,"",HTB-182,Cell Line,,"","","","","","","","","",Adherent,MF-001-001,RPMI + 10% FBS,FALSE,None,"","","","",NCIH520_LUNG,"",FALSE,Approved for public sharing - CCLE,"",2200,SIDM01130,908443,""
ACH-002792,1.4063220386,1.26682973162489,CN-NonLow,CN Non-Low,5.7199501991,-0.1720321325,PT-wrg9dD,NCC-CCS1B-C1,NCCCCS1BC1,CCS,Soft Tissue,Clear Cell Sarcoma,Clear Cell Sarcoma,CCS,"",CVCL_B3TS,43,Adult,Female,"",Unknown,Unknown,National Cancer Center Research Institute,Tadashi Kondo,"",Cell Line,,PDX,"","","","","","","","",Adherent,MF-007-006,DMEM:F12 + 10% FBS + GlutaMAX,FALSE,None,"","","","",NCCCCS1BC1_Sarcoma_Clear_Cell,"",TRUE,"","",,"",,""
ACH-001695,0.6178776097,0.69410247392524,CN-NonLow,CN Non-Low,4.6411471367,-0.2665707441,PT-Rb8OWd,UPCI-SCC-099,UPCISCC099,OCSC,Head and Neck,Head and Neck Squamous Cell Carcinoma,Oral Cavity Squamous Cell Carcinoma,OCSC,"",CVCL_2225,52,Adult,Male,"",Primary,upper_aerodigestive_tract,DSMZ,"",ACC-665,Cell Line,,"","","","","","","","","",Adherent,MF-006-002,MEM + 10% FBS + 2mM Glutamine + 100uM NEAA,FALSE,None,"","","","",UPCISCC099_UPPER_AERODIGESTIVE_TRACT,"",FALSE,HMB-MDS,"",,"",,""
ACH-001985,1.0255569443,1.01831864395026,CN-NonLow,CN Non-Low,5.445183754,,PT-FwAKHG,NZM40,NZM40,MEL,Skin,Melanoma,Melanoma,MEL,"",CVCL_D832,47,Adult,Female,"",Metastatic,skin,CellBank Australia,"","",Cell Line,,"","","","","","","","","",Mixed,MF-003-003,AlphaMEM + 5% FBS + 1X Insulin-Transferrin-Selenium,FALSE,None,"","","","",NZM40_SKIN,"",FALSE,HMB-MDS,"",,"",,""
ACH-001668,0.9138941609,0.936511050426535,CN-NonLow,CN Non-Low,3.0773284435,-0.3467627485,PT-2w1URA,SUSA,SUSA,TT,Testis,Non-Seminomatous Germ Cell Tumor,Teratoma,TT,"",CVCL_L280,30,Adult,Male,"",Primary,Embryonal,DSMZ,"",747,Cell Line,,"","","","","","","","","",Adherent,MF-001-020,RPMI + 20% FBS,FALSE,None,"","","","",SUSA_TESTIS,"",FALSE,HMB-MDS,"",,"",,""
ACH-001362,1.1251216528,1.08754543083514,CN-NonLow,CN Non-Low,,,PT-lWWpjR,NCI-H1770,NCIH1770,NSCLC,Lung,Non-Small Cell Lung Cancer,Non-Small Cell Lung Cancer,NSCLC,"",CVCL_1493,57,Adult,Male,"",Metastatic,lymph_node,ATCC,"",CRL-5893,Cell Line,,"","","","","","","","","",Suspension,MF-013-001,ACL4 + 10% FBS,FALSE,None,"","","","",NCIH1770_LUNG,"",FALSE,HMB-MDS,"",1014,SIDM00737,687804,""
ACH-001685,1.0179489413,1.01288967143873,CN-NonLow,CN Non-Low,5.3912901878,-0.2791752751,PT-A1mKo8,U-HO1,UHO1,HL,Lymphoid,Hodgkin Lymphoma,Hodgkin Lymphoma,HL,"",CVCL_2220,23,Adult,Male,"",Primary,pleural_effusion,DSMZ,"","",Cell Line,,"","","","","","","","","",Suspension,MF-012-001,IMDM:RPMI (4:1) + 20% FBS + 2mM Glutamine,FALSE,None,"","","","",UHO1_HAEMATOPOIETIC_AND_LYMPHOID_TISSUE,"",FALSE,HMB-MDS,"",,"",,""
ACH-003100,1.1160703745,1.08138760819573,CN-NonLow,CN Non-Low,4.1635551453,,PT-Mi0cKz,EJ-1,EJ1,DLBCLNOS,Lymphoid,Mature B-Cell Neoplasms,"Diffuse Large B-Cell Lymphoma, NOS",DLBCLNOS,"",CVCL_UI82,82,Adult,Female,"",Primary,urinary_tract,ATCC,"",CRL-3380,Cell Line,,"","","","","","","","","",Suspension,MF-001-017,RPMI + 15% FBS,FALSE,None,"","","",This line is a T24 derivative (ICLAC). DepMap metadata has been updated (as of 22Q2) to reflect this.,EJ1_HAEMATOPOIETIC_AND_LYMPHOID_TISSUE,"",FALSE,HMB-MDS,"",,"",,""
ACH-001975,0.6192908347,0.695362125910427,CN-NonLow,CN Non-Low,4.6172513962,-0.4919918395,PT-IBpd8U,MM576,MM576,MEL,Skin,Melanoma,Melanoma,MEL,"",CVCL_2611,,Unknown,Unknown,"",Metastatic,lymph_node,CellBank Australia,"",CBA-1357,Cell Line,,"","","","","","","","","",Adherent,MF-001-004,RPMI + 10% FBS + 2mM Glutamine + 25mM HEPES,FALSE,None,"","","","",MM576_SKIN,"",FALSE,HMB-MDS,"",,"",,""
ACH-000347,0.5068318172,0.591518401652542,CN-NonLow,CN Non-Low,4.4069108963,,PT-J6GNwJ,QGP-1,QGP1,PANET,Pancreas,Pancreatic Neuroendocrine Tumor,Pancreatic Neuroendocrine Tumor,PANET,"",CVCL_3143,61,Adult,Male,asian,Primary,pancreas,HSRRB,"",JCRB0183,Cell Line,,"","","","","","","","","",Adherent,MF-001-001,RPMI + 10% FBS,FALSE,None,"","","","",QGP1_PANCREAS,"",FALSE,Approved for public sharing - CCLE,"",469,SIDM00360,1298534,""
ACH-000738,1.0686768706,1.0487083123851,CN-NonLow,CN Non-Low,5.4263114929,-0.7003803896,PT-8oCN4x,GB-1,GB1,GB,CNS/Brain,Adult-Type Diffuse Glioma,"Glioblastoma, IDH-Wildtype",GB,"",CVCL_1227,35,Adult,Male,"",Primary,central_nervous_system,HSRRB,"",IFO50489,Cell Line,,"","","","","","","","","",Adherent,MF-006-001,MEM + 10% FBS,FALSE,None,"","","","",GB1_CENTRAL_NERVOUS_SYSTEM,"",FALSE,Approved for public sharing - CCLE,"",2095,SIDM00581,687568,""
ACH-000696,0.435848908,0.521903944740675,CN-Low,Shallow CN Loss,4.0369253159,-0.5190713733,PT-AlUnJX,OVCAR-8,OVCAR8,HGSOC,Ovary/Fallopian Tube,Ovarian Epithelial Tumor,High-Grade Serous Ovarian Cancer,HGSOC,"",CVCL_1629,64,Adult,Female,"",Primary,ovary,NCI/DCTD,"","",Cell Line,,"","","","","","","","","",Adherent,MF-001-001,RPMI + 10% FBS,FALSE,None,"","","","",OVCAR8_OVARY,"",FALSE,Approved for public sharing - CCLE,"",2131,SIDM00090,905991,""
ACH-000773,0.925854889,0.945499001827759,CN-NonLow,CN Non-Low,4.5840544701,-0.0655254315,PT-vEVB0H,Ki-JK,KIJK,ALCLALKP,Lymphoid,Mature T and NK Neoplasms,Anaplastic Large-Cell Lymphoma ALK Positive,ALCLALKP,NPM1-ALK,CVCL_2093,15,Pediatric,Male,"","",pleural_effusion,HSRRB,"","",Cell Line,,"","","","","","","","","",Suspension,MF-001-020,RPMI + 20% FBS,FALSE,None,"","","","",KIJK_HAEMATOPOIETIC_AND_LYMPHOID_TISSUE,"",TRUE,Approved for public sharing - CCLE,"",,"",,""
ACH-000496,1.4155061329,1.2723255157355,CN-NonLow,CN Non-Low,5.2976021767,-0.2719993346,PT-5umTu0,NCI-H1792,NCIH1792,LUAD,Lung,Non-Small Cell Lung Cancer,Lung Adenocarcinoma,LUAD,"",CVCL_1495,50,Adult,Male,caucasian,Metastatic,pleural_effusion,ATCC,"",CRL-5895,Cell Line,,"","","","","","","","","",Adherent,MF-001-001,RPMI + 10% FBS,FALSE,None,"","","","",NCIH1792_LUNG,"",FALSE,Approved for public sharing - CCLE,"",2122,SIDM00771,724868,""
ACH-000007,1.0089338582,1.00643006580457,CN-NonLow,CN Non-Low,5.1775631905,-0.0592854952,PT-NOXwpH,LS513,LS513,COAD,Bowel,Colorectal Adenocarcinoma,Colon Adenocarcinoma,COAD,"",CVCL_1386,63,Adult,Male,caucasian,Primary,large_intestine,ATCC,"",CRL-2134,Cell Line,,"","","","","","","","","",Adherent,MF-001-001,RPMI + 10% FBS,FALSE,None,"","","","",LS513_LARGE_INTESTINE,"",FALSE,Approved for public sharing - CCLE,"",569,SIDM00677,907795,ACH-001078
ACH-002648,0.9533516071,0.965951660521537,CN-NonLow,CN Non-Low,5.7154817581,,PT-u9AiP6,CX-03,CX03,UCS,Uterus,Endometrial Carcinoma,Uterine Carcinosarcoma/Uterine Malignant Mixed Mullerian Tumor,UCS,"",CVCL_RQ40,49,Adult,Female,"","",endometrium,DSMZ,"",ACC-816,Cell Line,,"","","","","","","","","",Adherent,MF-002-009,DMEM + 20% FBS,FALSE,None,"","","","",CX03_ENDOMETRIUM,"",FALSE,HMB-MDS,"",,"",,""
ACH-000965,1.0271485894,1.01945184180615,CN-NonLow,CN Non-Low,5.1619400978,-0.2662719855,PT-de7J0H,RL95-2,RL952,UASC,Uterus,Endometrial Carcinoma,Uterine Adenosquamous Carcinoma,UASC,"",CVCL_0505,65,Adult,Female,caucasian,Primary,endometrium,ATCC,"",CRL-1671,Cell Line,,"","","","","","","","","",Adherent,MF-007-010,DMEM:F12 + 5% FBS + 2mM Glutamine + 5ug/ml Insulin + 10ug/ml Transferrin + 30nM Selenium + 10nM Hydrocortisone + 10nM beta-Estradiol,FALSE,None,"","","","",RL952_ENDOMETRIUM,"",FALSE,Approved for public sharing - CCLE,"",2215,SIDM01088,930082,""
ACH-000639,2.3412678602,1.74039564417897,CN-NonLow,CN Non-Low,6.5758914948,-0.1142296982,PT-PkJ80f,NCI-H211,NCIH211,SCLC,Lung,Lung Neuroendocrine Tumor,Small Cell Lung Cancer,SCLC,"",CVCL_1529,50,Adult,Female,caucasian,Metastatic,bone_marrow,ATCC,"",CRL-5824,Cell Line,,"","","","","","","","","",Mixed,MF-001-001,RPMI + 10% FBS,FALSE,None,"","","","",NCIH211_LUNG,"",FALSE,Approved for public sharing - CCLE,"",2107,SIDM00704,1240189,""
ACH-002994,1.077898998,1.05512552978308,CN-NonLow,CN Non-Low,5.1027421951,,PT-JpUzYa,WSU-AML,WSUAML,AML,Myeloid,Acute Myeloid Leukemia,Acute Myeloid Leukemia,AML,CBFA2T3-GLIS2 [PubMed:28109323],CVCL_5607,,Unknown,Unknown,"","",haematopoietic_and_lymphoid_tissue,BiolVT,"","",Cell Line,,"","","","","","","","","",Suspension,MF-001-001,RPMI + 10% FBS,FALSE,None,"","","","",WSU-AML_PROSTATE,"",TRUE,In Progress,CBFA2T3::GLIS2,,"",,""
ACH-001700,0.7361782338,0.795915060582076,CN-NonLow,CN Non-Low,4.6930241585,,PT-XOtBvB,UPCI-SCC-172,UPCISCC172,OPHSC,Head and Neck,Head and Neck Squamous Cell Carcinoma,Oropharynx Squamous Cell Carcinoma,OPHSC,"",CVCL_2231,68,Adult,Male,"",Primary,upper_aerodigestive_tract,DSMZ,"",ACC-661,Cell Line,,"","","","","","","","","",Adherent,MF-006-002,MEM + 10% FBS + 2mM Glutamine + 100uM NEAA,FALSE,None,"","","","",UPCISCC172_UPPER_AERODIGESTIVE_TRACT,"",FALSE,HMB-MDS,"",,"",,""
ACH-002017,0.7577217157,0.813706679605775,CN-NonLow,CN Non-Low,4.6404533386,,PT-aDprgI,Omm1,OMM1,UM,Eye,Ocular Melanoma,Uveal Melanoma,UM,"",CVCL_6939,74,Adult,Male,"",Metastatic,skin,Leiden University,"","",Cell Line,,"","","","","","","","","",Adherent,MF-001-022,RPMI + 20% FBS + 3mM Glutamine,FALSE,None,"","","","",OMM1_UVEA,"",FALSE,HMB-MDS,"",,"",,""
ACH-003121,14.9979145108,3.99981194243582,CN-NonLow,CN Non-Low,7.9855060577,,PT-alOnYu,NCI-H2679,NCIH2679,SCLC,Lung,Lung Neuroendocrine Tumor,Small Cell Lung Cancer,SCLC,"",CVCL_A550,,Unknown,Female,"",Metastatic,Unknown,"","","",Cell Line,,"","","","","","","","","",Adherent,MF-001-014,RPMI + 5% FBS,FALSE,None,"","","","",NCIH2679_LUNG,"",FALSE,HMB-MDS,"",,"",,""
ACH-000894,0.885719017,0.915114722152663,CN-NonLow,CN Non-Low,4.4335136414,-0.2108278953,PT-RPtiPJ,NCI-H1869,NCIH1869,LUSC,Lung,Non-Small Cell Lung Cancer,Lung Squamous Cell Carcinoma,LUSC,"",CVCL_1500,58,Adult,Male,caucasian,Metastatic,pleural_effusion,ATCC,"",CRL-5900,Cell Line,,"","","","","","","","","",Adherent,MF-007-020,DMEM:F12 + 10%FBS + 2mM Glutamine + 20ug/ml Insulin + 10ug/ml Transferrin + 25nM Sodium Selenite + 50nM Hydrocortisone + 1ng/ml EGF + 10uM Ethanolamine + 10uM Phosphorylethanolamine + 100pM Triiodo-L-Thyronine + 0.5% BSA + 10mM HEPES + 500uM Sodium Pyruvate,FALSE,None,"","","","",NCIH1869_LUNG,"",FALSE,Approved for public sharing - CCLE,"",90,SIDM00768,1240183,""
ACH-001489,1.1326208553,1.09262750116911,CN-NonLow,CN Non-Low,5.804828167,,PT-JQqnTw,COR-L32,CORL32,LUSC,Lung,Non-Small Cell Lung Cancer,Lung Squamous Cell Carcinoma,LUSC,"",CVCL_2413,,Unknown,Unknown,"",Metastatic,bone_marrow,Sigma-Aldrich,"","",Cell Line,,"","","","","","","","","",Suspension,MF-001-003,RPMI + 10% FBS + 2mM Glutamine,FALSE,None,"","","","",CORL32_LUNG,"",FALSE,HMB-MDS,"",1168,SIDM00508,1322212,""
ACH-000803,1.6413000437,1.40124819660938,CN-NonLow,CN Non-Low,5.9976038933,,PT-dQkCfQ,COLO 668,COLO668,SCLC,Lung,Lung Neuroendocrine Tumor,Small Cell Lung Cancer,SCLC,"",CVCL_1128,47,Adult,Female,"",Metastatic,central_nervous_system,ECACC,"",87061209,Cell Line,,"","","","","","","","","",Suspension,MF-001-001,RPMI + 10% FBS,FALSE,None,"","","","",COLO668_LUNG,"",FALSE,Approved for public sharing - CCLE,"",1072,SIDM00143,910692,""
ACH-000701,0.5894923516,0.668566074459344,CN-NonLow,CN Non-Low,4.4658179283,-0.6262501516,PT-ColGZ0,RMUG-S,RMUGS,MOV,Ovary/Fallopian Tube,Ovarian Epithelial Tumor,Mucinous Ovarian Cancer,MOV,"",CVCL_3158,62,Adult,Female,"",Primary,ovary,HSRRB,"",IFO50320,Cell Line,,"","","","","","","","","",Adherent,MF-004-001,F12 + 10% FBS,FALSE,None,"","","","",RMUGS_OVARY,"",FALSE,Approved for public sharing - CCLE,"",,"",,""
ACH-000277,0.5978510509,0.676132928826987,CN-NonLow,CN Non-Low,4.7911109924,-0.3460130152,PT-osxHUh,HCC1419,HCC1419,IDC,Breast,Invasive Breast Carcinoma,Breast Invasive Ductal Carcinoma,IDC,"",CVCL_1251,42,Adult,Female,"",Primary,breast,ATCC,"","",Cell Line,,"","","","","","","","","",Adherent,MF-001-001,RPMI + 10% FBS,FALSE,None,"","","","",HCC1419_BREAST,"",FALSE,Approved for public sharing - CCLE,HER2+,1551,SIDM00882,907045,""
ACH-001987,0.9954177651,0.996690823912041,CN-NonLow,CN Non-Low,5.7139406204,,PT-bdkOD5,NZM43,NZM43,MEL,Skin,Melanoma,Melanoma,MEL,"",CVCL_D834,49,Adult,Male,"",Metastatic,lung,CellBank Australia,"","",Cell Line,,"","","","","","","","","",Adherent,MF-003-003,AlphaMEM + 5% FBS + 1X Insulin-Transferrin-Selenium,FALSE,None,"","","","",NZM43_SKIN,"",FALSE,HMB-MDS,"",,"",,""
ACH-000532,0.3939733641,0.479202994600905,CN-Low,Shallow CN Loss,3.8680446148,-0.2700683468,PT-663aNr,SNU-61,SNU61,READ,Bowel,Colorectal Adenocarcinoma,Rectal Adenocarcinoma,READ,"",CVCL_5078,48,Adult,Male,asian,Metastatic,liver,KCLB,"",61,Cell Line,,"","","","","","","","","",Adherent,MF-001-001,RPMI + 10% FBS,FALSE,None,"","","","",SNU61_LARGE_INTESTINE,"",FALSE,Approved for public sharing - CCLE,"",151,SIDM00194,1660035,""
ACH-002526,1.0827281062,1.05847451223504,CN-NonLow,CN Non-Low,5.2024412155,-0.4841640363,PT-z0Yk96,SNU-1327,SNU1327,LUAD,Lung,Non-Small Cell Lung Cancer,Lung Adenocarcinoma,LUAD,"",CVCL_5022,84,Adult,Male,"",Metastatic,pleural_effusion,KCLB,"","",Cell Line,,"","","","","","","","","",Adherent,MF-001-005,RPMI + 10% FBS + 2mM Glutamine + 25mM HEPES + 25mM Sodium bicarbonate,FALSE,None,"","","","",SNU1327_LUNG,"",FALSE,HMB-MDS,"",,"",,""
ACH-002435,0.9784573692,0.984375979181544,CN-NonLow,CN Non-Low,4.3617682457,,PT-NHtv6U,CCLF_PEDS_0022_T,CCLFPEDS0022T,WT,Kidney,Wilms' Tumor,Wilms' Tumor,WT,"","",0,Pediatric,Male,caucasian,Primary,kidney,CCLF,"","",Cell Line,,"","",Pre-treatment,"","","","","","",Adherent,"","",,None,"","","","",CCLFPEDS0022T_KIDNEY,HCM-BROD-0055-C64,TRUE,"","",,"",,""
ACH-000846,0.3716972707,0.455962118354354,CN-Low,Shallow CN Loss,4.7489657402,-1.0924238929,PT-tolPHE,FaDu,FADU,HPHSC,Head and Neck,Head and Neck Squamous Cell Carcinoma,Hypopharynx Squamous Cell Carcinoma,HPHSC,"",CVCL_1218,56,Adult,Male,caucasian,Primary,upper_aerodigestive_tract,ATCC,"",HTB-43,Cell Line,,"","","","","","","","","",Adherent,MF-006-001,MEM + 10% FBS,FALSE,None,"","","","",FADU_UPPER_AERODIGESTIVE_TRACT,"",FALSE,Approved for public sharing - CCLE,"",1170,SIDM00860,906863,""
ACH-000198,1.0151946701,1.010919211469,CN-NonLow,CN Non-Low,5.1388759613,-0.1221562483,PT-FYT6ze,EOL-1,EOL1,AML,Myeloid,Acute Myeloid Leukemia,Acute Myeloid Leukemia,AML,"FIP1L1::PDGFRA, KMT2A partial tandem duplication",CVCL_0258,33,Adult,Male,"",Primary,haematopoietic_and_lymphoid_tissue,DSMZ,"",ACC 386,Cell Line,,"","","","","","","","","",Suspension,MF-001-001,RPMI + 10% FBS,FALSE,None,"","","","",EOL1_HAEMATOPOIETIC_AND_LYMPHOID_TISSUE,"",TRUE,Approved for public sharing - CCLE,"FIP1L1::PDGFRA, KMT2A-PTD, PHF6",426,SIDM00277,906856,""
ACH-000557,1.0330640471,1.02365566475377,CN-NonLow,CN Non-Low,4.6128535271,-0.1914111882,PT-CVf0Wr,AML-193,AML193,AMLMRC,Myeloid,Acute Myeloid Leukemia,AML with Myelodysplasia-Related Changes,AMLMRC,"BCORL1 Arg784Ter, NRAS Gly13Val, and TP53 993+2T>G",CVCL_1071,13,Pediatric,Female,"",Primary,haematopoietic_and_lymphoid_tissue,ATCC,"",CRL-9589,Cell Line,,"","","","","","","","","",Suspension,MF-005-007,IMDM + 5% FBS + 10ug/ml Insulin + 5ug/ml Transferrin + 2ng/ml GM-CSF,FALSE,None,"","","","",AML193_HAEMATOPOIETIC_AND_LYMPHOID_TISSUE,"",TRUE,Approved for public sharing - CCLE,"SFPQ::ZFP36L1, NRAS, EZH2, PHF6",,"",,""
ACH-001134,0.4919385435,0.5771881087742,CN-Low,Shallow CN Loss,2.5510804653,-0.5845872805,PT-YD7WB8,MYLA,MYLA,NHL,Lymphoid,Non-Hodgkin Lymphoma,Non-Hodgkin Lymphoma,NHL,"","",,Unknown,Male,"","",haematopoietic_and_lymphoid_tissue,Academic lab,"","",Cell Line,,"","","","","","","","","",Suspension,"","",,None,"","","","",MYLA_HAEMATOPOIETIC_AND_LYMPHOID_TISSUE,"",TRUE,In Progress,"",,"",,""
ACH-000009,0.5512161259,0.633399706388076,CN-NonLow,CN Non-Low,4.6203575134,-0.5901511697,PT-puKIyc,C2BBe1,C2BBE1,COAD,Bowel,Colorectal Adenocarcinoma,Colon Adenocarcinoma,COAD,"",CVCL_1096,72,Adult,Male,caucasian,Primary,Colon,ATCC,"",CRL-2102,Cell Line,,"","","","","","","","","",Adherent,MF-002-021,DMEM + 10% FBS + 0.01 mg/ml Transferrin,FALSE,None,"","","","",C2BBE1_LARGE_INTESTINE,"",FALSE,Approved for public sharing - CCLE,"",2104,SIDM01233,910700,""
ACH-000168,1.0372578675,1.02662860210932,CN-NonLow,CN Non-Low,4.3258900642,-0.0333000861,PT-FTVcJW,NOMO-1,NOMO1,AMOL,Myeloid,Acute Myeloid Leukemia,Acute Monoblastic/Monocytic Leukemia,AMOL,"KMT2A-MLLT3, EP300, KRAS and TP53 mutations",CVCL_1609,31,Adult,Female,"",Primary,bone_marrow,HSRRB,"",IFO50474,Cell Line,,"","","","","","","","","",Suspension,MF-001-001,RPMI + 10% FBS,FALSE,None,"","","","",NOMO1_HAEMATOPOIETIC_AND_LYMPHOID_TISSUE,"",TRUE,Approved for public sharing - CCLE,"",297,SIDM00580,908451,""
ACH-000410,0.8231989231,0.866471977566468,CN-NonLow,CN Non-Low,4.7747344971,-0.5091281132,PT-mOrUlf,Saos-2,SAOS2,OS,Bone,Osteosarcoma,Osteosarcoma,OS,"",CVCL_0548,11,Pediatric,Female,caucasian,Primary,bone,ATCC,"",HTB-85,Cell Line,,"","","","","","","","","",Adherent,MF-023-002,McCoy's 5A + 15% FBS,FALSE,None,"","","","",SAOS2_BONE,"",TRUE,Approved for public sharing - CCLE,"",399,SIDM01084,909707,""
ACH-000036,0.558594394,0.640245532333689,CN-NonLow,CN Non-Low,3.8355503082,-0.7947159521,PT-llPs5J,U343,U343,GB,CNS/Brain,Adult-Type Diffuse Glioma,"Glioblastoma, IDH-Wildtype",GB,"",CVCL_4773,64,Adult,Male,"",Primary,central_nervous_system,Academic lab,Linda Chin,"",Cell Line,,"","","","","","","","","",Adherent,MF-002-001,DMEM + 10% FBS,FALSE,None,"","","","",U343_CENTRAL_NERVOUS_SYSTEM,"",FALSE,Approved for public sharing - CCLE,"",,"",,""
ACH-000123,1.0171546882,1.01232172318828,CN-NonLow,CN Non-Low,4.769528389,-0.1266448381,PT-hlFfQW,COV434,COV434,SCCO,Ovary/Fallopian Tube,Ovarian Epithelial Tumor,Small Cell Carcinoma of the Ovary,SCCO,"",CVCL_2010,26,Adult,Female,"",Primary,ovary,ECACC,"",7071909,Cell Line,,"","","","","","","","","",Adherent,MF-002-003,DMEM + 10% FBS + 2mM Glutamine,FALSE,None,"","","","",COV434_OVARY,"",FALSE,Approved for public sharing - CCLE,"",,"",,""
ACH-001737,1.074992057,1.0531058138819,CN-NonLow,CN Non-Low,5.4402513504,-0.8704420815,PT-KaownI,CCRF-HSB-2-DM,CCRFHSB2DM,TALL,Lymphoid,T-Lymphoblastic Leukemia/Lymphoma,T-Cell Acute Lymphoblastic Leukemia,"",TAL1-TRB,"",,Pediatric,Male,"",Primary,haematopoietic_and_lymphoid_tissue,Dana-Farber Cancer Institute,Kim Stegmaier,"",Cell Line,,"","","","","","","","","",Suspension,MF-001-001,RPMI + 10% FBS,FALSE,None,"","","",Originally thought to be CTV1-DM. Upon DSMZ investigation CTV1 is a contaminated cell line. This cell line has been updated to CCRF-HSB-2.,CTV1DM_HAEMATOPOIETIC_AND_LYMPHOID_TISSUE,"",TRUE,HMB-MDS,TAL1,,"",,""
ACH-002475,1.1209982298,1.08474341678557,CN-NonLow,CN Non-Low,4.8132987022,-0.363236616,PT-gjpFPM,HAP1,HAP1,CMLBCRABL1,Myeloid,Myeloproliferative Neoplasms,"Chronic Myeloid Leukemia, BCR-ABL1+",CMLBCRABL1,"",CVCL_Y019,40,Adult,Male,"","",bone_marrow,Horizon Discovery,"","",Cell Line,,"","","","","","","","","",Adherent,MF-005-001,IMDM + 10% FBS,FALSE,None,genetic knockout,Engineered haploid line,"","",HAP1_ENGINEERED,"",TRUE,HMB-MDS,BCR::ABL1,,"",,""
ACH-000454,1.2004871824,1.13782296821425,CN-NonLow,CN Non-Low,5.4459285736,-0.3167098006,PT-u7ecNk,HCC-95,HCC95,LUSC,Lung,Non-Small Cell Lung Cancer,Lung Squamous Cell Carcinoma,LUSC,"",CVCL_5137,65,Adult,Male,caucasian,Metastatic,pleural_effusion,KCLB,"",70095,Cell Line,,"","","","","","","","","",Adherent,MF-001-001,RPMI + 10% FBS,FALSE,None,"","","","",HCC95_LUNG,"",FALSE,Approved for public sharing - CCLE,"",,"",,""
ACH-000253,0.7363900304,0.796091044396722,CN-NonLow,CN Non-Low,5.1802434921,-0.9629181291,PT-BLAWlD,COLO 201,COLO201,COAD,Bowel,Colorectal Adenocarcinoma,Colon Adenocarcinoma,COAD,"",CVCL_1987,70,Adult,Male,caucasian,Metastatic,ascites,ATCC,"","",Cell Line,,"","","","","","","","","",Mixed,MF-001-001,RPMI + 10% FBS,FALSE,None,"","","","",COLO201_LARGE_INTESTINE,"",FALSE,Approved for public sharing - CCLE,"",,SIDM00823,,""
ACH-000559,0.7033969576,0.768414678132383,CN-NonLow,CN Non-Low,5.2483301163,-0.4226514622,PT-xIjoai,NCI-H1836,NCIH1836,SCLC,Lung,Lung Neuroendocrine Tumor,Small Cell Lung Cancer,SCLC,"",CVCL_1498,52,Adult,Male,caucasian,Primary,lung,ATCC,"",CRL-5898,Cell Line,,"","","","","","","","","",Suspension,MF-007-010,DMEM:F12 + 5% FBS + 2mM Glutamine + 5ug/ml Insulin + 10ug/ml Transferrin + 30nM Selenium + 10nM Hydrocortisone + 10nM beta-Estradiol,FALSE,None,"","","","",NCIH1836_LUNG,"",FALSE,Approved for public sharing - CCLE,"",1829,SIDM00770,1240182,""
ACH-000576,1.0176024153,1.01264190785017,CN-NonLow,CN Non-Low,4.485742569,0.032451839,PT-EvS9IW,KMS-27,KMS27,PCM,Lymphoid,Mature B-Cell Neoplasms,Plasma Cell Myeloma,PCM,"",CVCL_2993,52,Adult,Male,asian,Primary,haematopoietic_and_lymphoid_tissue,HSRRB,"",JCRB1188,Cell Line,,"","","","","","","","","",Suspension,MF-001-001,RPMI + 10% FBS,FALSE,None,"","","","",KMS27_HAEMATOPOIETIC_AND_LYMPHOID_TISSUE,"",FALSE,Approved for public sharing - CCLE,"",,"",,""
ACH-000800,0.9413422803,0.957054503706952,CN-NonLow,CN Non-Low,4.3180999756,-0.4632584591,PT-RmrNlb,NCI-H446,NCIH446,SCLC,Lung,Lung Neuroendocrine Tumor,Small Cell Lung Cancer,SCLC,"",CVCL_1562,61,Adult,Male,caucasian,Metastatic,pleural_effusion,ATCC,"",HTB-171,Cell Line,,"","","","","","","","","",Adherent,MF-001-001,RPMI + 10% FBS,FALSE,None,"","","","",NCIH446_LUNG,"",FALSE,Approved for public sharing - CCLE,"",1222,SIDM00965,688023,""
ACH-000716,0.6974893047,0.763402484570225,CN-NonLow,CN Non-Low,4.4632496834,-0.4076638535,PT-EhboSJ,TT2609-C02,TT2609C02,THFO,Thyroid,Well-Differentiated Thyroid Cancer,Follicular Thyroid Cancer,THFO,"",CVCL_2218,57,Adult,Male,caucasian,Primary,thyroid,DSMZ,"",ACC 510,Cell Line,,"","","","","","","","","",Adherent,MF-001-020,RPMI + 20% FBS,FALSE,None,"","","","",TT2609C02_THYROID,"",FALSE,Approved for public sharing - CCLE,"",1457,SIDM00418,1240223,""
ACH-003284,1.0010994363,1.00079285774471,CN-NonLow,CN Non-Low,5.2050051689,,PT-vf1l6I,WI-38,WI38,ZFIB,Fibroblast,Non-Cancerous,Fibroblast,"","",CVCL_0579,,Fetus,Female,"",Primary,lung,ATCC,"",CCL-75,Cell Line,,"",Not Transformed,"","","","","","","",Adherent,MF-015-001,EMEM + 10% FBS,FALSE,None,"","","","","","",FALSE,"","",,"",,""
ACH-001021,0.9450191043,0.959784325670856,CN-NonLow,CN Non-Low,3.1068022251,-0.2367555898,PT-qL6HtY,C3A,C3A,LIHB,Liver,Hepatoblastoma,Hepatoblastoma,LIHB,"",CVCL_1098,15,Pediatric,Male,caucasian,Primary,liver,ATCC,"",CRL-3581,Cell Line,,"","","","","","","","","",Adherent,MF-015-001,EMEM + 10% FBS,FALSE,None,"","","","",C3A_LIVER,"",TRUE,Approved for public sharing - CCLE,"",1161,SIDM01237,910850,ACH-003593
ACH-000393,0.7661947258,0.820644411196422,CN-NonLow,CN Non-Low,4.7372813225,-0.6117603471,PT-saZI6H,HLF,HLF,HCC,Liver,Hepatocellular Carcinoma,Hepatocellular Carcinoma,HCC,"",CVCL_2947,68,Adult,Male,asian,Primary,liver,HSRRB,"",JCRB0405,Cell Line,,"","","","","","","","","",Adherent,MF-006-001,MEM + 10% FBS,FALSE,None,"","","","",HLF_LIVER,"",FALSE,Approved for public sharing - CCLE,"",,SIDM00065,,""
ACH-001211,0.9955273455,0.996770048805051,CN-NonLow,CN Non-Low,4.7334465981,-0.2579452241,PT-ZmNOms,TTC-549,TTC549,ERT,Soft Tissue,Rhabdoid Cancer,Extrarenal Rhabdoid Cancer,"","",CVCL_8005,6,Pediatric,Female,"","",soft_tissue,St. Jude Children's Research Hospital,Charles Roberts,"",Cell Line,,"","","","","","","","","",Adherent,MF-001-001,RPMI + 10% FBS,FALSE,None,"","","","",TTC549_SOFT_TISSUE,"",TRUE,Approved for public sharing - CCLE,"",,"",,""
ACH-001201,0.9600969495,0.970925014087294,CN-NonLow,CN Non-Low,3.8692002296,,PT-ONhJf5,SU-MB-002,SUMB002,MBLNOS,CNS/Brain,Embryonal Tumor,"Medulloblastoma, NOS",MBLNOS,"",CVCL_VU79,,Pediatric,Unknown,"",Primary,central_nervous_system,Ohio State University,Yoon-Jae Cho,"",Cell Line,,"","","","","","","","","",Adherent,MF-032-002,Tumor Stem Media + 10ng/mL PDGFAA and 10ng/mL PDGFBB,TRUE,None,"","","","",SUMB002_CENTRAL_NERVOUS_SYSTEM,"",TRUE,HMB-MDS,"",,"",,""
ACH-000641,1.0204612501,1.01468468271432,CN-NonLow,CN Non-Low,4.639793396,,PT-XYdNvp,CMK,CMK,MLADS,Myeloid,Acute Myeloid Leukemia,Myeloid Leukemia Associated with Down Syndrome,MLADS,TP53::FXR2,CVCL_0216,0,Pediatric,Male,"",Primary,haematopoietic_and_lymphoid_tissue,DSMZ,"",ACC-392,Cell Line,,"","","","","","","","","",Suspension,MF-001-020,RPMI + 20% FBS,FALSE,None,"","","","",CMK_HAEMATOPOIETIC_AND_LYMPHOID_TISSUE,"",TRUE,Approved for public sharing - CCLE,TP53::FXR2,734,SIDM00959,910566,""
ACH-001354,0.6983934822,0.764170739841691,CN-NonLow,CN Non-Low,4.4341878891,-0.1600411096,PT-6gsVP1,LAN-2,LAN2,NBL,Peripheral Nervous System,Neuroblastoma,Neuroblastoma,NBL,"",CVCL_1829,3,Pediatric,Female,"",Primary,autonomic_ganglia,DSMZ,"","",Cell Line,,"","","","","","","","","",Adherent,MF-038-001,RPMI:EMEM (3:2) + 20% FBS + 2 mM L-glutamine + 100uM NEAA,FALSE,None,"","","","",LAN2_AUTONOMIC_GANGLIA,"",TRUE,HMB-MDS,MYC_Amplified,,"",,""
ACH-000505,0.4483912405,0.534451356902271,CN-Low,Shallow CN Loss,4.0378828049,-0.5541765727,PT-yLm1aj,RKN,RKN,LMS,Soft Tissue,Leiomyosarcoma,Leiomyosarcoma,LMS,"",CVCL_3156,45,Adult,Female,asian,Primary,ovary,HSRRB,"",JCRB0176,Cell Line,,"","","","","","","","","",Adherent,MF-004-001,F12 + 10% FBS,FALSE,None,"","","","",RKN_SOFT_TISSUE,"",FALSE,Approved for public sharing - CCLE,"",1471,SIDM00353,1298539,""
ACH-000515,1.2306188532,1.15744402072032,CN-NonLow,CN Non-Low,5.8418273926,-0.4029928974,PT-BuE22y,HCC-33,HCC33,SCLC,Lung,Lung Neuroendocrine Tumor,Small Cell Lung Cancer,SCLC,"",CVCL_2058,52,Adult,Male,caucasian,Metastatic,pleural_effusion,DSMZ,"",ACC-487,Cell Line,,"","","","","","","","","",Suspension,MF-001-020,RPMI + 20% FBS,FALSE,None,"","","","",HCC33_LUNG,"",FALSE,Approved for public sharing - CCLE,"",353,SIDM01071,1303901,""
ACH-001578,0.7993321377,0.847461517431411,CN-NonLow,CN Non-Low,4.6339483261,-0.379844505,PT-OqrZ3f,NCCIT,NCCIT,EMBCA,Testis,Non-Seminomatous Germ Cell Tumor,Embryonal Carcinoma,EMBCA,"",CVCL_1451,24,Adult,Male,"",Primary,lung,ATCC,"",CRL-2073,Cell Line,,"","","","","","","","","",Adherent,MF-001-001,RPMI + 10% FBS,FALSE,None,"","","","",NCCIT_TESTIS,"",FALSE,HMB-MDS,"",1098,SIDM00655,908441,""
ACH-001344,0.8582601981,0.893952525523595,CN-NonLow,CN Non-Low,4.8376708031,-0.1086730736,PT-smWXLD,GI-ME-N,GIMEN,NBL,Peripheral Nervous System,Neuroblastoma,Neuroblastoma,NBL,"",CVCL_1232,3,Pediatric,Female,"",Metastatic,bone_marrow,DSMZ,"",ACC 654,Cell Line,,"","","","","","","","","",Adherent,MF-001-001,RPMI + 10% FBS,FALSE,None,"","","","",GIMEN_AUTONOMIC_GANGLIA,"",TRUE,HMB-MDS,"",1530,SIDM00227,906872,""
ACH-000782,1.1764353168,1.12196714416967,CN-NonLow,CN Non-Low,5.5237503052,-0.083233695,PT-IjgcRg,SEM,SEM,BALL,Lymphoid,B-Cell Acute Lymphoblastic Leukemia,B-Cell Acute Lymphoblastic Leukemia,"",KMT2A-AFF1,CVCL_0095,5,Pediatric,Female,"",Primary,haematopoietic_and_lymphoid_tissue,DSMZ,"",ACC 546,Cell Line,,"","","","","","","","","",Suspension,MF-005-001,IMDM + 10% FBS,FALSE,None,"","","","",SEM_HAEMATOPOIETIC_AND_LYMPHOID_TISSUE,"",TRUE,Approved for public sharing - CCLE,KMT2A::AFF1,,"",,""
ACH-000021,1.0439003501,1.03132485971922,CN-NonLow,CN Non-Low,4.8368077278,-0.1651774959,PT-9p1WQv,NCI-H1693,NCIH1693,LUAD,Lung,Non-Small Cell Lung Cancer,Lung Adenocarcinoma,LUAD,"",CVCL_1488,55,Adult,Female,caucasian,Metastatic,lymph_node,ATCC,"",CRL-5887,Cell Line,,"","","","","","","","","",Adherent,MF-001-001,RPMI + 10% FBS,FALSE,None,"","","","",NCIH1693_LUNG,"",FALSE,Approved for public sharing - CCLE,"",634,SIDM00742,687802,""
ACH-002215,0.9978368818,0.998438795630335,CN-NonLow,CN Non-Low,4.8029894829,-0.2378398476,PT-tSpUfL,BC-3,BC3,PEL,Lymphoid,Mature B-Cell Neoplasms,Primary Effusion Lymphoma,PEL,"",CVCL_1080,85,Adult,Male,"","",pleural_effusion,ATCC,"",CRL-2277,Cell Line,,"","","","","","","","","",Suspension,MF-001-020,RPMI + 20% FBS,FALSE,None,"","","","",BC3_PLEURA,"",FALSE,HMB-MDS,"",590,SIDM00895,910918,""
ACH-000649,0.8662101604,0.900111462231567,CN-NonLow,CN Non-Low,5.2604622841,-0.3775259864,PT-4QH2lI,786-O,786O,CCRCC,Kidney,Renal Cell Carcinoma,Renal Clear Cell Carcinoma,CCRCC,"",CVCL_1051,58,Adult,Male,caucasian,Primary,kidney,ATCC,"",CRL-1932,Cell Line,,"","","","","","","","","",Adherent,MF-001-001,RPMI + 10% FBS,FALSE,None,"","","","",786O_KIDNEY,"",FALSE,Approved for public sharing - CCLE,"",301,SIDM00125,905947,""
ACH-001791,0.8901343458,0.918488781076587,CN-NonLow,CN Non-Low,2.6340193748,-0.151585212,PT-lRwItD,LPS6,LPS6,LIPO,Soft Tissue,Liposarcoma,Liposarcoma,LIPO,"",CVCL_A1VR,,Unknown,Unknown,"","",soft_tissue,Dana-Farber Cancer Institute,Peter Sicinska,"",Cell Line,,"","","","","","","","","",Adherent,MF-007-002,DMEM:F12 + 10% FBS + 2mM Glutamine,FALSE,None,"","","","",LPS6_SOFT_TISSUE,"",FALSE,In Progress,"",,"",,""
ACH-000734,0.830618552,0.872331206499176,CN-NonLow,CN Non-Low,4.1889152527,-0.1093267709,PT-s6JoAb,JHH-5,JHH5,HCC,Liver,Hepatocellular Carcinoma,Hepatocellular Carcinoma,HCC,"",CVCL_0364,50,Adult,Male,asian,Primary,liver,HSRRB,"",JCRB1029,Cell Line,,"","","","","","","","","",Adherent,MF-022-001,William's E medium + 10% FBS,FALSE,None,"","","","",JHH5_LIVER,"",FALSE,Approved for public sharing - CCLE,"",,"",,""
ACH-002478,0.9129248432,0.935780192830581,CN-NonLow,CN Non-Low,5.0565619469,-0.3769710254,PT-pqMaYc,BC-2,BC2,PEL,Lymphoid,Mature B-Cell Neoplasms,Primary Effusion Lymphoma,PEL,"",CVCL_1856,31,Adult,Male,"",Primary,pleural_effusion,ATCC,"",CRL-2231,Cell Line,,"","","","","","","","","",Suspension,MF-001-020,RPMI + 20% FBS,FALSE,None,"","","","",BC2_HAEMATOPOIETIC_AND_LYMPHOID_TISSUE,"",FALSE,HMB-MDS,"",,"",,""
ACH-000148,1.1410721372,1.09833340395672,CN-NonLow,CN Non-Low,4.6487989426,-0.4764425979,PT-sW6DWH,Hs 578T,HS578T,BRCNOS,Breast,Invasive Breast Carcinoma,"Breast Invasive Carcinoma, NOS",BRCNOS,"",CVCL_0332,74,Adult,Female,caucasian,Primary,breast,ATCC,"","",Cell Line,,"","","","","","","","","",Adherent,MF-002-001,DMEM + 10% FBS,FALSE,None,"","","","",HS578T_BREAST,"",FALSE,Approved for public sharing - CCLE,basal_B TNBC,655,SIDM00135,905957,""
ACH-002170,1.5031718972,1.32375736682435,CN-NonLow,CN Non-Low,6.2681422234,,PT-tr3kfu,NCI-H1688,NCIH1688,SCLC,Lung,Lung Neuroendocrine Tumor,Small Cell Lung Cancer,SCLC,"",CVCL_1487,50,Adult,Male,"",Metastatic,liver,ATCC,"","",Cell Line,,"","","","","","","","","",Adherent,MF-001-001,RPMI + 10% FBS,FALSE,None,"","","","",NCIH1688_LUNG,"",FALSE,HMB-MDS,"",348,SIDM00792,1298349,""
ACH-000389,1.3533396871,1.23470957790361,CN-NonLow,CN Non-Low,5.3534255028,-0.0423032925,PT-9RF4Fl,H4,H4,ASTR,CNS/Brain,Adult-Type Diffuse Glioma,"Astrocytoma, IDH-Mutant",ASTR,"",CVCL_1239,37,Adult,Male,caucasian,Primary,central_nervous_system,ATCC,"",HTB-148,Cell Line,,"","","","","","","","","",Adherent,MF-001-001,RPMI + 10% FBS,FALSE,None,"","","","",H4_CENTRAL_NERVOUS_SYSTEM,"",FALSE,Approved for public sharing - CCLE,"",1244,SIDM00852,907042,""
ACH-000858,0.4390599968,0.52512674168311,CN-Low,Shallow CN Loss,3.4975867271,-0.4523374796,PT-obWM4y,KNS-62,KNS62,LUSC,Lung,Non-Small Cell Lung Cancer,Lung Squamous Cell Carcinoma,LUSC,"",CVCL_1335,49,Adult,Male,"",Metastatic,central_nervous_system,ATCC,"",Cannot find on ATCC website,Cell Line,,"","","","","","","","","",Adherent,MF-003-001,AlphaMEM + 10% FBS,FALSE,None,"","","","",KNS62_LUNG,"",FALSE,Approved for public sharing - CCLE,"",1369,SIDM00606,753569,""
ACH-000511,1.3508345646,1.23317301571189,CN-NonLow,CN Non-Low,5.8874545097,-0.2271220159,PT-R4QjAn,Calu-1,CALU1,LUSC,Lung,Non-Small Cell Lung Cancer,Lung Squamous Cell Carcinoma,LUSC,"",CVCL_0608,47,Adult,Male,caucasian,Metastatic,pleura,ATCC,"",HTB-54,Cell Line,,"","","","","","","","","",Adherent,MF-023-001,McCoy's 5A + 10% FBS,FALSE,None,"","","","",CALU1_LUNG,"",FALSE,Approved for public sharing - CCLE,"",,"",,""
ACH-002936,1.0862558902,1.06091612280553,CN-NonLow,CN Non-Low,4.1207332611,,PT-v13Wpd,CCLF_PEDS_0043_T,CCLFPEDS0043T,ARMS,Soft Tissue,Rhabdomyosarcoma,Alveolar Rhabdomyosarcoma,ARMS,"","",13,Pediatric,Male,black_or_african_american,Metastatic,pleural_cavity,CCLF,"","",Cell Line,,"","",Post-treatment,"","","","","","",Mixed,"","",,None,"","","","","",HCM-BROD-0007-C49,TRUE,"","",,"",,""
ACH-000896,0.8289913768,0.871048273185479,CN-NonLow,CN Non-Low,5.2174015045,-0.4932295336,PT-bDT6oy,647-V,647V,BLCA,Bladder/Urinary Tract,Bladder Urothelial Carcinoma,Bladder Urothelial Carcinoma,BLCA,"",CVCL_1049,59,Adult,Male,"",Primary,urinary_tract,DSMZ,"",414,Cell Line,,"","","","","","","","","",Adherent,MF-002-015,DMEM + 15% FBS + 2mM Glutamine,FALSE,None,"","","","",647V_URINARY_TRACT,"",FALSE,Approved for public sharing - CCLE,"",2061,SIDM00983,906797,""
ACH-001431,1.0330840971,1.02366989248702,CN-NonLow,CN Non-Low,5.3394117355,-0.2839412349,PT-VGGhv1,TC-205,TC205,ES,Bone,Ewing Sarcoma,Ewing Sarcoma,ES,"",CVCL_4Z31,,Pediatric,Unknown,"",Primary,bone,Dana-Farber Cancer Institute,Kim Stegmaier,"",Cell Line,,"","","","","","","","","",Adherent,MF-001-003,RPMI + 10% FBS + 2mM Glutamine,FALSE,None,"","","","",TC205_BONE,"",TRUE,HMB-MDS,EWS::FEV,,"",,""
ACH-000739,0.9595788734,0.970543642842122,CN-NonLow,CN Non-Low,4.202911377,-0.1818425484,PT-qL6HtY,Hep G2,HEPG2,LIHB,Liver,Hepatoblastoma,Hepatoblastoma,LIHB,"",CVCL_0027,15,Pediatric,Male,caucasian,Primary,liver,ATCC,"",HB-8065,Cell Line,,"","","","","","","","","",Adherent,MF-006-001,MEM + 10% FBS,FALSE,None,"","","","",HEPG2_LIVER,"",TRUE,Approved for public sharing - CCLE,"",,SIDM00904,,""
ACH-000490,0.8573588025,0.893252540413549,CN-NonLow,CN Non-Low,4.8965530396,-0.3580691838,PT-Ag8pMW,SF767,SF767,CESC,Cervix,Cervical Squamous Cell Carcinoma,Cervical Squamous Cell Carcinoma,CESC,"",CVCL_6950,66,Adult,Female,"",Metastatic,abdomen,Academic lab,Linda Chin,"",Cell Line,,"","","","","","","","","",Adherent,MF-002-001,DMEM + 10% FBS,FALSE,None,"","","",SNP fingerprinting confirms that this line is a ME-180 derivative. DepMap metadata has been updated (as of 22Q2) to reflect this.,SF767_CENTRAL_NERVOUS_SYSTEM,"",FALSE,Approved for public sharing - CCLE,"",,SIDM00626,,""
ACH-000666,1.1276974039,1.08929298874595,CN-NonLow,CN Non-Low,4.7020978928,-0.1105638621,PT-ELrBOm,NCI-H1355,NCIH1355,LUAD,Lung,Non-Small Cell Lung Cancer,Lung Adenocarcinoma,LUAD,"",CVCL_1464,53,Adult,Male,caucasian,Metastatic,pleural_effusion,ATCC,"",CRL-5865,Cell Line,,"","","","","","","","","",Suspension,"","",,None,"","","","",NCIH1355_LUNG,"",FALSE,Approved for public sharing - CCLE,"",1780,SIDM00645,724866,""
ACH-000727,0.4396812756,0.525749455413085,CN-Low,Shallow CN Loss,,,PT-6N2wxK,NCI-H2066,NCIH2066,SCLC,Lung,Lung Neuroendocrine Tumor,Small Cell Lung Cancer,SCLC,"",CVCL_1520,70,Adult,Female,caucasian,Primary,lung,ATCC,"",CRL-5917,Cell Line,,"","","","","","","","","",Adherent,MF-007-010,DMEM:F12 + 5% FBS + 2mM Glutamine + 5ug/ml Insulin + 10ug/ml Transferrin + 30nM Selenium + 10nM Hydrocortisone + 10nM beta-Estradiol,FALSE,None,"","","","",NCIH2066_LUNG,"",FALSE,Approved for public sharing - CCLE,"",1073,SIDM00711,1330973,""
ACH-002499,0.68568839,0.753337869761046,CN-NonLow,CN Non-Low,4.6729741096,-0.3010670152,PT-j6UudO,UACC-3199,UACC3199,IDC,Breast,Invasive Breast Carcinoma,Breast Invasive Ductal Carcinoma,IDC,"",CVCL_4042,58,Adult,Female,"",Metastatic,lymph_node,ATCC,"",CRL-2983,Cell Line,,"","","","","","","","","",Adherent,MF-021-005,L-15 + 5% FBS + 10ug/ml transferrin + 10ug/ml insulin + 5ug/ml (55 U/ml) catalase + 3.6ug/ml (0.01 mM) hydrocortisone + 2mM Glutamine,FALSE,None,"","","","",UACC3199_BREAST,"",FALSE,HMB-MDS,HER2+,,"",,""
ACH-000169,0.9308818669,0.949259901600339,CN-NonLow,CN Non-Low,4.8350548744,-0.3071868734,PT-TG4t9c,RD,RD,ERMS,Soft Tissue,Rhabdomyosarcoma,Embryonal Rhabdomyosarcoma,ERMS,"",CVCL_1649,7,Pediatric,Female,caucasian,Primary,soft_tissue,ATCC,"",CCl-136,Cell Line,,"","","","","","","","","",Adherent,MF-002-001,DMEM + 10% FBS,FALSE,None,"","","","",RD_SOFT_TISSUE,"",TRUE,Approved for public sharing - CCLE,"",1763,SIDM00847,909264,ACH-001790
ACH-000994,0.7932040781,0.842539685478239,CN-NonLow,CN Non-Low,4.8566021919,-0.1990708632,PT-9r7KW8,HEC-59,HEC59,UCEC,Uterus,Endometrial Carcinoma,Endometrial Carcinoma,UCEC,"",CVCL_2930,,Unknown,Female,asian,Primary,endometrium,HSRRB,"",JCRB1120,Cell Line,,"","","","","","","","","",Adherent,MF-015-007,EMEM + 15% FBS,FALSE,None,"","","","",HEC59_ENDOMETRIUM,"",FALSE,Approved for public sharing - CCLE,"",,"",,""
ACH-000150,0.8713788489,0.904101652700223,CN-NonLow,CN Non-Low,5.8577818871,,PT-H39843,HCC2935,HCC2935,LUAD,Lung,Non-Small Cell Lung Cancer,Lung Adenocarcinoma,LUAD,"",CVCL_1265,39,Adult,Male,caucasian,Primary,pleural_effusion,ATCC,"",CRL-2869,Cell Line,,"","","","","","","","","",Adherent,MF-001-001,RPMI + 10% FBS,FALSE,None,"","","","",HCC2935_LUNG,"",FALSE,Approved for public sharing - CCLE,"",,"",,""
ACH-000320,0.3835455957,0.468370189742114,CN-Low,Shallow CN Loss,3.3733711243,-1.2529413648,PT-tXqEg0,PSN1,PSN1,PAAD,Pancreas,Pancreatic Adenocarcinoma,Pancreatic Adenocarcinoma,PAAD,"",CVCL_1644,36,Adult,Male,caucasian,Primary,pancreas,ECACC,"",94060601,Cell Line,,"","","","","","","","","",Adherent,MF-001-003,RPMI + 10% FBS + 2mM Glutamine,FALSE,None,"","","","",PSN1_PANCREAS,"",FALSE,Approved for public sharing - CCLE,"",560,SIDM00469,910546,""
ACH-003125,1.0656271907,1.04657989667073,CN-NonLow,CN Non-Low,5.0806365013,,PT-woc7k4,ASPS-KY,ASPSKY,ASPS,Soft Tissue,Alveolar Soft Part Sarcoma,Alveolar Soft Part Sarcoma,ASPS,"",CVCL_S737,27,Adult,Female,"",Metastatic,Unknown,University of Massachusetts,Matthew Hemming,"",Cell Line,,"","","","","","","","","",Adherent,MF-002-001,DMEM + 10% FBS,FALSE,None,"","","","","","",FALSE,HMB-MDS,"",,"",,""
ACH-000652,0.5931504543,0.671882518854938,CN-NonLow,CN Non-Low,4.214202404,-1.3497237697,PT-ETHfq8,SUIT-2,SUIT2,PAAD,Pancreas,Pancreatic Adenocarcinoma,Pancreatic Adenocarcinoma,PAAD,"",CVCL_3172,73,Adult,Male,asian,Metastatic,liver,HSRRB,"",JCRB1094,Cell Line,,"","","","","","","","","",Adherent,MF-001-001,RPMI + 10% FBS,FALSE,None,"","","","",SUIT2_PANCREAS,"",FALSE,Approved for public sharing - CCLE,"",1749,SIDM00371,1240219,""
ACH-001279,0.9997053935,0.999787470678204,CN-NonLow,CN Non-Low,4.9963121414,-0.2930569863,PT-z5pG5i,SCCOHT-1,SCCOHT1,SCCO,Ovary/Fallopian Tube,Ovarian Epithelial Tumor,Small Cell Carcinoma of the Ovary,SCCO,"",CVCL_VU69,31,Adult,Female,"","",ovary,The Broad Institute,Cigall Kadoch,"",Cell Line,,"","","","","","","","","",Adherent,MF-001-003,RPMI + 10% FBS + 2mM Glutamine,FALSE,None,"","","","",SCCOHT1_OVARY,"",FALSE,HMB-MDS,"",,"",,""
ACH-000330,0.3515641823,0.434630023368966,CN-Low,Shallow CN Loss,3.7071051598,-0.5014294254,PT-ykXL80,EFM-19,EFM19,IDC,Breast,Invasive Breast Carcinoma,Breast Invasive Ductal Carcinoma,IDC,"",CVCL_0253,50,Adult,Female,caucasian,Metastatic,pleural_effusion,DSMZ,"","",Cell Line,,"","","","","","","","","",Adherent,MF-001-001,RPMI + 10% FBS,FALSE,None,"","","","",EFM19_BREAST,"",FALSE,Approved for public sharing - CCLE,"luminal ER+, PR+, HER2+",1786,SIDM01056,906851,ACH-001821
ACH-000262,0.7329079913,0.793195056679806,CN-NonLow,CN Non-Low,4.8299460411,-0.323899233,PT-BYKJeS,UOK101,UOK101,CCRCC,Kidney,Renal Cell Carcinoma,Renal Clear Cell Carcinoma,CCRCC,"",CVCL_B076,,Unknown,Female,"",Primary,kidney,Dana-Farber Cancer Institute,Bill Kaelin,"",Cell Line,,"","","","","","","","","",Adherent,MF-002-001,DMEM + 10% FBS,FALSE,None,"","","","",UOK101_KIDNEY,"",FALSE,Approved for public sharing - CCLE,"",,"",,""
ACH-002660,0.526040944,0.609793670503584,CN-NonLow,CN Non-Low,4.4189386368,-0.6150616393,PT-iZtOKB,JVE-187,JVE187,COAD,Bowel,Colorectal Adenocarcinoma,Colon Adenocarcinoma,COAD,"",CVCL_EG23,60,Adult,Female,"",Metastatic,liver,DSMZ,"",ACC-818,Cell Line,,"","","","","","","","","",Adherent,MF-001-020,RPMI + 20% FBS,FALSE,None,"","","","",JVE187_COLON,"",FALSE,HMB-MDS,"",,"",,""
ACH-000087,0.9290131996,0.947863015306306,CN-NonLow,CN Non-Low,5.1078300476,-0.4238841859,PT-VA04Md,SK-ES-1,SKES1,ES,Bone,Ewing Sarcoma,Ewing Sarcoma,ES,"",CVCL_0627,18,Pediatric,Male,caucasian,Primary,bone,ATCC,"",HTB-86,Cell Line,,"","","","","","","","","",Mixed,MF-023-002,McCoy's 5A + 15% FBS,FALSE,None,"","","","",SKES1_BONE,"",TRUE,Approved for public sharing - CCLE,EWS::FLI,41,SIDM01111,684072,""
ACH-001606,0.8374378322,0.877695438686953,CN-NonLow,CN Non-Low,5.4125952721,-0.3571109421,PT-jZhsXq,no.11,NO11,GB,CNS/Brain,Adult-Type Diffuse Glioma,"Glioblastoma, IDH-Wildtype",GB,"",CVCL_3076,64,Adult,Female,"",Primary,central_nervous_system,JCRB,"",IFO50369,Cell Line,,"","","","","","","","","",Adherent,MF-015-001,EMEM + 10% FBS,FALSE,None,"","","","",NO11_CENTRAL_NERVOUS_SYSTEM,"",FALSE,HMB-MDS,"",1489,SIDM00573,908450,""
ACH-000841,0.3725148904,0.456821801099112,CN-Low,Shallow CN Loss,3.9148037434,-2.1806440568,PT-lYuNel,NCI-H2087,NCIH2087,LUAD,Lung,Non-Small Cell Lung Cancer,Lung Adenocarcinoma,LUAD,"",CVCL_1524,69,Adult,Male,caucasian,Metastatic,lymph_node,ATCC,"",CRL-5922,Cell Line,,"","","","","","","","","",Adherent,MF-001-014,RPMI + 5% FBS,FALSE,None,"","","","",NCIH2087_LUNG,"",FALSE,Approved for public sharing - CCLE,"",915,SIDM00708,724834,""
ACH-000995,0.9359785677,0.953062981308749,CN-NonLow,CN Non-Low,4.8307876587,-0.5359945869,PT-lj83Ht,JURKAT,JURKAT,TALL,Lymphoid,T-Lymphoblastic Leukemia/Lymphoma,T-Cell Acute Lymphoblastic Leukemia,"",Overexpression of TAL1 (no TAL1 abnormality or translocation of TAL1 locus),CVCL_0065,14,Pediatric,Male,"",Primary,haematopoietic_and_lymphoid_tissue,DSMZ,"",282,Cell Line,,"","","","","","","","","",Adherent,MF-001-001,RPMI + 10% FBS,FALSE,None,"","","","Previously, ACH-000995 and ACH-003508 were noted to be derived from different patients. STR and SNP profiles indicate very high levels of relatedness. Relatedness should be assumed with caution. ",JURKAT_HAEMATOPOIETIC_AND_LYMPHOID_TISSUE,"",TRUE,Approved for public sharing - CCLE,"TAL1, TAL1 prom",1210,SIDM01016,998184,""
ACH-000355,0.8580633086,0.893799658581303,CN-NonLow,CN Non-Low,4.1343522072,-1.1935772173,PT-TQn0DO,NCI-H82,NCIH82,SCLC,Lung,Lung Neuroendocrine Tumor,Small Cell Lung Cancer,SCLC,"",CVCL_1591,41,Adult,Male,caucasian,Metastatic,pleural_effusion,ATCC,"",HTB - 175,Cell Line,,"","","","","","","","","",Mixed,MF-001-001,RPMI + 10% FBS,FALSE,None,"","","","",NCIH82_LUNG,"",FALSE,Approved for public sharing - CCLE,"",1545,SIDM01131,688031,""
ACH-002023,0.7620629071,0.817265430581346,CN-NonLow,CN Non-Low,5.6431751251,-0.3182976392,PT-hlvUsv,TGBC18TKB,TGBC18TKB,AMPCA,Ampulla of Vater,Ampullary Carcinoma,Ampullary Carcinoma,AMPCA,"",CVCL_3338,79,Adult,Female,"",Primary,large_intestine,RIKEN,"",RCB1169,Cell Line,,"","","","","","","","","",Adherent,MF-002-008,DMEM + 5% FBS,FALSE,None,"","","","",TGBC18TKB_LARGE_INTESTINE,"",FALSE,HMB-MDS,"",,"",,""
ACH-000624,1.0405976829,1.02899177369932,CN-NonLow,CN Non-Low,4.918639183,-0.0379884197,PT-j1ziCB,HCC1806,HCC1806,DCIS,Breast,Breast Ductal Carcinoma In Situ,Breast Ductal Carcinoma In Situ,DCIS,"",CVCL_1258,60,Adult,Female,black_or_african_american,Primary,breast,ATCC,"","",Cell Line,,"","","","","","","","","",Adherent,MF-001-001,RPMI + 10% FBS,FALSE,None,"","","","",HCC1806_BREAST,"",FALSE,Approved for public sharing - CCLE,basal_A TNBC,1317,SIDM00875,907047,""
ACH-002043,0.8333364559,0.874471575138473,CN-NonLow,CN Non-Low,4.5058908463,-0.186576641,PT-gB4Jfi,Ca9-22,CA922,OCSC,Head and Neck,Head and Neck Squamous Cell Carcinoma,Oral Cavity Squamous Cell Carcinoma,OCSC,"",CVCL_1102,43,Adult,Male,"",Primary,upper_aerodigestive_tract,RIKEN,"",RCB1976,Cell Line,,"","","","","","","","","",Adherent,MF-006-001,MEM + 10% FBS,FALSE,None,"","","",Depmap has correct JCRB stock,CA922_UPPER_AERODIGESTIVE_TRACT,"",FALSE,HMB-MDS,"",,SIDM00489,,""
ACH-000763,1.0906090256,1.06392328212446,CN-NonLow,CN Non-Low,5.0579786301,-0.4104988463,PT-wvxTew,MM1-S,MM1S,PCM,Lymphoid,Mature B-Cell Neoplasms,Plasma Cell Myeloma,PCM,"",CVCL_8792,45,Adult,Female,"",Primary,haematopoietic_and_lymphoid_tissue,Academic lab,"","",Cell Line,,"","","","","","","","","",Mixed,MF-001-001,RPMI + 10% FBS,FALSE,None,"","","","",MM1S_HAEMATOPOIETIC_AND_LYMPHOID_TISSUE,"",FALSE,Approved for public sharing - CCLE,"",995,SIDM01265,1659818,""
ACH-000705,1.1588718183,1.11027758676348,CN-NonLow,CN Non-Low,5.3459887505,,PT-ZglKg6,LC-1F,LC1F,LUSC,Lung,Non-Small Cell Lung Cancer,Lung Squamous Cell Carcinoma,LUSC,"",CVCL_1372,69,Adult,Male,asian,Primary,lung,RIKEN,"",RCB0439,Cell Line,,"","","","","","","","","",Mixed,MF-001-001,RPMI + 10% FBS,FALSE,None,"","","","",LC1F_LUNG,"",FALSE,Approved for public sharing - CCLE,"",,SIDM00298,,""
ACH-001422,1.0114540638,1.00823879106587,CN-NonLow,CN Non-Low,6.7800211906,-0.2294915674,PT-EhPRzn,WPE1-NA22,WPE1NA22,ZIMMEPCP,Prostate,Non-Cancerous,"Immortalized Epithelial Cells, Prostate","","",CVCL_3810,54,Adult,Male,"",Primary,prostate,ATCC,"",CRL-2849,Cell Line,,"",HPV18-MNU,"","","","","","","",Adherent,MF-062-001,K-SFM,TRUE,None,"","","","",WPE1NA22_PROSTATE,"",FALSE,HMB-MDS,"",,"",,""
ACH-000297,2.5430326766,1.82498477117211,CN-NonLow,CN Non-Low,6.4475393295,,PT-0Ds3by,NCI-H889,NCIH889,SCLC,Lung,Lung Neuroendocrine Tumor,Small Cell Lung Cancer,SCLC,"",CVCL_1598,69,Adult,Female,caucasian,Metastatic,lymph_node,ATCC,"",CRL-5817,Cell Line,,"","","","","","","","","",Suspension,MF-001-001,RPMI + 10% FBS,FALSE,None,"","","","",NCIH889_LUNG,"",FALSE,Approved for public sharing - CCLE,"",,"",,""
ACH-000411,0.9936960394,0.995445471984203,CN-NonLow,CN Non-Low,5.2991933823,-0.1213327634,PT-Kwk2bU,769-P,769P,CCRCC,Kidney,Renal Cell Carcinoma,Renal Clear Cell Carcinoma,CCRCC,"",CVCL_1050,63,Adult,Female,caucasian,Primary,kidney,ATCC,"",CRL-1933,Cell Line,,"","","","","","","","","",Adherent,MF-001-001,RPMI + 10% FBS,FALSE,None,"","","","",769P_KIDNEY,"",FALSE,Approved for public sharing - CCLE,"",1186,SIDM00803,910922,""
ACH-002010,0.8876956299,0.916626164788184,CN-NonLow,CN Non-Low,4.2628917694,,PT-GhwOWG,MP41,MP41,UM,Eye,Ocular Melanoma,Uveal Melanoma,UM,"",CVCL_4D12,49,Adult,Female,"",Primary,uvea,ATCC,"","",Cell Line,,"","","","","","","","","",Adherent,MF-001-030,RPMI + 25% FBS,FALSE,None,"","","","",MP41_UVEA,"",FALSE,HMB-MDS,"",,"",,""
ACH-000015,0.9215159232,0.942244931761887,CN-NonLow,CN Non-Low,4.2343478203,-0.3855851074,PT-ffwajI,NCI-H1581,NCIH1581,LCLC,Lung,Non-Small Cell Lung Cancer,Large Cell Lung Carcinoma,LCLC,"",CVCL_1479,44,Adult,Male,caucasian,Primary,lung,ATCC,"",CRL-5878,Cell Line,,"","","","","","","","","",Adherent,MF-007-008,DMEM:F12 + 5% FBS,FALSE,None,"","","","",NCIH1581_LUNG,"",FALSE,Approved for public sharing - CCLE,"",1237,SIDM00748,908471,ACH-000010
ACH-001338,0.9609156496,0.971527478150624,CN-NonLow,CN Non-Low,4.7582497597,-0.3931612614,PT-cvCz0R,CHP-134,CHP134,NBL,Peripheral Nervous System,Neuroblastoma,Neuroblastoma,NBL,"",CVCL_1124,1,Pediatric,Male,"",Primary,autonomic_ganglia,Sigma-Aldrich,"","",Cell Line,,"","","","","","","","","",Adherent,MF-001-003,RPMI + 10% FBS + 2mM Glutamine,FALSE,None,"","","","",CHP134_AUTONOMIC_GANGLIA,"",TRUE,HMB-MDS,MYC_Amplified,1562,SIDM00285,910941,""
ACH-002543,0.886071485,0.91538435740249,CN-NonLow,CN Non-Low,5.0095844269,,PT-dKUyPL,SNU-1406,SNU1406,COAD,Bowel,Colorectal Adenocarcinoma,Colon Adenocarcinoma,COAD,"",CVCL_5024,59,Adult,Female,"",Primary,Colon,KCLB,"","",Cell Line,,"","","","","","","","","",Suspension,MF-001-005,RPMI + 10% FBS + 2mM Glutamine + 25mM HEPES + 25mM Sodium bicarbonate,FALSE,None,"","","","",SNU1406_COLON,"",FALSE,HMB-MDS,"",,"",,""
ACH-000714,1.6657639782,1.4145490525372,CN-NonLow,CN Non-Low,5.8702216148,-0.196374589,PT-KR5FTA,KMS-11,KMS11,PCM,Lymphoid,Mature B-Cell Neoplasms,Plasma Cell Myeloma,PCM,"",CVCL_2989,67,Adult,Female,asian,Primary,pleural_effusion,HSRRB,"",JCRB1179,Cell Line,,"","","","","","","","","",Suspension,MF-001-001,RPMI + 10% FBS,FALSE,None,"","","","",KMS11_HAEMATOPOIETIC_AND_LYMPHOID_TISSUE,"",FALSE,Approved for public sharing - CCLE,"",1308,SIDM00608,1659817,""
ACH-000366,0.8330436515,0.874241142153156,CN-NonLow,CN Non-Low,4.7317261696,-0.5877832784,PT-lIgcxS,SK-N-DZ,SKNDZ,NBL,Peripheral Nervous System,Neuroblastoma,Neuroblastoma,NBL,"",CVCL_1701,2,Pediatric,Female,caucasian,Metastatic,bone_marrow,ATCC,"",CRL-2149,Cell Line,,"","","","","","","","","",Adherent,MF-002-002,DMEM + 10% FBS + 100uM NEAA,FALSE,None,"","","","",SKNDZ_AUTONOMIC_GANGLIA,"",TRUE,Approved for public sharing - CCLE,MYC_Amplified,867,SIDM01100,688086,""
ACH-001980,0.9884691189,0.991658157136449,CN-NonLow,CN Non-Low,5.0447177887,,PT-67Od3B,NZM12,NZM12,MEL,Skin,Melanoma,Melanoma,MEL,"",CVCL_D818,19,Adult,Male,"",Metastatic,small_intestine,CellBank Australia,"","",Cell Line,,"","","","","","","","","",Adherent,MF-003-003,AlphaMEM + 5% FBS + 1X Insulin-Transferrin-Selenium,FALSE,None,"","","","",NZM12_SKIN,"",FALSE,HMB-MDS,"",,"",,""
ACH-001435,0.6218338249,0.69762600680901,CN-NonLow,CN Non-Low,3.3767724037,,PT-TOxlxz,1156QE/8,1156QE8,EMBCA,Testis,Non-Seminomatous Germ Cell Tumor,Embryonal Carcinoma,EMBCA,"",CVCL_2262,22,Adult,Male,"",Primary,Embryonal,Sigma-Aldrich,"",6072609,Cell Line,,"","","","","","","","","",Adherent,MF-002-003,DMEM + 10% FBS + 2mM Glutamine,FALSE,None,"","","","",1156QE8_TESTIS,"",FALSE,HMB-MDS,"",,"",,""
ACH-000917,0.4297203486,0.515732985365419,CN-Low,Shallow CN Loss,4.5143117905,-0.6452024392,PT-2HckVI,TE-4,TE4,ESCC,Esophagus/Stomach,Esophageal Squamous Cell Carcinoma,Esophageal Squamous Cell Carcinoma,ESCC,"",CVCL_3337,48,Adult,Male,"","",lymph_node,RIKEN,"",RCB2097,Cell Line,,"","","","","","","","","",Adherent,MF-001-001,RPMI + 10% FBS,FALSE,None,"","","",Cell line thought to be female but has Y chromosome expression.,TE4_OESOPHAGUS,"",FALSE,Approved for public sharing - CCLE,"",382,SIDM00250,1503371,""
ACH-000164,0.7434919361,0.801979691458785,CN-NonLow,CN Non-Low,4.4918336868,-0.35359875,PT-cHU83i,PANC-1,PANC1,PAAD,Pancreas,Pancreatic Adenocarcinoma,Pancreatic Adenocarcinoma,PAAD,"",CVCL_0480,56,Adult,Male,"",Primary,pancreas,ATCC,"",CRL-1469,Cell Line,,"","","","","","","","","",Adherent,MF-002-001,DMEM + 10% FBS,FALSE,None,"","","","",PANC1_PANCREAS,"",FALSE,Approved for public sharing - CCLE,"",,SIDM00610,,""
ACH-001302,1.5224079495,1.3348016218696,CN-NonLow,CN Non-Low,5.4623012543,-0.0906820192,PT-37DeSd,COG-N-305,COGN305,NBL,Peripheral Nervous System,Neuroblastoma,Neuroblastoma,NBL,"",CVCL_AX42,1,Pediatric,Unknown,unknown,Unknown,autonomic_ganglia,Children's Oncology Group (COG),"",Unavailable,Cell Line,,"","",Pre-treatment,"","",4,"","","",Mixed,MF-005-005,IMDM + 20% FBS + 4mM Glutamine + 1x Insulin-Transferrin-Selenium,FALSE,None,"","","","",COGN305_AUTONOMIC_GANGLIA,"",TRUE,GRU,MYC_Amplified,,"",,""
ACH-000469,0.862634308,0.897344456983932,CN-NonLow,CN Non-Low,4.9865746498,-0.5099286331,PT-hzuTX4,YH-13,YH13,GB,CNS/Brain,Adult-Type Diffuse Glioma,"Glioblastoma, IDH-Wildtype",GB,"",CVCL_1795,40,Adult,Male,"",Primary,central_nervous_system,HSRRB,"",IFO50493,Cell Line,,"","","","","","","","","",Adherent,MF-015-009,EMEM + 20% FBS,FALSE,None,"","","","",YH13_CENTRAL_NERVOUS_SYSTEM,"",FALSE,Approved for public sharing - CCLE,"",468,SIDM00316,909905,""
ACH-000948,0.7793466064,0.831347566607376,CN-NonLow,CN Non-Low,5.7038731575,-0.1713136011,PT-VDIRwk,23132/87,2313287,STAD,Esophagus/Stomach,Esophagogastric Adenocarcinoma,Stomach Adenocarcinoma,STAD,"",CVCL_1046,72,Adult,Male,"",Primary,stomach,DSMZ,"",ACC 201,Cell Line,,"","","","","","","","","",Adherent,MF-001-001,RPMI + 10% FBS,FALSE,None,"","","","",2313287_STOMACH,"",FALSE,Approved for public sharing - CCLE,"",558,SIDM00980,910924,""
ACH-000114,0.354618572,0.437886680545794,CN-Low,Shallow CN Loss,4.2134637833,-0.9177586332,PT-SNQPtX,SU.86.86,SU8686,PAAD,Pancreas,Pancreatic Adenocarcinoma,Pancreatic Adenocarcinoma,PAAD,"",CVCL_3881,57,Adult,Female,caucasian,Metastatic,liver,ATCC,"",CRL-1837,Cell Line,,"","","","","","","","","",Adherent,MF-001-001,RPMI + 10% FBS,FALSE,None,"","","","",SU8686_PANCREAS,"",FALSE,Approved for public sharing - CCLE,"",268,SIDM01188,1240218,""
ACH-001395,0.6356387577,0.709854154134351,CN-NonLow,CN Non-Low,3.2227365971,,PT-VCE3zi,SUM-44PE,SUM44PE,ILC,Breast,Invasive Breast Carcinoma,Breast Invasive Lobular Carcinoma,ILC,"",CVCL_3424,,Unknown,Female,"",Metastatic,pleural_effusion,Asterand,"","",Cell Line,,"","","","","","","","","",Adherent,MF-004-006,F12 + 1X ITS + 10mM HEPES + 1ug/ml Hydrocortisone + 1g/l BSA + 10ng/ml EGF + 5mM Ethanolamine + 10nM Triiodo-L-Thyronine,TRUE,None,"","","","",SUM44PE_BREAST,"",FALSE,HMB-MDS,luminal ER+,,"",,""
ACH-000602,1.0156857459,1.011270733991,CN-NonLow,CN Non-Low,4.9714884758,-0.1842936251,PT-JpUzYa,M-07e,M07E,AML,Myeloid,Acute Myeloid Leukemia,Acute Myeloid Leukemia,AML,"CBFA2T3-GLIS2 [PubMed:28109323], ANO7-DHDH",CVCL_2106,0,Pediatric,Female,"","",haematopoietic_and_lymphoid_tissue,DSMZ,"","",Cell Line,,"","","","","","","","","",Suspension,MF-001-028,RPMI + 20% FBS + 10ng/ml GM-CSF,FALSE,None,"","","","",M07E_HAEMATOPOIETIC_AND_LYMPHOID_TISSUE,"",TRUE,Approved for public sharing - CCLE,CBFA2T3::GLIS2 and TP53,,"",,""
ACH-001735,1.2151580747,1.14740965383609,CN-NonLow,CN Non-Low,5.5846438408,-0.1744157385,PT-IjgcRg,SEMK2,SEMK2,BALL,Lymphoid,B-Cell Acute Lymphoblastic Leukemia,B-Cell Acute Lymphoblastic Leukemia,"","KMT2A-AFF1, CDKN2A His83Tyr, TP53 Arg248Gln",CVCL_S906,5,Pediatric,Female,"",Primary,haematopoietic_and_lymphoid_tissue,Dana-Farber Cancer Institute,Yana Pikman,"",Cell Line,,"","","","","","","","","",Suspension,MF-001-001,RPMI + 10% FBS,FALSE,None,"","","","",SEMK2_HAEMATOPOIETIC_AND_LYMPHOID_TISSUE,"",TRUE,HMB-MDS,KMT2A::AFF1,,"",,""
ACH-000440,1.0099657717,1.00717093353399,CN-NonLow,CN Non-Low,5.2253789902,,PT-1BkfPG,CA46,CA46,BL,Lymphoid,Mature B-Cell Neoplasms,Burkitt Lymphoma,BL,"MYC-IGH, TP53 Arg248Gln",CVCL_1101,,Unknown,Male,"",Primary,ascites,ATCC,"",CRL-1648,Cell Line,,"","",Unknown,"","","","","","",Suspension,MF-001-001,RPMI + 10% FBS,FALSE,None,"","","","",CA46_HAEMATOPOIETIC_AND_LYMPHOID_TISSUE,"",TRUE,Approved for public sharing - CCLE,"",1190,SIDM00907,910703,""
ACH-000587,0.819382508,0.863448887893636,CN-NonLow,CN Non-Low,4.9490303993,-0.2505645599,PT-HkdFKw,NCI-H1975,NCIH1975,LUAD,Lung,Non-Small Cell Lung Cancer,Lung Adenocarcinoma,LUAD,"",CVCL_1511,,Unknown,Female,"",Primary,lung,ATCC,"",CRL-5908,Cell Line,,"","","","","","","","","",Adherent,MF-002-001,DMEM + 10% FBS,FALSE,None,"","","","",NCIH1975_LUNG,"",FALSE,Approved for public sharing - CCLE,"",1403,SIDM00759,924244,""
ACH-000407,0.4316817479,0.517710827969202,CN-Low,Shallow CN Loss,3.0684678555,-1.325531303,PT-iaJKdg,SNU-685,SNU685,UCS,Uterus,Endometrial Carcinoma,Uterine Carcinosarcoma/Uterine Malignant Mixed Mullerian Tumor,UCS,"",CVCL_5083,70,Adult,Female,asian,Primary,endometrium,KCLB,"",685,Cell Line,,"","","","","","","","","",Adherent,MF-001-001,RPMI + 10% FBS,FALSE,None,"","","","",SNU685_ENDOMETRIUM,"",FALSE,Approved for public sharing - CCLE,"",,SIDM00165,,""
ACH-003012,0.7948458496,0.843859943453658,CN-NonLow,CN Non-Low,3.9017357826,-0.2050960462,PT-cqv92I,A549_CRAF_KD,A549CRAFKD,LUAD,Lung,Non-Small Cell Lung Cancer,Lung Adenocarcinoma,LUAD,"","",58,Adult,Male,"",Primary,lung,ATCC,"","",Cell Line,,"","","","","","","","","",Adherent,"","",,None,genetic knock down,CRAF,"","",A549H3_Lung,"",FALSE,Approved for public sharing - CCLE,"",,"",,""
ACH-000222,0.3918001894,0.476952108849822,CN-Low,Shallow CN Loss,4.3127593994,-1.0076260081,PT-y5xucl,AsPC-1,ASPC1,PAAD,Pancreas,Pancreatic Adenocarcinoma,Pancreatic Adenocarcinoma,PAAD,"",CVCL_0152,62,Adult,Female,caucasian,Metastatic,ascites,ATCC,"",CRL-1682,Cell Line,,"","","","","","","","","",Adherent,MF-001-001,RPMI + 10% FBS,FALSE,None,"","","","",ASPC1_PANCREAS,"",FALSE,Approved for public sharing - CCLE,"",59,SIDM00899,910702,""
ACH-001989,0.8497821826,0.887355399074742,CN-NonLow,CN Non-Low,4.8068037033,,PT-wWEP70,NZM6,NZM6,MEL,Skin,Melanoma,Melanoma,MEL,"",CVCL_D842,72,Adult,Female,"",Metastatic,small_intestine,CellBank Australia,"","",Cell Line,,"","","","","","","","","",Mixed,MF-003-003,AlphaMEM + 5% FBS + 1X Insulin-Transferrin-Selenium,FALSE,None,"","","","",NZM6_SKIN,"",FALSE,HMB-MDS,"",,"",,""
ACH-001151,0.4059207513,0.491515275115469,CN-Low,Shallow CN Loss,3.9791929722,-0.4492265925,PT-u4FBpq,OVCAR-5,OVCAR5,HGSOC,Ovary/Fallopian Tube,Ovarian Epithelial Tumor,High-Grade Serous Ovarian Cancer,HGSOC,"",CVCL_1628,67,Adult,Female,"",Metastatic,ascites,NCI-DTP,"","",Cell Line,,"","","","","","","","","",Adherent,MF-001-014,RPMI + 5% FBS,FALSE,None,"","","","",OVCAR5_OVARY,"",FALSE,Approved for public sharing - CCLE,"",1858,SIDM00091,905969,""
ACH-000528,0.8964891328,0.923331104771899,CN-NonLow,CN Non-Low,5.4437689781,-0.1291439721,PT-id2eBb,ABC-1,ABC1,LUAD,Lung,Non-Small Cell Lung Cancer,Lung Adenocarcinoma,LUAD,"",CVCL_1066,47,Adult,Male,"",Metastatic,pleural_effusion,HSRRB,"",JCRB0815,Cell Line,,"","","","","","","","","",Adherent,MF-006-001,MEM + 10% FBS,FALSE,None,"","","","",ABC1_LUNG,"",FALSE,Approved for public sharing - CCLE,"",1557,SIDM00494,906791,""
ACH-001703,1.8465879789,1.50923368949237,CN-NonLow,CN Non-Low,4.3206868172,,PT-jXERAO,VAL,VAL,DLBCLNOS,Lymphoid,Mature B-Cell Neoplasms,"Diffuse Large B-Cell Lymphoma, NOS",DLBCLNOS,"",CVCL_1819,50,Adult,Female,"",Metastatic,bone_marrow,DSMZ,"",ACC 586,Cell Line,,"","","","","","","","","",Suspension,MF-001-001,RPMI + 10% FBS,FALSE,None,"","","","",VAL_HAEMATOPOIETIC_AND_LYMPHOID_TISSUE,"",FALSE,HMB-MDS,"",2221,SIDM00416,1331048,""
ACH-001038,0.8603156576,0.895547438008635,CN-NonLow,CN Non-Low,4.8128008842,-0.3199121645,PT-Wd5HrW,COG-E-352,COGE352,ES,Bone,Ewing Sarcoma,Ewing Sarcoma,ES,"",CVCL_M153,17,Pediatric,Male,"","",haematopoietic_and_lymphoid_tissue,Children's Oncology Group (COG),"","",Cell Line,,"","",Post-treatment,"","","","","",Progressive Disease,Mixed,MF-005-005,IMDM + 20% FBS + 4mM Glutamine + 1x Insulin-Transferrin-Selenium,FALSE,None,"","","","",COGE352_BONE,"",TRUE,HMB-MDS,EWS::ERG,,"",,""
ACH-003105,0.9419134464,0.957478899401663,CN-NonLow,CN Non-Low,5.3079314232,,PT-zqsQMh,VMM917,VMM917,MEL,Skin,Melanoma,Melanoma,MEL,"",CVCL_4D09,57,Adult,Male,"","",skin,ATCC,"",CRL-3232,Cell Line,,"","","","","","","","","",Adherent,MF-001-001,RPMI + 10% FBS,FALSE,None,"","","","",VMM917_SKIN,"",FALSE,HMB-MDS,"",,"",,""
ACH-000932,1.0370531244,1.02648360490323,CN-NonLow,CN Non-Low,4.9232349396,-0.2020720453,PT-3F7Xgi,SNU-1,SNU1,STAD,Esophagus/Stomach,Esophagogastric Adenocarcinoma,Stomach Adenocarcinoma,STAD,"",CVCL_0099,44,Adult,Male,asian,Metastatic,stomach,ATCC,"",CRL-5971,Cell Line,,"","","","","","","","","",Suspension,MF-001-001,RPMI + 10% FBS,FALSE,None,"","","","",SNU1_STOMACH,"",FALSE,Approved for public sharing - CCLE,"",564,SIDM01146,908444,""
ACH-001598,0.9599749067,0.970835183824558,CN-NonLow,CN Non-Low,4.1843042374,,PT-7zJZ9B,NCI-H295R,NCIH295R,ACC,Adrenal Gland,Adrenocortical Carcinoma,Adrenocortical Carcinoma,ACC,"",CVCL_0458,48,Adult,Female,"",Primary,autonomic_ganglia,ATCC,"",CRL-2128,Cell Line,,"","","","","","","","","",Adherent,MF-007-013,DMEM:F12 + 2.5% Nu-Serum + 1x Insulin-Transferrin-Selenium + 1.25mg/ml BSA + 5.35ug/ml Linoleic Acid,FALSE,None,"","","","",NCIH295R_AUTONOMIC_GANGLIA,"",FALSE,HMB-MDS,"",,"",,""
ACH-000607,1.0167590274,1.01203871372595,CN-NonLow,CN Non-Low,4.7807407379,-0.2192079241,PT-UnVDKb,KYM-1,KYM1,MRT,Kidney,Rhabdoid Cancer,Rhabdoid Cancer,MRT,"",CVCL_3007,0,Pediatric,Male,asian,Primary,soft_tissue,HSRRB,"",JCRB0627,Cell Line,,"","","","","","","","","",Suspension,MF-007-001,DMEM:F12 + 10% FBS,FALSE,None,"","","","",KYM1_SOFT_TISSUE,"",TRUE,Approved for public sharing - CCLE,"",1344,SIDM00552,1240166,""
ACH-000141,0.6350671275,0.709349866624495,CN-NonLow,CN Non-Low,4.9688835144,-0.2576976458,PT-iqSI4n,SNU-308,SNU308,GBAD,Biliary Tract,Intracholecystic Papillary Neoplasm,"Gallbladder Adenocarcinoma, NOS",GBAD,"",CVCL_5048,,Unknown,Unknown,"",Primary,biliary_tract,KCLB,"",308,Cell Line,,"","","","","","","","","",Adherent,MF-001-005,RPMI + 10% FBS + 2mM Glutamine + 25mM HEPES + 25mM Sodium bicarbonate,FALSE,None,"","","","",SNU308_BILIARY_TRACT,"",FALSE,Approved for public sharing - CCLE,"",,SIDM00161,,""
ACH-000542,0.5350694258,0.618303905101896,CN-NonLow,CN Non-Low,4.6161637306,-0.1657573977,PT-0hMOxQ,Hey-A8,HEYA8,HGSOC,Ovary/Fallopian Tube,Ovarian Epithelial Tumor,High-Grade Serous Ovarian Cancer,HGSOC,"",CVCL_8878,,Unknown,Female,"",Metastatic,ascites,Academic lab,"","",Cell Line,,"","","","","","","","","",Adherent,MF-001-001,RPMI + 10% FBS,FALSE,None,"","","","",HEYA8_OVARY,"",FALSE,Approved for public sharing - CCLE,"",,SIDM01215,,""
ACH-000256,0.8119563068,0.857548166905686,CN-NonLow,CN Non-Low,4.0864949226,-0.3829000422,PT-qexSkk,COV318,COV318,HGSOC,Ovary/Fallopian Tube,Ovarian Epithelial Tumor,High-Grade Serous Ovarian Cancer,HGSOC,"",CVCL_2419,,Unknown,Female,"",Metastatic,ascites,ECACC,"",7071903,Cell Line,,"","","","","","","","","",Adherent,MF-006-001,MEM + 10% FBS,FALSE,None,"","","","",COV318_OVARY,"",FALSE,Approved for public sharing - CCLE,"",,"",,""
ACH-000740,0.4254053258,0.511372219889894,CN-Low,Shallow CN Loss,4.5332579613,-0.4735323475,PT-T4PL7e,A-253,A253,OCSC,Head and Neck,Head and Neck Squamous Cell Carcinoma,Oral Cavity Squamous Cell Carcinoma,OCSC,"",CVCL_1060,54,Adult,Male,caucasian,Primary,upper_aerodigestive_tract,ATCC,"",HTB-41,Cell Line,,"","","","","","","","","",Adherent,MF-023-001,McCoy's 5A + 10% FBS,FALSE,None,"","","","",A253_SALIVARY_GLAND,"",FALSE,Approved for public sharing - CCLE,"",2089,SIDM00796,906794,""
ACH-002077,0.5543914834,0.636349901448758,CN-NonLow,CN Non-Low,5.4402012825,-0.505018386,PT-qVbV4Q,Lu-165,LU165,SCLC,Lung,Lung Neuroendocrine Tumor,Small Cell Lung Cancer,SCLC,"",CVCL_1391,50,Adult,Male,"",Metastatic,lymph_node,RIKEN,"",RCB1184,Cell Line,,"","","","","","","","","",Suspension,MF-001-001,RPMI + 10% FBS,FALSE,None,"","","","",LU165_LUNG,"",FALSE,HMB-MDS,"",,SIDM00292,,""
ACH-000487,1.0541841456,1.03856551662975,CN-NonLow,CN Non-Low,3.9108190536,-0.6204043058,PT-fzbPIv,F-36P,F36P,AMLNOS,Myeloid,Acute Myeloid Leukemia,"AML, NOS",AMLNOS,"",CVCL_2037,68,Adult,Male,"",Metastatic,pleural_effusion,DSMZ,"","",Cell Line,,"","","","","","","","","",Suspension,MF-001-028,RPMI + 20% FBS + 10ng/ml GM-CSF,FALSE,None,"","","","",F36P_HAEMATOPOIETIC_AND_LYMPHOID_TISSUE,"",TRUE,Approved for public sharing - CCLE,RAD21,,"",,""
ACH-001562,1.0026830504,1.00193411471133,CN-NonLow,CN Non-Low,5.3571333885,-0.0672052136,PT-9C9m7Z,Mero-95,MERO95,PLEMESO,Pleura,Pleural Mesothelioma,"Pleural Mesothelioma, Epithelioid Type",PLEMESO,"",CVCL_2597,,Unknown,Male,"",Primary,pleural_effusion,Sigma-Aldrich,"","",Cell Line,,"","","","","","","","","",Adherent,MF-004-003,F12 + 15% FBS + 2mM Glutamine,FALSE,None,"","","","",MERO95_PLEURA,"",FALSE,HMB-MDS,"",,"",,""
ACH-000045,1.0632368412,1.04490943926245,CN-NonLow,CN Non-Low,4.586584568,-0.0133090907,PT-zb7Sx0,MV4-11,MV411,AML,Myeloid,Acute Myeloid Leukemia,Acute Myeloid Leukemia,AML,KMT2A::AFF1 (e9-e5),CVCL_0064,10,Pediatric,Male,"",Primary,haematopoietic_and_lymphoid_tissue,ATCC,"",CRL-9591,Cell Line,,"","","","","","","","","",Suspension,MF-005-001,IMDM + 10% FBS,FALSE,None,"","","","",MV411_HAEMATOPOIETIC_AND_LYMPHOID_TISSUE,"",TRUE,Approved for public sharing - CCLE,"KMT2A::AFF1, FLT3-ITD, TP53, STAG2 and MGA",133,SIDM00657,908156,ACH-001288
ACH-000312,0.5217439965,0.60572567418651,CN-NonLow,CN Non-Low,3.9392642975,-0.2251763233,PT-k4Daz3,SK-N-BE(2),SKNBE2,NBL,Peripheral Nervous System,Neuroblastoma,Neuroblastoma,NBL,"",CVCL_0528,2,Pediatric,Male,"",Metastatic,bone_marrow,ATCC,"",CRL-2271,Cell Line,,"","",Post-treatment,Chemotherapy and Radiation,"Cyclophosphamide, doxorubicin and vincristine",4,"","","",Adherent,MF-027-001,EMEM:F12 + 10% FBS,FALSE,None,"","","",Post-treatment cell line paired with pre-treatment cell line-ACH-003658 SK-N-BE(1),SKNBE2_AUTONOMIC_GANGLIA,"",TRUE,Approved for public sharing - CCLE,MYC_Amplified,,SIDM00894,,""
ACH-002045,0.4544930064,0.54051635958274,CN-Low,Shallow CN Loss,4.6767864227,-2.2871360868,PT-a3mx1w,HO-1-u-1,HO1U1,OCSC,Head and Neck,Head and Neck Squamous Cell Carcinoma,Oral Cavity Squamous Cell Carcinoma,OCSC,"",CVCL_2784,72,Adult,Male,"",Primary,upper_aerodigestive_tract,RIKEN,"",RCB2102,Cell Line,,"","","","","","","","","",Adherent,MF-001-001,RPMI + 10% FBS,FALSE,None,"","","","",HO1U1_UPPER_AERODIGESTIVE_TRACT,"",FALSE,HMB-MDS,"",,SIDM00591,,""
ACH-000260,0.9981565158,0.998669594003506,CN-NonLow,CN Non-Low,4.7844305038,-0.3607052018,PT-7WPGtR,SK-N-AS,SKNAS,NBL,Peripheral Nervous System,Neuroblastoma,Neuroblastoma,NBL,"",CVCL_1700,6,Pediatric,Female,caucasian,Metastatic,bone_marrow,ATCC,"",CRL-2137,Cell Line,,"","","","","","","","","",Adherent,MF-002-002,DMEM + 10% FBS + 100uM NEAA,FALSE,None,"","","","",SKNAS_AUTONOMIC_GANGLIA,"",TRUE,Approved for public sharing - CCLE,"",1480,SIDM01101,724828,""
ACH-000350,0.9634350396,0.973379867116991,CN-NonLow,CN Non-Low,5.6351389885,-0.1940476462,PT-j0XD5z,COLO-678,COLO678,COAD,Bowel,Colorectal Adenocarcinoma,Colon Adenocarcinoma,COAD,"",CVCL_1129,69,Adult,Male,"",Metastatic,lymph_node,DSMZ,"",ACC 194,Cell Line,,"","","","","","","","","",Adherent,MF-001-001,RPMI + 10% FBS,FALSE,None,"","","","",COLO678_LARGE_INTESTINE,"",FALSE,Approved for public sharing - CCLE,"",2148,SIDM00957,910689,""
ACH-000004,1.1084632962,1.07619190762552,CN-NonLow,CN Non-Low,4.365503788,-0.6209563206,PT-q4K2cp,HEL,HEL,AMLNOS,Myeloid,Acute Myeloid Leukemia,"AML, NOS",AMLNOS,JAK2 and TP53 mutations,CVCL_0001,30,Adult,Male,caucasian,Primary,haematopoietic_and_lymphoid_tissue,DSMZ,"",ACC 11,Cell Line,,"","",Post-treatment,"","","","","","",Suspension,MF-001-001,RPMI + 10% FBS,FALSE,None,"","","","",HEL_HAEMATOPOIETIC_AND_LYMPHOID_TISSUE,"",TRUE,Approved for public sharing - CCLE,JAK2 and TP53,783,SIDM00594,907053,""
ACH-002050,1.0127073307,1.00913740412968,CN-NonLow,CN Non-Low,4.7148718834,,PT-ok8IRb,HTST,HTST,EGCT,Other,Extra Gonadal Germ Cell Tumor,Extra Gonadal Germ Cell Tumor,EGCT,"",CVCL_8722,0,Pediatric,Female,"",Primary,Embryonal,RIKEN,"",RCB0967,Cell Line,,"","","","","","","","","",Adherent,MF-004-002,F12 + 15% FBS,FALSE,None,"","","","",HTST_EMBRYONAL,"",FALSE,HMB-MDS,"",,"",,""
ACH-002532,0.237508327,0.307438232894217,CN-Low,Deep CN Loss,3.5317058563,,PT-IT0tKB,SNU-1411,SNU1411,READ,Bowel,Colorectal Adenocarcinoma,Rectal Adenocarcinoma,READ,"",CVCL_5025,42,Adult,Male,"",Primary,Colon,KCLB,"","",Cell Line,,"","","","","","","","","",Adherent,MF-001-005,RPMI + 10% FBS + 2mM Glutamine + 25mM HEPES + 25mM Sodium bicarbonate,FALSE,None,"","","","",SNU1411_LARGE_INTESTINE,"",FALSE,HMB-MDS,"",,"",,""
ACH-000343,1.2661207489,1.18022473635612,CN-NonLow,CN Non-Low,5.2239861488,-0.3224667149,PT-6ukZx4,NCI-H522,NCIH522,LUAD,Lung,Non-Small Cell Lung Cancer,Lung Adenocarcinoma,LUAD,"",CVCL_1567,58,Adult,Male,caucasian,Primary,lung,ATCC,"",CRL-5810,Cell Line,,"","","","","","","","","",Adherent,MF-001-001,RPMI + 10% FBS,FALSE,None,"","","","",NCIH522_LUNG,"",FALSE,Approved for public sharing - CCLE,"",1224,SIDM00116,905944,""
ACH-002528,1.0391876568,1.02799454586814,CN-NonLow,CN Non-Low,5.8054986,-0.1600243072,PT-Zod1Nb,SNU-267,SNU267,CCRCC,Kidney,Renal Cell Carcinoma,Renal Clear Cell Carcinoma,CCRCC,"",CVCL_5043,43,Adult,Male,"",Primary,kidney,KCLB,"","",Cell Line,,"","","","","","","","","",Adherent,MF-001-005,RPMI + 10% FBS + 2mM Glutamine + 25mM HEPES + 25mM Sodium bicarbonate,FALSE,None,"","","","",SNU267_KIDNEY,"",FALSE,HMB-MDS,"",,"",,""
ACH-000657,1.0289152109,1.02070857560711,CN-NonLow,CN Non-Low,4.7705755234,-0.2826977872,PT-ug3gCf,A2780,A2780,EOV,Ovary/Fallopian Tube,Ovarian Epithelial Tumor,Endometrioid Ovarian Cancer,EOV,"",CVCL_0134,,Unknown,Female,"",Primary,ovary,ECACC,"",93112519,Cell Line,,"","","","","","","","","",Adherent,MF-001-001,RPMI + 10% FBS,FALSE,None,"","","","",A2780_OVARY,"",FALSE,Approved for public sharing - CCLE,"",1245,SIDM00210,906804,""
ACH-001674,0.7287409666,0.789721712705961,CN-NonLow,CN Non-Low,4.3653564453,-0.5120553905,PT-o4jARg,TGW,TGW,NBL,Peripheral Nervous System,Neuroblastoma,Neuroblastoma,NBL,"",CVCL_1771,1,Pediatric,Male,"",Primary,autonomic_ganglia,JCRB,"",JCRB0618,Cell Line,,"","","","","","","","","",Adherent,MF-015-001,EMEM + 10% FBS,FALSE,None,"","","","",TGW_AUTONOMIC_GANGLIA,"",TRUE,HMB-MDS,"",1752,SIDM00324,910780,""
ACH-001649,1.0363596131,1.02599235818337,CN-NonLow,CN Non-Low,5.4098863602,-0.0082615518,PT-iy858F,Shmac 5,SHMAC5,ZIMMEPCP,Prostate,Non-Cancerous,"Immortalized Epithelial Cells, Prostate","","",CVCL_2723,,Unknown,Male,"",Primary,prostate,Sigma-Aldrich,"",10112303,Cell Line,,"",HPV16 E6,"","","","","","","",Adherent,MF-019-001,Stemline Keratinocyte Medium II + 2% FBS + 2mM Glutamine + Stemline keratinocyte growth supplement,FALSE,None,"","","","",SHMAC5_PROSTATE,"",FALSE,HMB-MDS,"",,"",,""
ACH-000648,0.5527522892,0.634827694730395,CN-NonLow,CN Non-Low,4.2244186401,-0.4309427832,PT-pVwyuS,NCI-H28,NCIH28,PLEMESO,Pleura,Pleural Mesothelioma,"Pleural Mesothelioma, Epithelioid Type",PLEMESO,"",CVCL_1555,48,Adult,Male,caucasian,Metastatic,pleural_effusion,ATCC,"",CRL-5820,Cell Line,,"","","","","","","","","",Adherent,MF-001-001,RPMI + 10% FBS,FALSE,None,"","","","",NCIH28_PLEURA,"",FALSE,Approved for public sharing - CCLE,"",1199,SIDM00720,908470,""
ACH-000879,1.0128602281,1.00924699579229,CN-NonLow,CN Non-Low,4.789744854,-0.4033733242,PT-wMzIqz,MFE-296,MFE296,UCEC,Uterus,Endometrial Carcinoma,Endometrial Carcinoma,UCEC,"",CVCL_1406,68,Adult,Female,caucasian,Primary,endometrium,DSMZ,"",ACC 419,Cell Line,,"","","","","","","","","",Adherent,MF-006-008,MEM + 10% FBS + 2mM Glutamine,FALSE,None,"","","","",MFE296_ENDOMETRIUM,"",FALSE,Approved for public sharing - CCLE,"",920,SIDM00334,908130,""
ACH-000078,0.7653459902,0.819950965041789,CN-NonLow,CN Non-Low,3.6171927452,-0.2338526272,PT-Vot01h,MHH-NB-11,MHHNB11,NBL,Peripheral Nervous System,Neuroblastoma,Neuroblastoma,NBL,"",CVCL_1412,4,Pediatric,Male,caucasian,Metastatic,autonomic_ganglia,DSMZ,"",ACC 157,Cell Line,,"","","","","","","","","",Mixed,MF-001-001,RPMI + 10% FBS,FALSE,None,"","","","",MHHNB11_AUTONOMIC_GANGLIA,"",TRUE,Approved for public sharing - CCLE,MYC_Amplified,1818,SIDM00387,908135,""
ACH-001097,1.0938523395,1.0661597056009,CN-NonLow,CN Non-Low,2.720690012,,PT-Q8gcpV,KARPAS-384,KARPAS384,NHL,Lymphoid,Non-Hodgkin Lymphoma,Non-Hodgkin Lymphoma,NHL,NRAS Gln61Lys,CVCL_2541,48,Adult,Male,"","",haematopoietic_and_lymphoid_tissue,Academic lab,"","",Cell Line,,"","","","","","","","","",Suspension,MF-001-003,RPMI + 10% FBS + 2mM Glutamine,FALSE,None,"","","","",KARPAS384_HAEMATOPOIETIC_AND_LYMPHOID_TISSUE,"",TRUE,HMB-MDS,"",,SIDM01737,,""
ACH-001060,0.842221144,0.881446255892901,CN-NonLow,CN Non-Low,5.1364212036,,PT-T0uF5o,DL-40,DL40,ALCLALKN,Lymphoid,Mature T and NK Neoplasms,Anaplastic Large-Cell Lymphoma ALK Negative,ALCLALKN,"",CVCL_2889,64,Adult,Female,"","",haematopoietic_and_lymphoid_tissue,Academic lab,"","",Cell Line,,"","","","","","","","","",Suspension,MF-001-020,RPMI + 20% FBS,FALSE,None,"","","","",DL40_HAEMATOPOIETIC_AND_LYMPHOID_TISSUE,"",FALSE,HMB-MDS,"",,SIDM01506,,""
ACH-000645,0.9961901353,0.997249142614169,CN-NonLow,CN Non-Low,4.8657851219,-0.1971226452,PT-igc1W1,JL-1,JL1,PLEMESO,Pleura,Pleural Mesothelioma,"Pleural Mesothelioma, Epithelioid Type",PLEMESO,"",CVCL_2080,54,Adult,Male,"",Primary,pleura,DSMZ,"",ACC 596,Cell Line,,"","","","","","","","","",Adherent,MF-002-009,DMEM + 20% FBS,FALSE,None,"","","","",JL1_PLEURA,"",FALSE,Approved for public sharing - CCLE,"",,"",,""
ACH-002511,0.9214182002,0.942171558405497,CN-NonLow,CN Non-Low,5.1846256256,-0.23249755,PT-iI63vt,M104325,M104325,MEL,Skin,Melanoma,Melanoma,MEL,"",CVCL_A1UE,64,Adult,Female,"",Primary,skin,QIMR Berghofer,Nicholas Hayward,"",Cell Line,,"","","","","","","","","",Adherent,MF-001-001,RPMI + 10% FBS,FALSE,None,"","","","",M140325_SKIN,"",FALSE,In Progress,"",,"",,""
ACH-001526,1.2100880277,1.14410383323529,CN-NonLow,CN Non-Low,4.9338183403,-0.4635523739,PT-JCLa8x,HuO9,HUO9,OS,Bone,Osteosarcoma,Osteosarcoma,OS,"",CVCL_1298,13,Pediatric,Female,"",Primary,bone,JCRB,"",JCRB0427,Cell Line,,"","","","","","","","","",Adherent,MF-001-001,RPMI + 10% FBS,FALSE,None,"","","","",HUO9_BONE,"",TRUE,HMB-MDS,"",330,SIDM00599,907072,""
ACH-000617,0.3482752844,0.431115089169411,CN-Low,Shallow CN Loss,3.700961113,,PT-hZYskw,OVCAR-4,OVCAR4,HGSOC,Ovary/Fallopian Tube,Ovarian Epithelial Tumor,High-Grade Serous Ovarian Cancer,HGSOC,"",CVCL_1627,42,Adult,Female,"",Metastatic,ascites,NCI/DCTD,"","",Cell Line,,"","","","","","","","","",Adherent,MF-001-001,RPMI + 10% FBS,FALSE,None,"","","","",OVCAR4_OVARY,"",FALSE,Approved for public sharing - CCLE,"",606,SIDM00092,905990,""
ACH-000928,1.0216119459,1.01550609444468,CN-NonLow,CN Non-Low,5.3694353104,-0.418439079,PT-C2kgmR,JHUEM-1,JHUEM1,UCEC,Uterus,Endometrial Carcinoma,Endometrial Carcinoma,UCEC,"",CVCL_4655,56,Adult,Female,asian,Primary,endometrium,RIKEN,"",RCB1548,Cell Line,,"","","","","","","","","",Adherent,MF-007-021,DMEM:F12 + 15% FBS,FALSE,None,"","","","",JHUEM1_ENDOMETRIUM,"",FALSE,Approved for public sharing - CCLE,"",,"",,""
ACH-002681,1.1737783472,1.12020484114806,CN-NonLow,CN Non-Low,5.0943880081,-0.1868737995,PT-2QAfke,538-MG-BA,538MGBA,GB,CNS/Brain,Adult-Type Diffuse Glioma,"Glioblastoma, IDH-Wildtype",GB,"",CVCL_LM82,49,Adult,Male,"","",central_nervous_system,DSMZ,"",ACC-80,Cell Line,,"","","","","","","","","",Adherent,MF-015-002,EMEM + 10% FBS + 2mM Glutamine + 100uM NEAA,FALSE,None,"","","","",538MGBA_CENTRAL_NERVOUS_SYSTEM,"",FALSE,HMB-MDS,"",,"",,""
ACH-002214,1.0104003192,1.00748280539419,CN-NonLow,CN Non-Low,4.6601700783,0.0149162481,PT-83LwGP,BC-1,BC1,PEL,Lymphoid,Mature B-Cell Neoplasms,Primary Effusion Lymphoma,PEL,"",CVCL_1079,46,Adult,Male,"",Primary,peritoneum,ATCC,"",CRL-2230,Cell Line,,"","",Unknown,"","","","","","",Suspension,MF-001-020,RPMI + 20% FBS,FALSE,None,"","","","",BC1_HAEMATOPOIETIC_AND_LYMPHOID_TISSUE,"",FALSE,HMB-MDS,"",585,SIDM00896,910919,""
ACH-000580,1.0125695463,1.00903863782031,CN-NonLow,CN Non-Low,5.5740804672,-0.3015241506,PT-Dlqu1U,C32,C32,MEL,Skin,Melanoma,Melanoma,MEL,"",CVCL_1097,53,Adult,Male,caucasian,Primary,skin,ATCC,"",CRL-1585,Cell Line,,"","","","","","","","","",Adherent,MF-015-001,EMEM + 10% FBS,FALSE,None,"","","","",C32_SKIN,"",FALSE,Approved for public sharing - CCLE,"",2242,SIDM00890,906830,""
ACH-000548,0.4605564812,0.54651814972585,CN-Low,Shallow CN Loss,4.2822246552,-2.5952892403,PT-p0K5QM,BHY,BHY,OCSC,Head and Neck,Head and Neck Squamous Cell Carcinoma,Oral Cavity Squamous Cell Carcinoma,OCSC,"",CVCL_1086,52,Adult,Male,asian,Primary,upper_aerodigestive_tract,DSMZ,"",ACC 404,Cell Line,,"","","","","","","","","",Adherent,MF-002-001,DMEM + 10% FBS,FALSE,None,"","","","",BHY_UPPER_AERODIGESTIVE_TRACT,"",FALSE,Approved for public sharing - CCLE,"",748,SIDM00986,753535,""
ACH-002142,1.7250784839,1.44629778097315,CN-NonLow,CN Non-Low,6.1268839836,-0.266318039,PT-3yhqod,HuO-3N1,HUO3N1,OS,Bone,Osteosarcoma,Osteosarcoma,OS,"",CVCL_1297,15,Pediatric,Female,"",Primary,bone,JCRB,"",JCRB0413,Cell Line,,"","","","","","","","","",Adherent,MF-001-001,RPMI + 10% FBS,FALSE,None,"","","","",HUO3N1_BONE,"",TRUE,HMB-MDS,"",2101,SIDM00584,909977,""
ACH-002530,0.5992533608,0.677398515062367,CN-NonLow,CN Non-Low,,-0.7024490626,PT-RYQaF6,SNU-977,SNU977,READ,Bowel,Colorectal Adenocarcinoma,Rectal Adenocarcinoma,READ,"",CVCL_5109,52,Adult,Female,"",Primary,Colon,KCLB,"","",Cell Line,,"","","","","","","","","",Adherent,MF-001-005,RPMI + 10% FBS + 2mM Glutamine + 25mM HEPES + 25mM Sodium bicarbonate,FALSE,None,"","","","",SNU977_LARGE_INTESTINE,"",FALSE,HMB-MDS,"",,"",,""
ACH-002055,1.0617056168,1.04383835040614,CN-NonLow,CN Non-Low,4.8481373787,-0.2767363075,PT-tk6NTJ,TL-1,TL1,BL,Lymphoid,Mature B-Cell Neoplasms,Burkitt Lymphoma,BL,"ID3 Glu53Ter, NCOR1 Ile1927fs, TP53 Tyr236Ser",CVCL_B371,10,Pediatric,Male,"",Primary,haematopoietic_and_lymphoid_tissue,RIKEN,"",RCB1871,Cell Line,,"","","","","","","","","",Suspension,MF-001-001,RPMI + 10% FBS,FALSE,None,"","","","",TL1_HAEMATOPOIETIC_AND_LYMPHOID_TISSUE,"",TRUE,HMB-MDS,"",,"",,""
ACH-002806,0.3429166833,0.42536980043285,CN-Low,Shallow CN Loss,2.6560592651,-3.2481124732,PT-k6klta,TB096,TB096,ASTR,CNS/Brain,Adult-Type Diffuse Glioma,"Astrocytoma, IDH-Mutant",ASTR,"","",25,Adult,Male,"",Primary,central_nervous_system,Academic lab,"","",Cell Line,,"","","","","","","","","",Adherent,MF-002-001,DMEM + 10% FBS,FALSE,None,"","","","",TB096_BRAIN,"",TRUE,HMB-MDS,IDH_Mutant,,"",,""
ACH-000573,0.6684010941,0.738466163427122,CN-NonLow,CN Non-Low,4.5485844612,-1.7316589809,PT-aOGEYV,MDA-MB-436,MDAMB436,BRCNOS,Breast,Invasive Breast Carcinoma,"Breast Invasive Carcinoma, NOS",BRCNOS,"",CVCL_0623,43,Adult,Female,caucasian,Metastatic,pleural_effusion,ATCC,"","",Cell Line,,"","","","","","","","","",Mixed,"","",,None,"","","","",MDAMB436_BREAST,"",FALSE,Approved for public sharing - CCLE,basal_B TNBC,927,SIDM00629,1240172,""
ACH-000311,0.41549125,0.501302831108284,CN-Low,Shallow CN Loss,3.8747181892,-0.2818428997,PT-6IoG5q,NCI-H2122,NCIH2122,LUAD,Lung,Non-Small Cell Lung Cancer,Lung Adenocarcinoma,LUAD,"",CVCL_1531,46,Adult,Female,caucasian,Metastatic,pleural_effusion,ATCC,"",CRL-5985,Cell Line,,"","","","","","","","","",Adherent,MF-001-001,RPMI + 10% FBS,FALSE,None,"","","","",NCIH2122_LUNG,"",FALSE,Approved for public sharing - CCLE,"",1015,SIDM00702,722046,""
ACH-000554,0.3321898735,0.413799720573358,CN-Low,Shallow CN Loss,3.4521987438,-0.2490595501,PT-i8kZN9,UACC-893,UACC893,ILC,Breast,Invasive Breast Carcinoma,Breast Invasive Lobular Carcinoma,ILC,"",CVCL_1782,57,Adult,Female,caucasian,Primary,breast,ATCC,"","",Cell Line,,"","","","","","","","","",Adherent,MF-021-001,L-15 + 10% FBS,FALSE,None,"","","","",UACC893_BREAST,"",FALSE,Approved for public sharing - CCLE,HER2+,1090,SIDM01186,909778,""
ACH-000461,0.7505749255,0.80782881117173,CN-NonLow,CN Non-Low,5.1019611359,-0.378404419,PT-1PHTgt,SNU-1196,SNU1196,EHCH,Biliary Tract,Intraductal Papillary Neoplasm of the Bile Duct,Extrahepatic Cholangiocarcinoma,EHCH,"",CVCL_5015,,Unknown,Unknown,"",Primary,biliary_tract,KCLB,"",1196,Cell Line,,"","","","","","","","","",Adherent,MF-001-005,RPMI + 10% FBS + 2mM Glutamine + 25mM HEPES + 25mM Sodium bicarbonate,FALSE,None,"","","","",SNU1196_BILIARY_TRACT,"",FALSE,Approved for public sharing - CCLE,"",,SIDM00163,,""
ACH-000211,0.7528800834,0.809727302998947,CN-NonLow,CN Non-Low,5.0379400253,-0.171845731,PT-5fvUg8,Daoy,DAOY,MBLNOS,CNS/Brain,Embryonal Tumor,"Medulloblastoma, NOS",MBLNOS,"",CVCL_1167,4,Pediatric,Male,caucasian,Primary,central_nervous_system,ATCC,"",HTB-186,Cell Line,,"","","","","","","","","",Adherent,MF-006-001,MEM + 10% FBS,FALSE,None,"","","","",DAOY_CENTRAL_NERVOUS_SYSTEM,"",TRUE,Approved for public sharing - CCLE,MYC_No,2150,SIDM00887,906833,""
ACH-000476,0.8861359761,0.915433687133752,CN-NonLow,CN Non-Low,4.3291592598,-0.0934180916,PT-UVxXgl,JHH-4,JHH4,HCC,Liver,Hepatocellular Carcinoma,Hepatocellular Carcinoma,HCC,"",CVCL_2787,51,Adult,Male,asian,Primary,liver,HSRRB,"",JCRB0435,Cell Line,,"","","","","","","","","",Adherent,MF-006-001,MEM + 10% FBS,FALSE,None,"","","","",JHH4_LIVER,"",FALSE,Approved for public sharing - CCLE,"",931,SIDM00616,1240158,""
ACH-000409,1.0472661265,1.03369865215436,CN-NonLow,CN Non-Low,4.6256914139,,PT-eYKUfI,OVSAHO,OVSAHO,HGSOC,Ovary/Fallopian Tube,Ovarian Epithelial Tumor,High-Grade Serous Ovarian Cancer,HGSOC,"",CVCL_3114,56,Adult,Female,asian,Metastatic,abdomen,HSRRB,"","",Cell Line,,"","","","","","","","","",Adherent,MF-001-001,RPMI + 10% FBS,FALSE,None,"","","","",OVSAHO_OVARY,"",FALSE,Approved for public sharing - CCLE,"",,"",,""
ACH-000504,0.7093472723,0.773445525819795,CN-NonLow,CN Non-Low,4.9394898415,-0.2378594018,PT-YFHa1n,SNB75,SNB75,GB,CNS/Brain,Adult-Type Diffuse Glioma,"Glioblastoma, IDH-Wildtype",GB,"",CVCL_1706,75,Adult,Female,"",Primary,central_nervous_system,The Broad Institute,Levi Garraway,"",Cell Line,,"","","","","","","","","",Adherent,MF-001-014,RPMI + 5% FBS,FALSE,None,"","","","",SNB75_CENTRAL_NERVOUS_SYSTEM,"",FALSE,Approved for public sharing - CCLE,"",1181,SIDM00095,905982,""
ACH-001239,0.8143116796,0.859422316940169,CN-NonLow,CN Non-Low,4.9617624283,-0.1244755063,PT-JAyPtz,WM-266-4,WM2664,MEL,Skin,Melanoma,Melanoma,MEL,"",CVCL_2765,55,Adult,Female,"",Metastatic,skin,ATCC,"",CRL-1676,Cell Line,,"","","","","","","","","",Adherent,MF-002-001,DMEM + 10% FBS,FALSE,None,"","","","",WM2664_SKIN,"",FALSE,Approved for public sharing - CCLE,"",,SIDM00979,,""
ACH-002688,0.65381664,0.725799290599499,CN-NonLow,CN Non-Low,5.0215239525,-1.0167105226,PT-A4Rqd9,OS457,OS457,OS,Bone,Osteosarcoma,Osteosarcoma,OS,"","",,Unknown,Male,"",Primary,bone,UCSF Helen Diller Family Comprehensive Cancer Center,Alejandro Sweet-Cordero,"",Cell Line,,"","","","","","","","","",Adherent,MF-002-001,DMEM + 10% FBS,FALSE,None,"","","","",PSS141_BONE,"",TRUE,"","",,"",,""
ACH-003176,1.0059572804,1.00429088211593,CN-NonLow,CN Non-Low,5.287812233,-0.1384043174,PT-VbQDpc,NRH-GCT1,NRHGCT1,OS,Bone,Osteosarcoma,Osteosarcoma,OS,"","",31,Adult,Male,"",Primary,soft_tissue,"Oslo University Hospital, The Norwegian Radium Hospital",Ola Myklebost,"",Cell Line,,PDX,"",Pre-treatment,"","","","","","",Mixed,MF-001-003,RPMI + 10% FBS + 2mM Glutamine,FALSE,None,"","","","",NRH-GCT1,"",TRUE,"","",,"",,""
ACH-000417,0.5410841927,0.623945681497591,CN-NonLow,CN Non-Low,4.7617640495,-0.6768005656,PT-9CcA8P,Panc 08.13,PANC0813,PAAD,Pancreas,Pancreatic Adenocarcinoma,Pancreatic Adenocarcinoma,PAAD,"",CVCL_1638,85,Adult,Male,caucasian,Primary,pancreas,ATCC,"",CRL-2551,Cell Line,,"","","","","","","","","",Adherent,MF-001-019,RPMI + 15% FBS + 2mM Glutamine + 1mM Sodium pyruvate + 60ug/ml Insulin + 10mM HEPES + 18mM Sodium bicarbonate + 25mM Glucose,FALSE,None,"","","","",PANC0813_PANCREAS,"",FALSE,Approved for public sharing - CCLE,"",635,SIDM01136,925347,""
ACH-000047,1.12765754,1.08926595859143,CN-NonLow,CN Non-Low,,-0.1007739125,PT-UVwT4j,GCIY,GCIY,STAD,Esophagus/Stomach,Esophagogastric Adenocarcinoma,Stomach Adenocarcinoma,STAD,"",CVCL_1228,39,Adult,Female,asian,Metastatic,ascites,RIKEN,"",RCB0555,Cell Line,,"","","","","","","","","",Adherent,MF-006-012,MEM + 15% FBS,FALSE,None,"","","","",GCIY_STOMACH,"",FALSE,Approved for public sharing - CCLE,"",1414,SIDM00274,906869,""
ACH-001148,1.0965966717,1.06804935275372,CN-NonLow,CN Non-Low,5.730887413,,PT-pngX0a,OCILY-132,OCILY132,DLBCLNOS,Lymphoid,Mature B-Cell Neoplasms,"Diffuse Large B-Cell Lymphoma, NOS",DLBCLNOS,"",CVCL_8797,28,Adult,Female,"","",bone_marrow,"","","",Cell Line,,"","","","","","","","","",Suspension,MF-001-001,RPMI + 10% FBS,FALSE,None,"","","","",OCILY132_HAEMATOPOIETIC_AND_LYMPHOID_TISSUE,"",FALSE,HMB-MDS,"",,SIDM01877,,""
ACH-000937,1.1225292204,1.08578441518514,CN-NonLow,CN Non-Low,5.5918979645,-0.1616188842,PT-UEq5KV,PF-382,PF382,TALL,Lymphoid,T-Lymphoblastic Leukemia/Lymphoma,T-Cell Acute Lymphoblastic Leukemia,"",STIL-TAL1,CVCL_1641,6,Pediatric,Female,"","",pleural_effusion,DSMZ,"",ACC-38,Cell Line,,"","","","","","","","","",Suspension,MF-001-001,RPMI + 10% FBS,FALSE,None,"","","","",PF382_HAEMATOPOIETIC_AND_LYMPHOID_TISSUE,"",TRUE,Approved for public sharing - CCLE,"TAL1, STIL::TAL1",1043,SIDM00451,909260,""
ACH-003111,0.9700772212,0.978252180168381,CN-NonLow,CN Non-Low,5.460316658,,PT-5KCCDV,Hs 856.T,HS856T,MFH,Soft Tissue,Undifferentiated Pleomorphic Sarcoma/Malignant Fibrous Histiocytoma/High-Grade Spindle Cell Sarcoma,Undifferentiated Pleomorphic Sarcoma/Malignant Fibrous Histiocytoma/High-Grade Spindle Cell Sarcoma,MFH,"",CVCL_0954,16,Pediatric,Female,"","",soft_tissue,ATCC,"",CRL-7593,Cell Line,,"","","","","","","","","",Adherent,MF-002-001,DMEM + 10% FBS,FALSE,None,"","","","",HS856T_SOFT_TISSUE,"",TRUE,HMB-MDS,"",,"",,""
ACH-002921,1.0417677634,1.02981877922012,CN-NonLow,CN Non-Low,5.2411994934,,PT-NvrCXN,BCK4,BCK4,ILC,Breast,Invasive Breast Carcinoma,Breast Invasive Lobular Carcinoma,ILC,"",CVCL_A9A5,65,Adult,Female,"",Metastatic,pleural_effusion,University of Colorado,Carol Sartorius,"",Cell Line,,"","","","","","","","","",Adherent,MF-006-001,MEM + 10% FBS,FALSE,None,"","","","","","",FALSE,HMB-MDS,"",,"",,""
ACH-002796,1.0383422129,1.02739628281265,CN-NonLow,CN Non-Low,5.0450716019,,PT-5JIQX7,NCC-CDS1-X3-C1,NCCCDS1X3C1,CDS,Soft Tissue,CIC-DUX4 Sarcoma,CIC-DUX4 Sarcoma,"","",CVCL_YL55,29,Adult,Female,"",Primary,soft_tissue,National Cancer Center Research Institute,Tadashi Kondo,"",Cell Line,,PDX,"","","","","","","","",Adherent,MF-007-006,DMEM:F12 + 10% FBS + GlutaMAX,FALSE,None,"","","","","","",TRUE,"",CIC::DUX4,,"",,""
ACH-001184,0.7828381665,0.834175751205055,CN-NonLow,CN Non-Low,4.139526844,-1.0373580893,PT-4E3Ck9,SCMC-RM2,SCMCRM2,ARMS,Soft Tissue,Rhabdomyosarcoma,Alveolar Rhabdomyosarcoma,ARMS,"",CVCL_A667,11,Pediatric,Female,"",Metastatic,bone_marrow,University Hospital Zurich,Beat Schaefer,"",Cell Line,,"","","","","","","","","",Adherent,MF-002-001,DMEM + 10% FBS,FALSE,None,"","","","",SCMCRM2_SOFT_TISSUE,"",TRUE,HMB-MDS,PAX3::FKHR,,"",,""
ACH-000644,1.0076997196,1.00554350960793,CN-NonLow,CN Non-Low,4.9179520607,,PT-w6ABKA,COLO 829,COLO829,SKCM,Skin,Melanoma,Cutaneous Melanoma,SKCM,"",CVCL_1137,45,Adult,Male,caucasian,Primary,skin,ATCC,"",CRL-1974,Cell Line,,"","","","","","","","","",Adherent,MF-001-001,RPMI + 10% FBS,FALSE,None,"","","","",COLO829_SKIN,"",FALSE,Approved for public sharing - CCLE,"",430,SIDM00909,687448,""
ACH-001972,0.8397274186,0.879492026627144,CN-NonLow,CN Non-Low,4.6818876266,-0.1905455219,PT-Czk2qo,MM473,MM473,MEL,Skin,Melanoma,Melanoma,MEL,"",CVCL_4450,,Unknown,Male,"",Metastatic,lymph_node,CellBank Australia,"",CBA-1354,Cell Line,,"","","","","","","","","",Adherent,MF-001-004,RPMI + 10% FBS + 2mM Glutamine + 25mM HEPES,FALSE,None,"","","","",MM473_SKIN,"",FALSE,"","",,"",,""
ACH-000610,1.1930677742,1.13295039750689,CN-NonLow,CN Non-Low,6.0628619194,,PT-mtt5MQ,NCI-H2227,NCIH2227,SCLC,Lung,Lung Neuroendocrine Tumor,Small Cell Lung Cancer,SCLC,"",CVCL_1542,54,Adult,Male,caucasian,Primary,lung,ATCC,"","",Cell Line,,"","","","","","","","","",Mixed,"","",,None,"","","","",NCIH2227_LUNG,"",FALSE,Approved for public sharing - CCLE,"",1220,SIDM00730,688018,""
ACH-001333,1.552452363,1.35188403600808,CN-NonLow,CN Non-Low,5.4625988007,-0.175859989,PT-9q6tDV,C-33 A,C33A,CESC,Cervix,Cervical Squamous Cell Carcinoma,Cervical Squamous Cell Carcinoma,CESC,"",CVCL_1094,66,Adult,Female,"",Primary,cervix,ATCC,"",HTB-31,Cell Line,,"","","","","","","","","",Adherent,MF-015-001,EMEM + 10% FBS,FALSE,None,"","","","",C33A_CERVIX,"",FALSE,HMB-MDS,"",1761,SIDM00889,687505,""
ACH-000062,0.844114142,0.882927954574755,CN-NonLow,CN Non-Low,4.6790127754,,PT-Rt0hf4,RERF-LC-MS,RERFLCMS,LUAD,Lung,Non-Small Cell Lung Cancer,Lung Adenocarcinoma,LUAD,"",CVCL_1655,,Unknown,Male,asian,Primary,lung,JCRB,"",JCRB0081,Cell Line,,"","","","","","","","","",Adherent,MF-015-004,EMEM + 10% FBS + 100uM NEAA,FALSE,None,"","","","",RERFLCMS_LUNG,"",FALSE,Approved for public sharing - CCLE,"",2051,SIDM00355,910931,""
ACH-002041,0.8239450326,0.867062252314984,CN-NonLow,CN Non-Low,5.2595362663,-0.325732087,PT-PqWEZm,HOTHC,HOTHC,THAP,Thyroid,Anaplastic Thyroid Cancer,Anaplastic Thyroid Cancer,THAP,"",CVCL_8708,80,Adult,Female,"",Primary,thyroid,RIKEN,"",RCB0662,Cell Line,,"","","","","","","","","",Adherent,MF-004-002,F12 + 15% FBS,FALSE,None,"","","","",HOTHC_THYROID,"",FALSE,HMB-MDS,"",,"",,""
ACH-000390,0.6421142852,0.715554536953522,CN-NonLow,CN Non-Low,4.7547755241,-0.2734520659,PT-gDZo34,LUDLU-1,LUDLU1,LUSC,Lung,Non-Small Cell Lung Cancer,Lung Squamous Cell Carcinoma,LUSC,"",CVCL_2582,72,Adult,Male,caucasian,Primary,lung,ECACC,"",92012463,Cell Line,,"","","","","","","","","",Adherent,MF-001-001,RPMI + 10% FBS,FALSE,None,"","","","",LUDLU1_LUNG,"",FALSE,Approved for public sharing - CCLE,"",,"",,""
ACH-000840,0.8676601647,0.901231969338615,CN-NonLow,CN Non-Low,5.1543359756,-1.2084310798,PT-1JVU53,HCC-366,HCC366,LUAS,Lung,Non-Small Cell Lung Cancer,Lung Adenosquamous Carcinoma,LUAS,"",CVCL_2059,80,Adult,Female,"",Primary,lung,DSMZ,"","",Cell Line,,"","","","","","","","","",Adherent,MF-001-001,RPMI + 10% FBS,FALSE,None,"","","","",HCC366_LUNG,"",FALSE,Approved for public sharing - CCLE,"",638,SIDM01070,1240144,""
ACH-000052,1.0105010354,1.00755507912065,CN-NonLow,CN Non-Low,6.0760564804,-0.4338055568,PT-IAac7b,A-673,A673,ES,Bone,Ewing Sarcoma,Ewing Sarcoma,ES,"",CVCL_0080,15,Pediatric,Female,"",Primary,soft_tissue,ATCC,"",CRL-1598,Cell Line,,"","","","","","","","","",Adherent,MF-002-001,DMEM + 10% FBS,FALSE,None,"","","","",A673_BONE,"",TRUE,Approved for public sharing - CCLE,EWS::FLI,660,SIDM00848,684052,""
ACH-003295,1.1956532037,1.13465020333574,CN-NonLow,CN Non-Low,5.0857644081,,PT-UYWXWs,C-20/A4,C20A4,ZTRA,"",Non-Cancerous,Transformed cell line,"","",CVCL_6821,5,Pediatric,Male,"",Primary,cartilage,Sigma-Aldrich,"","",Cell Line,,"",SV40,"","","","","","","",Adherent,"","",,None,"","","","","","",FALSE,"","",,"",,""
ACH-003226,0.5229996913,0.606915649402353,CN-NonLow,CN Non-Low,4.2044930458,,PT-umlvi6,U-CH11-R,UCH11R,CHDM,Bone,Chordoma,Chordoma,CHDM,"",CVCL_VR46,75,Adult,Male,caucasian,Recurrent,sacral,ATCC,"",CRL-3399,Cell Line,,"","",Unknown,"","","","","","",Adherent,MF-012-004,IMDM:RPMI (4:1) + 10% FBS,FALSE,None,"","","","","","",FALSE,HMB-MDS,"",,"",,""
ACH-000464,1.1658142975,1.11490954785795,CN-NonLow,CN Non-Low,4.6567993164,-0.2448141451,PT-3nLBts,CAS-1,CAS1,GB,CNS/Brain,Adult-Type Diffuse Glioma,"Glioblastoma, IDH-Wildtype",GB,"",CVCL_1117,63,Adult,Male,"",Primary,central_nervous_system,ICLC,"",HTL97009,Cell Line,,"","","","","","","","","",Adherent,MF-002-001,DMEM + 10% FBS,FALSE,None,"","","","",CAS1_CENTRAL_NERVOUS_SYSTEM,"",FALSE,Approved for public sharing - CCLE,"",604,SIDM00212,910943,""
ACH-001983,1.1353239416,1.09445495204166,CN-NonLow,CN Non-Low,5.116938591,,PT-XiC43Q,NZM30,NZM30,MEL,Skin,Melanoma,Melanoma,MEL,"",CVCL_D829,41,Adult,Female,"",Metastatic,skin,CellBank Australia,"","",Cell Line,,"","","","","","","","","",Adherent,MF-003-003,AlphaMEM + 5% FBS + 1X Insulin-Transferrin-Selenium,FALSE,None,"","","","",NZM30_SKIN,"",FALSE,HMB-MDS,"",,"",,""
ACH-001400,0.5520737842,0.634197143587652,CN-NonLow,CN Non-Low,2.6204197407,-0.7427823045,PT-2KkY6l,SW 954,SW954,VSC,Vulva/Vagina,Squamous Cell Carcinoma of the Vulva/Vagina,Squamous Cell Carcinoma of the Vulva/Vagina,VSC,"",CVCL_1732,86,Adult,Female,"",Primary,cervix,ATCC,"",HTB-117,Cell Line,,"","","","","","","","","",Adherent,MF-021-001,L-15 + 10% FBS,FALSE,None,"","","","",SW954_CERVIX,"",FALSE,HMB-MDS,"",1182,SIDM01157,924247,""
ACH-000082,1.4048333508,1.26593692214308,CN-NonLow,CN Non-Low,5.5342545509,-0.3134075444,PT-noCCE4,"G-292, clone A141B1",G292CLONEA141B1,OS,Bone,Osteosarcoma,Osteosarcoma,OS,"",CVCL_2909,9,Pediatric,Female,caucasian,Primary,bone,ATCC,"",CRL-1423,Cell Line,,"","","","","","","","","",Adherent,MF-023-001,McCoy's 5A + 10% FBS,FALSE,None,"","","","",G292CLONEA141B1_BONE,"",TRUE,Approved for public sharing - CCLE,"",661,SIDM00858,1290807,""
ACH-000750,0.9677620692,0.976555788595326,CN-NonLow,CN Non-Low,4.8844561577,,PT-jI6Xhs,LOX IMVI,LOXIMVI,MEL,Skin,Melanoma,Melanoma,MEL,"",CVCL_1381,58,Adult,Male,"",Metastatic,lymph_node,NCI/DCTD,"","",Cell Line,,"","","","","","","","","",Adherent,MF-001-001,RPMI + 10% FBS,FALSE,None,"","","","",LOXIMVI_SKIN,"",FALSE,Approved for public sharing - CCLE,"",401,SIDM00149,905974,""
ACH-001676,0.9283385925,0.947358393285761,CN-NonLow,CN Non-Low,5.4396233559,-0.1089352882,PT-41SYJa,Ty-82,TY82,NMCHN,Head and Neck,"Head and Neck Carcinoma, Other",NUT Midline Carcinoma of the Head and Neck,NMCHN,"",CVCL_3220,22,Adult,Female,"",Primary,Thymus,JCRB,"",JCRB1330,Cell Line,,"","","","","","","","","",Suspension,MF-001-020,RPMI + 20% FBS,FALSE,None,"","","","",TY82_UPPER_AERODIGESTIVE_TRACT,"",FALSE,HMB-MDS,"",,"",,""
ACH-000759,0.5469451251,0.629422020865653,CN-NonLow,CN Non-Low,4.6138911247,,PT-maODOx,MDA-MB-175-VII,MDAMB175VII,IDC,Breast,Invasive Breast Carcinoma,Breast Invasive Ductal Carcinoma,IDC,"",CVCL_1400,56,Adult,Female,black_or_african_american,Metastatic,pleural_effusion,ATCC,"","",Cell Line,,"","","","","","","","","",Adherent,MF-001-001,RPMI + 10% FBS,FALSE,None,"","","","",MDAMB175VII_BREAST,"",FALSE,Approved for public sharing - CCLE,"ER+, PR+, HER2+",50,SIDM00633,908120,""
ACH-000247,0.9172112783,0.939009331977306,CN-NonLow,CN Non-Low,5.4692153931,-0.0190633629,PT-JKf5mS,OCUM-1,OCUM1,DSTAD,Esophagus/Stomach,Esophagogastric Adenocarcinoma,Diffuse Type Stomach Adenocarcinoma,DSTAD,"",CVCL_3084,38,Adult,Female,asian,Metastatic,stomach,HSRRB,"","",Cell Line,,"","","","","","","","","",Mixed,MF-002-001,DMEM + 10% FBS,FALSE,None,"","","","",OCUM1_STOMACH,"",FALSE,Approved for public sharing - CCLE,"",1712,SIDM00568,1298358,""
ACH-000116,1.2224945216,1.15217986284796,CN-NonLow,CN Non-Low,5.9480495453,-0.3641597047,PT-eqFmWE,OAW28,OAW28,HGSOC,Ovary/Fallopian Tube,Ovarian Epithelial Tumor,High-Grade Serous Ovarian Cancer,HGSOC,"",CVCL_1614,75,Adult,Female,"",Metastatic,ascites,ECACC,"","",Cell Line,,"","","","","","","","","",Adherent,MF-002-001,DMEM + 10% FBS,FALSE,None,"","","","",OAW28_OVARY,"",FALSE,Approved for public sharing - CCLE,"",173,SIDM00481,946360,""
ACH-001697,1.2885816899,1.194453789212,CN-NonLow,CN Non-Low,4.86521101,,PT-rleiVd,UPCI-SCC-114,UPCISCC114,OCSC,Head and Neck,Head and Neck Squamous Cell Carcinoma,Oral Cavity Squamous Cell Carcinoma,OCSC,"",CVCL_2227,71,Adult,Male,"",Primary,upper_aerodigestive_tract,DSMZ,"",ACC-662,Cell Line,,"","","","","","","","","",Adherent,MF-006-002,MEM + 10% FBS + 2mM Glutamine + 100uM NEAA,FALSE,None,"","","","",UPCISCC114_UPPER_AERODIGESTIVE_TRACT,"",FALSE,HMB-MDS,"",,"",,""
ACH-001530,0.3532325018,0.436409733162787,CN-Low,Shallow CN Loss,4.3044962883,-0.6843055448,PT-hB4ARO,JEG-3,JEG3,UCCA,Uterus,Gestational Trophoblastic Disease,Choriocarcinoma,UCCA,"",CVCL_0363,,Fetus,Male,"",Metastatic,central_nervous_system,ATCC,"",HTB-36,Cell Line,,"","","","","","","","","",Adherent,MF-015-001,EMEM + 10% FBS,FALSE,None,"","","","",JEG3_PLACENTA,"",FALSE,HMB-MDS,"",1195,SIDM01218,907176,""
ACH-000748,1.0543164846,1.03865845799025,CN-NonLow,CN Non-Low,5.1179819107,-0.2062920099,PT-OexHxF,SJSA-1,SJSA1,OS,Bone,Osteosarcoma,Osteosarcoma,OS,"",CVCL_1697,19,Adult,Male,black_or_african_american,Primary,bone,ATCC,"",CRL-2098,Cell Line,,"","","","","","","","","",Adherent,MF-001-001,RPMI + 10% FBS,FALSE,None,"","","","",SJSA1_BONE,"",TRUE,Approved for public sharing - CCLE,"",1180,SIDM01112,909717,""
ACH-000630,0.5993098538,0.6774494768008,CN-NonLow,CN Non-Low,5.140504837,-0.294603387,PT-uty9xg,YD-8,YD8,OCSC,Head and Neck,Head and Neck Squamous Cell Carcinoma,Oral Cavity Squamous Cell Carcinoma,OCSC,"",CVCL_L079,46,Adult,Female,asian,"",upper_aerodigestive_tract,KCLB,"",60501,Cell Line,,"","","","","","","","","",Adherent,MF-001-001,RPMI + 10% FBS,FALSE,None,"","","","",YD8_UPPER_AERODIGESTIVE_TRACT,"",FALSE,Approved for public sharing - CCLE,"",,"",,""
ACH-000402,1.1048044227,1.07368618506867,CN-NonLow,CN Non-Low,4.6460819244,-0.4376359513,PT-ieu86J,BL-70,BL70,BL,Lymphoid,Mature B-Cell Neoplasms,Burkitt Lymphoma,BL,TP53 Arg273Cys,CVCL_1088,16,Pediatric,Male,caucasian,"",haematopoietic_and_lymphoid_tissue,DSMZ,"","",Cell Line,,"","","","","","","","","",Suspension,MF-001-001,RPMI + 10% FBS,FALSE,None,"","","","",BL70_HAEMATOPOIETIC_AND_LYMPHOID_TISSUE,"",TRUE,Approved for public sharing - CCLE,"",,SIDM00074,,""
ACH-002030,0.7333582291,0.793569843729405,CN-NonLow,CN Non-Low,4.8303160667,-0.3046227997,PT-f3QT3w,Sa3,SA3,OCSC,Head and Neck,Head and Neck Squamous Cell Carcinoma,Oral Cavity Squamous Cell Carcinoma,OCSC,"",CVCL_8063,63,Adult,Male,"",Primary,upper_aerodigestive_tract,RIKEN,"",RCB0980,Cell Line,,"","","","","","","","","",Adherent,MF-014-001,BME + 20% FBS + 2mM Glutamine,FALSE,None,"","","","",SA3_UPPER_AERODIGESTIVE_TRACT,"",FALSE,HMB-MDS,"",,"",,""
ACH-000922,1.0660665484,1.0468867244355,CN-NonLow,CN Non-Low,4.8449678421,-0.3008765435,PT-0mdkef,RCH-ACV,RCHACV,BALL,Lymphoid,B-Cell Acute Lymphoblastic Leukemia,B-Cell Acute Lymphoblastic Leukemia,"","TCF3::PBX1, with EGFR, HRAS, KRAS mutations",CVCL_1851,8,Pediatric,Female,"","",bone_marrow,DSMZ,"",ACC 548,Cell Line,,"","","","","","","","","",Suspension,MF-001-020,RPMI + 20% FBS,FALSE,None,"","","","",RCHACV_HAEMATOPOIETIC_AND_LYMPHOID_TISSUE,"",TRUE,Approved for public sharing - CCLE,TCF3::PBX1,1160,SIDM00449,1330994,""
ACH-001707,1.0406004959,1.02899376247858,CN-NonLow,CN Non-Low,4.3559184074,-0.2801239622,PT-XqTlID,WA-OSEL,WAOSEL,CLLSLL,Lymphoid,Mature B-Cell Neoplasms,Chronic Lymphocytic Leukemia/Small Lymphocytic Lymphoma,CLLSLL,"",CVCL_Y549,,Unknown,Male,"",Primary,haematopoietic_and_lymphoid_tissue,DSMZ,"",ACC 767,Cell Line,,"","","","","",1,Rai,"","",Adherent,MF-001-001,RPMI + 10% FBS,FALSE,None,"","","","",WAOSEL_HAEMATOPOIETIC_AND_LYMPHOID_TISSUE,"",FALSE,HMB-MDS,"",,"",,""
ACH-002034,1.0229635215,1.01647030515297,CN-NonLow,CN Non-Low,5.122759819,,PT-9ZIcAY,T3M-11,T3M11,NUTCL,Lung,Non-Small Cell Lung Cancer,NUT Carcinoma of the Lung,NUTCL,"",CVCL_8066,,Unknown,Male,"",Primary,lung,RIKEN,"",RCB1022,Cell Line,,"","","","","","","","","",Adherent,MF-004-001,F12 + 10% FBS,FALSE,None,"","","","",T3M11_LUNG,"",FALSE,HMB-MDS,"",,"",,""
ACH-000728,1.0843796919,1.05961810378064,CN-NonLow,CN Non-Low,5.5532650948,,PT-pKQIGg,KASUMI-2,KASUMI2,BALL,Lymphoid,B-Cell Acute Lymphoblastic Leukemia,B-Cell Acute Lymphoblastic Leukemia,"","TCF3::PBX1, HRAS Gly13Ser, KRAS Val14Leu, TP53, Glu11Gln",CVCL_0590,15,Pediatric,Male,"","",bone_marrow,DSMZ,"",ACC 526,Cell Line,,"","","","","","","","","",Adherent,MF-001-001,RPMI + 10% FBS,FALSE,None,"","","","",KASUMI2_HAEMATOPOIETIC_AND_LYMPHOID_TISSUE,"",TRUE,Approved for public sharing - CCLE,TCF3::PBX1,,"",,""
ACH-000966,0.835708086,0.876336659860965,CN-NonLow,CN Non-Low,4.5110821724,-0.5241159301,PT-bGFaJu,IGROV1,IGROV1,EOV,Ovary/Fallopian Tube,Ovarian Epithelial Tumor,Endometrioid Ovarian Cancer,EOV,"",CVCL_1304,47,Adult,Female,"",Primary,ovary,NCI/DCTD,"","",Cell Line,,"","","","","","","","","",Adherent,MF-001-001,RPMI + 10% FBS,FALSE,None,"","","","",IGROV1_OVARY,"",FALSE,Approved for public sharing - CCLE,"",1215,SIDM00151,905968,""
ACH-000579,0.8522254261,0.889259693266156,CN-NonLow,CN Non-Low,4.5083270073,-0.1652736759,PT-KoNkGk,UACC-257,UACC257,MEL,Skin,Melanoma,Melanoma,MEL,"",CVCL_1779,,Unknown,Unknown,"",Primary,skin,NCI-DTP,"",UACC-257,Cell Line,,"","","","","","","","","",Adherent,MF-001-001,RPMI + 10% FBS,FALSE,None,"","","","",UACC257_SKIN,"",FALSE,Approved for public sharing - CCLE,"",14,SIDM00108,905977,""
ACH-000502,0.3578086078,0.441280136403402,CN-Low,Shallow CN Loss,3.9338085651,-0.4706390494,PT-HGOuqa,TCC-PAN2,TCCPAN2,PAAD,Pancreas,Pancreatic Adenocarcinoma,Pancreatic Adenocarcinoma,PAAD,"",CVCL_3178,47,Adult,Female,asian,Metastatic,ascites,HSRRB,"",TCCPAN2,Cell Line,,"","","","","","","","","",Adherent,MF-001-001,RPMI + 10% FBS,FALSE,None,"","","","",TCCPAN2_PANCREAS,"",FALSE,Approved for public sharing - CCLE,"",,"",,""
ACH-002924,1.1645027125,1.1140356085003,CN-NonLow,CN Non-Low,4.642724514,,PT-mLYugT,UPMM2,UPMM2,UM,Eye,Ocular Melanoma,Uveal Melanoma,UM,"",CVCL_C294,,Unknown,Female,"",Primary,cilio-choroidal,QIMR Berghofer,"","",Cell Line,,"","","","","","","","","",Adherent,MF-001-001,RPMI + 10% FBS,FALSE,None,"","","","","","",FALSE,HMB-MDS,"",,"",,""
ACH-000408,0.716083634,0.779119864851932,CN-NonLow,CN Non-Low,4.668510437,-0.4060141423,PT-Tt9e9T,TE-5,TE5,ESCC,Esophagus/Stomach,Esophageal Squamous Cell Carcinoma,Esophageal Squamous Cell Carcinoma,ESCC,"",CVCL_1764,73,Adult,Female,"","",oesophagus,RIKEN,"",RCB1949,Cell Line,,"","","","","","","","","",Adherent,MF-001-001,RPMI + 10% FBS,FALSE,None,"","","","",TE5_OESOPHAGUS,"",FALSE,Approved for public sharing - CCLE,"",576,SIDM00347,735784,""
ACH-003297,0.9442630353,0.959223411357387,CN-NonLow,CN Non-Low,5.3292884827,,PT-qXEet5,C28/I2,C28I2,ZTRA,"",Non-Cancerous,Transformed cell line,"","",CVCL_0187,15,Pediatric,Female,"",Primary,cartilage,Sigma-Aldrich,"","",Cell Line,,"",SV40,"","","","","","","",Adherent,"","",,None,"","","","","","",FALSE,"","",,"",,""
ACH-002843,0.979367482,0.985039482644035,CN-NonLow,CN Non-Low,5.2099719048,,PT-oXpiq1,CCLF_RARE_0020_T,CCLFRARE0020T,DES,Soft Tissue,Desmoid/Aggressive Fibromatosis,Desmoid/Aggressive Fibromatosis,DES,"","",15,Pediatric,Female,"",Metastatic,abdomen,CCLF,"","",Cell Line,,"","","","","","","","","",Adherent,MF-002-001,DMEM + 10% FBS,FALSE,None,"","","","","",HCM-BROD-0762-C49,TRUE,"",CTNNB1_(t41a)_Mutant,,"",,""
ACH-001702,0.7865819578,0.837202097746023,CN-NonLow,CN Non-Low,4.543217659,-0.1416571485,PT-vslXtO,VA-ES-BJ,VAESBJ,EPIS,Soft Tissue,Epithelioid Sarcoma,Epithelioid Sarcoma,EPIS,"",CVCL_1785,41,Adult,Male,"",Metastatic,bone_marrow,ATCC,"",CRL-2138,Cell Line,,"","","","","","","","","",Adherent,MF-002-002,DMEM + 10% FBS + 100uM NEAA,FALSE,None,"","","","",VAESBJ_SOFT_TISSUE,"",FALSE,HMB-MDS,"",1004,SIDM01179,688121,""
ACH-000849,0.7281860459,0.789258537553024,CN-NonLow,CN Non-Low,4.8475961685,-0.1264821315,PT-58loXx,MDA-MB-468,MDAMB468,BRCA,Breast,Invasive Breast Carcinoma,Invasive Breast Carcinoma,BRCA,"",CVCL_0419,51,Adult,Female,black_or_african_american,Metastatic,pleural_effusion,ATCC,"","",Cell Line,,"","","","","","","","","",Adherent,MF-002-001,DMEM + 10% FBS,FALSE,None,"","","","",MDAMB468_BREAST,"",FALSE,Approved for public sharing - CCLE,basal_A TNBC,415,SIDM00628,908123,""
ACH-002399,0.6848827837,0.75264822745643,CN-NonLow,CN Non-Low,5.8413920403,-0.1735648945,PT-iW8GZP,21NT,21NT,IDC,Breast,Invasive Breast Carcinoma,Breast Invasive Ductal Carcinoma,IDC,"",CVCL_7933,36,Adult,Female,"",Primary,breast,Dana-Farber Cancer Institute,Kornelia Polyak,"",Cell Line,,"","","","","","","","","",Adherent,MF-007-008,DMEM:F12 + 5% FBS,FALSE,None,"","","","",21NT_BREAST,"",FALSE,HMB-MDS,HER2+,,"",,""
ACH-001277,0.9693259637,0.97770192652236,CN-NonLow,CN Non-Low,5.0630540848,-0.2521200094,PT-yyLDZV,Yamato,YAMATO,SYNS,Soft Tissue,Synovial Sarcoma,Synovial Sarcoma,SYNS,"",CVCL_6C44,30,Adult,Male,"",Metastatic,soft_tissue,The Broad Institute,Cigall Kadoch,"",Cell Line,,"","","","","","","","","",Adherent,MF-002-017,DMEM + 20% FBS + 1mM Sodium pyruvate,FALSE,None,"","","","",YAMATO_SOFT_TISSUE,"",TRUE,HMB-MDS,"",,"",,""
ACH-001543,0.7646206137,0.819358043231763,CN-NonLow,CN Non-Low,4.9078855515,-0.3024080205,PT-1EAB3W,KOSC-2,KOSC2,OCSC,Head and Neck,Head and Neck Squamous Cell Carcinoma,Oral Cavity Squamous Cell Carcinoma,OCSC,"",CVCL_1337,51,Adult,Male,"",Primary,upper_aerodigestive_tract,JCRB,"",JCRB0126.1,Cell Line,,"","","","","",3,"","","",Adherent,MF-001-001,RPMI + 10% FBS,FALSE,None,"","","","",KOSC2CL343_UPPER_AERODIGESTIVE_TRACT,"",FALSE,HMB-MDS,"",315,SIDM00603,753570,ACH-002260
ACH-003185,0.6198757625,0.695883168851682,CN-NonLow,CN Non-Low,3.7574605942,-0.3612380305,PT-McNlZE,NRH-OS4,NRHOS4,OS,Bone,Osteosarcoma,Osteosarcoma,OS,"","",38,Adult,Male,"",Primary,soft_tissue,"Oslo University Hospital, The Norwegian Radium Hospital",Ola Myklebost,"",Cell Line,,PDX,"",Pre-treatment,"","","","","","",Mixed,MF-064-002,CellGro + 10%FBS+1x glutamax,FALSE,None,"","","","",NRH-OS4,"",TRUE,"","",,"",,""
ACH-001068,0.9770197967,0.983327317429246,CN-NonLow,CN Non-Low,4.1619925499,,PT-QyZnxn,FE-PD,FEPD,ALCLALKN,Lymphoid,Mature T and NK Neoplasms,Anaplastic Large-Cell Lymphoma ALK Negative,ALCLALKN,"",CVCL_H614,46,Adult,Female,"","",haematopoietic_and_lymphoid_tissue,Academic lab,"","",Cell Line,,"","","","","","","","","",Unknown,MF-001-001,RPMI + 10% FBS,FALSE,None,"","","","",FEPD_HAEMATOPOIETIC_AND_LYMPHOID_TISSUE,"",FALSE,HMB-MDS,"",,SIDM01496,,""
ACH-000900,1.3214382406,1.21501890004509,CN-NonLow,CN Non-Low,4.9091682434,-0.242670581,PT-rWMXJp,NCI-H23,NCIH23,LUAD,Lung,Non-Small Cell Lung Cancer,Lung Adenocarcinoma,LUAD,"",CVCL_1547,51,Adult,Male,black_or_african_american,Primary,lung,ATCC,"",CRL-5800,Cell Line,,"","","","","","","","","",Adherent,MF-001-001,RPMI + 10% FBS,FALSE,None,"","","","",NCIH23_LUNG,"",FALSE,Approved for public sharing - CCLE,"",2108,SIDM00138,905942,""
ACH-000349,3.1402077322,2.04970315581546,CN-NonLow,CN Non-Low,6.9848742485,,PT-nuy7MI,HCC1500,HCC1500,DCIS,Breast,Breast Ductal Carcinoma In Situ,Breast Ductal Carcinoma In Situ,DCIS,"",CVCL_1254,32,Adult,Female,black_or_african_american,Primary,breast,ATCC,"","",Cell Line,,"","","","","","","","","",Adherent,MF-001-001,RPMI + 10% FBS,FALSE,None,"","","","",HCC1500_BREAST,"",FALSE,Approved for public sharing - CCLE,"luminal ER, PR+",653,SIDM00879,1303900,""
ACH-001445,1.1000834746,1.07044667360474,CN-NonLow,CN Non-Low,4.9783697128,,PT-Gy73CI,BICR 3,BICR3,OCSC,Head and Neck,Head and Neck Squamous Cell Carcinoma,Oral Cavity Squamous Cell Carcinoma,OCSC,"",CVCL_2311,,Unknown,Female,"",Primary,lung,Sigma-Aldrich,"",6032203,Cell Line,,"","","","","","","","","",Adherent,MF-002-004,DMEM + 10% FBS + 2mM Glutamine + 0.4ug/ml Hydrocortisone,FALSE,None,"","","","",BICR3_LUNG,"",FALSE,HMB-MDS,"",,"",,""
ACH-001828,1.0625364991,1.04441964983343,CN-NonLow,CN Non-Low,2.9316244125,,PT-mexpVs,HCC1739 BL,HCC1739BL,ZMNORBL,Lymphoid,Non-Cancerous,Matched Normal,"","",CVCL_3280,51,Adult,Female,"",Primary,B lymphoblastoid cells,ATCC,"",CRL-2334,Cell Line,,"",EBV,"","","","","","","",Suspension,MF-001-001,RPMI + 10% FBS,FALSE,None,"","","","",HCC1739BL_HAEMATOPOIETIC_AND_LYMPHOID_TISSUE,"",FALSE,HMB-MDS,"",,"",,""
ACH-001624,0.7753851445,0.828132030693979,CN-NonLow,CN Non-Low,3.7407224178,-1.0040940075,PT-dDtvIC,Onda 9,ONDA9,GB,CNS/Brain,Adult-Type Diffuse Glioma,"Glioblastoma, IDH-Wildtype",GB,"",CVCL_1R14,58,Adult,Male,"",Primary,central_nervous_system,JCRB,"",JCRB1576,Cell Line,,"","","","","","","","","",Adherent,MF-002-001,DMEM + 10% FBS,FALSE,None,"","","","",ONDA9_CENTRAL_NERVOUS_SYSTEM,"",FALSE,HMB-MDS,"",,"",,""
ACH-000314,0.6885698896,0.755801893465997,CN-NonLow,CN Non-Low,4.2086110115,,PT-HLJ5qp,HCC-2108,HCC2108,LUAD,Lung,Non-Small Cell Lung Cancer,Lung Adenocarcinoma,LUAD,"",CVCL_A352,59,Adult,Male,"",Primary,lung,KCLB,"",72108,Cell Line,,"","","","","","","","","",Adherent,MF-001-005,RPMI + 10% FBS + 2mM Glutamine + 25mM HEPES + 25mM Sodium bicarbonate,FALSE,None,"","","","",HCC2108_LUNG,"",FALSE,Approved for public sharing - CCLE,"",,"",,""
ACH-000848,0.6591894234,0.730478602749189,CN-NonLow,CN Non-Low,4.1725516319,-0.181976734,PT-WkfAGI,JHH-7,JHH7,HCC,Liver,Hepatocellular Carcinoma,Hepatocellular Carcinoma,HCC,"",CVCL_2805,53,Adult,Male,asian,Primary,liver,HSRRB,"",JCRB1031,Cell Line,,"","","","","","","","","",Adherent,MF-022-001,William's E medium + 10% FBS,FALSE,None,"","","","",JHH7_LIVER,"",FALSE,Approved for public sharing - CCLE,"",1038,SIDM00614,1240160,""
ACH-002667,0.7615945184,0.816881884749797,CN-NonLow,CN Non-Low,5.3385882378,,PT-KCNAWx,JVE-528,JVE528,COAD,Bowel,Colorectal Adenocarcinoma,Colon Adenocarcinoma,COAD,"",CVCL_EG31,57,Adult,Female,"","",Colon,DSMZ,"",ACC-826,Cell Line,,"","","","","","","","","",Adherent,MF-001-020,RPMI + 20% FBS,FALSE,None,"","","","",JVE528_COLON,"",FALSE,HMB-MDS,"",,"",,""
ACH-002019,0.5628947119,0.644220591046391,CN-NonLow,CN Non-Low,4.8754997253,-0.2006844236,PT-AOzYCt,HOKUG,HOKUG,CEGCC,Cervix,Glassy Cell Carcinoma of the Cervix,Glassy Cell Carcinoma of the Cervix,CEGCC,"",CVCL_8705,53,Adult,Female,"",Primary,cervix,RIKEN,"",RCB0657,Cell Line,,"","","","","","","","","",Adherent,MF-004-002,F12 + 15% FBS,FALSE,None,"","","","",HOKUG_CERVIX,"",FALSE,HMB-MDS,"",,"",,""
ACH-001709,1.0703623684,1.04988329977299,CN-NonLow,CN Non-Low,5.2006258965,-0.0969834073,PT-scpPOF,WSU-NHL,WSUNHL,DLBCLNOS,Lymphoid,Mature B-Cell Neoplasms,"Diffuse Large B-Cell Lymphoma, NOS",DLBCLNOS,"",CVCL_1793,48,Adult,Female,"",Primary,pleural_effusion,DSMZ,"","",Cell Line,,"","","","","","","","","",Mixed,MF-001-001,RPMI + 10% FBS,FALSE,None,"","","","",WSUNHL_HAEMATOPOIETIC_AND_LYMPHOID_TISSUE,"",FALSE,HMB-MDS,"",601,SIDM00412,909785,""
ACH-001119,0.9952173142,0.996545889828183,CN-NonLow,CN Non-Low,4.690495491,-0.3268244151,PT-eHvuQ3,Mac-2A,MAC2A,ALCLALKN,Lymphoid,Mature T and NK Neoplasms,Anaplastic Large-Cell Lymphoma ALK Negative,ALCLALKN,"",CVCL_H637,47,Adult,Male,"",Metastatic,skin,Academic lab,"","",Cell Line,,"","","","","","","","","",Suspension,MF-001-017,RPMI + 15% FBS,FALSE,None,"","","","",MAC2A_HAEMATOPOIETIC_AND_LYMPHOID_TISSUE,"",FALSE,HMB-MDS,"",,"",,""
ACH-000986,1.0598397186,1.04253208198263,CN-NonLow,CN Non-Low,5.1154909134,-0.2723505547,PT-EoHcfh,HT115,HT115,COAD,Bowel,Colorectal Adenocarcinoma,Colon Adenocarcinoma,COAD,"",CVCL_2520,,Unknown,Unknown,"",Primary,Colon,ECACC,"",85061104,Cell Line,,"","","","","","","","","",Adherent,MF-015-014,EMEM + 5% FBS + 2mM Glutamine,FALSE,None,"","","","",HT115_LARGE_INTESTINE,"",FALSE,Approved for public sharing - CCLE,"",2099,SIDM00534,907289,""
ACH-000427,0.5751662787,0.655504131338756,CN-NonLow,CN Non-Low,4.5851726532,-0.2882338668,PT-e4bHZ8,NCI-N87,NCIN87,TSTAD,Esophagus/Stomach,Esophagogastric Adenocarcinoma,Tubular Stomach Adenocarcinoma,TSTAD,"",CVCL_1603,,Unknown,Male,"",Metastatic,liver,ATCC,"",CRL-5822,Cell Line,,"","","","","","","","","",Adherent,MF-001-001,RPMI + 10% FBS,FALSE,None,"","","","",NCIN87_STOMACH,"",FALSE,Approved for public sharing - CCLE,"",88,SIDM01147,908461,""
ACH-002644,1.0752976028,1.05331823732574,CN-NonLow,CN Non-Low,5.4428606033,,PT-1aoPoQ,MEGAL,MEGAL,AMLNOS,Myeloid,Acute Myeloid Leukemia,"AML, NOS",AMLNOS,SET-NUP214,"",,Unknown,Female,"",Primary,haematopoietic_and_lymphoid_tissue,DSMZ,"",ACC-719,Cell Line,,"","","","","","","","","",Suspension,MF-001-020,RPMI + 20% FBS,FALSE,None,"","","","",MEGAL_HAEMATOPOIETIC_AND_LYMPHOID_TISSUE,"",TRUE,HMB-MDS,"SET::NUP214, TP53 and KRAS",,"",,""
ACH-000387,0.9418138868,0.957404932241303,CN-NonLow,CN Non-Low,4.2678127289,-0.1581190147,PT-JUL0sC,TF-1,TF1,AMLNOS,Myeloid,Acute Myeloid Leukemia,"AML, NOS",AMLNOS,"BUB1-MGAT4A, CBFA2T3-ABHD12, NRAS Gln61Pro, TP53 Ile251Thr",CVCL_0559,35,Adult,Male,asian,"",bone_marrow,ATCC,"",CRL-2003,Cell Line,,"","","","","","","","","",Suspension,MF-001-048,RPMI + 10% FBS + 2ng/ml G-CSF,FALSE,None,"","","","",TF1_HAEMATOPOIETIC_AND_LYMPHOID_TISSUE,"",TRUE,Approved for public sharing - CCLE,CBFA2T3::ABHD12 and TP53,,"",,""
ACH-001350,1.2725902734,1.18433760328618,CN-NonLow,CN Non-Low,4.9605164528,,PT-KgSHOe,HTC-C3,HTCC3,THAP,Thyroid,Anaplastic Thyroid Cancer,Anaplastic Thyroid Cancer,THAP,"",CVCL_1295,44,Adult,Female,"",Metastatic,pleural_effusion,DSMZ,"",580,Cell Line,,"","","","","","","","","",Adherent,MF-002-009,DMEM + 20% FBS,FALSE,None,"","","","",HTCC3_THYROID,"",FALSE,HMB-MDS,"",329,SIDM00496,924151,""
ACH-001802,1.1146045903,1.08038791916333,CN-NonLow,CN Non-Low,4.8258414268,-0.3063634343,PT-JmLeEs,LPS853,LPS853,DDLS,Soft Tissue,Liposarcoma,Dedifferentiated Liposarcoma,DDLS,"",CVCL_V415,,Unknown,Unknown,"","",soft_tissue,Brigham and Women's Hospital,Adrian Marino-Enriquez,"",Cell Line,,"","","","","","","","","",Adherent,MF-004-003,F12 + 15% FBS + 2mM Glutamine,FALSE,None,"","","","",LPS853_SOFT_TISSUE,"",FALSE,In Progress,"",,"",,""
ACH-002013,1.1710299708,1.11837964231698,CN-NonLow,CN Non-Low,5.0980319977,,PT-44eLpF,MM28,MM28,UM,Eye,Ocular Melanoma,Uveal Melanoma,UM,"",CVCL_4D15,72,Adult,Male,"",Metastatic,liver,ATCC,"",CRL-3295,Cell Line,,"","","","","","","","","",Adherent,MF-001-020,RPMI + 20% FBS,FALSE,None,"","","","",MM28_UVEA,"",FALSE,HMB-MDS,"",,"",,""
ACH-001988,1.0764811074,1.05414074564457,CN-NonLow,CN Non-Low,5.4013643265,,PT-oBB1Ch,NZM5,NZM5,MEL,Skin,Melanoma,Melanoma,MEL,"",CVCL_D837,79,Adult,Male,"",Metastatic,lymph_node,CellBank Australia,"","",Cell Line,,"","","","","","","","","",Mixed,MF-003-003,AlphaMEM + 5% FBS + 1X Insulin-Transferrin-Selenium,FALSE,None,"","","","",NZM5_SKIN,"",FALSE,HMB-MDS,"",,"",,""
ACH-000550,0.6637390222,0.734429146876539,CN-NonLow,CN Non-Low,4.7844305038,-0.8889441323,PT-Wg8rkx,IGR-39,IGR39,MEL,Skin,Melanoma,Melanoma,MEL,"",CVCL_2076,26,Adult,Male,"",Primary,skin,DSMZ,"",ACC 239,Cell Line,,"","","","","","","","","",Adherent,MF-002-022,DMEM + 15% FBS,FALSE,None,"","","","",IGR39_SKIN,"",FALSE,Approved for public sharing - CCLE,"",,SIDM01065,,""
ACH-000024,1.2035157317,1.13980719657657,CN-NonLow,CN Non-Low,5.491859436,-0.2188849853,PT-codP7n,OPM-2,OPM2,PCM,Lymphoid,Mature B-Cell Neoplasms,Plasma Cell Myeloma,PCM,"",CVCL_1625,56,Adult,Female,"",Primary,haematopoietic_and_lymphoid_tissue,DSMZ,"","",Cell Line,,"","","","","","","","","",Suspension,MF-001-001,RPMI + 10% FBS,FALSE,None,"","","","",OPM2_HAEMATOPOIETIC_AND_LYMPHOID_TISSUE,"",FALSE,Approved for public sharing - CCLE,"",112,SIDM00457,909249,""
ACH-000942,1.1518628914,1.10558615772777,CN-NonLow,CN Non-Low,5.2022490501,,PT-Ojbh46,HPB-ALL,HPBALL,TALL,Lymphoid,T-Lymphoblastic Leukemia/Lymphoma,T-Cell Acute Lymphoblastic Leukemia,"",BCL11B-TLX3 [PMID: 12661009],CVCL_1820,14,Pediatric,Male,asian,Primary,haematopoietic_and_lymphoid_tissue,DSMZ,"",483,Cell Line,,"","","","","","","","","",Suspension,MF-001-001,RPMI + 10% FBS,FALSE,None,"","","",SNP fingerprinting rules out JURKAT contamination.,HPBALL_HAEMATOPOIETIC_AND_LYMPHOID_TISSUE,"",TRUE,Approved for public sharing - CCLE,"TLX3, BCL11B::TLX3",,"",,""
ACH-002497,0.8002812425,0.84822230403561,CN-NonLow,CN Non-Low,5.3295254707,,PT-L1sEpb,NCI-H920,NCIH920,LUAD,Lung,Non-Small Cell Lung Cancer,Lung Adenocarcinoma,LUAD,"",CVCL_1599,43,Adult,Male,"",Primary,lung,ATCC,"","",Cell Line,,"","","","","","","","","",Suspension,MF-007-014,DMEM:F12 + 0.5% BSA + 2mM Glutamine + 10mM HEPES + 500uM sodium pyruvate + 20ug/ml Insulin + 10ug/ml Transferrin + 25nM Sodium Selenite + 50nM Hydrocortisone + 1ng/ml EGF + 10uM Ethanolamine + 10uM Phosphorylethanolamine + 100pM Triiodo-L-Thyronine,TRUE,None,"","","","",NCIH920_LUNG,"",FALSE,HMB-MDS,"",,"",,""
ACH-000538,1.0245653451,1.01761220835412,CN-NonLow,CN Non-Low,4.7073922157,,PT-AXbbCE,HUTU80,HUTU80,DA,Bowel,Small Bowel Cancer,Duodenal Adenocarcinoma,DA,"",CVCL_1301,53,Adult,Male,caucasian,Primary,small_intestine,ATCC,"","",Cell Line,,"","","","","","","","","",Adherent,MF-006-001,MEM + 10% FBS,FALSE,None,"","","","",HUTU80_SMALL_INTESTINE,"",FALSE,Approved for public sharing - CCLE,"",305,SIDM00694,907073,""
ACH-000370,0.6358040009,0.709999897503852,CN-NonLow,CN Non-Low,4.7542619705,-0.5210755626,PT-HHIjR4,SNU-626,SNU626,GB,CNS/Brain,Adult-Type Diffuse Glioma,"Glioblastoma, IDH-Wildtype",GB,"",CVCL_5080,65,Adult,Male,asian,Primary,central_nervous_system,KCLB,"","",Cell Line,,"","","","","","","","","",Adherent,MF-001-001,RPMI + 10% FBS,FALSE,None,"","","","",SNU626_CENTRAL_NERVOUS_SYSTEM,"",FALSE,Approved for public sharing - CCLE,"",,"",,""
ACH-000605,0.7749880662,0.82780932495988,CN-NonLow,CN Non-Low,4.4911990166,-0.5425318733,PT-4Pwq3T,TE-6,TE6,ESCC,Esophagus/Stomach,Esophageal Squamous Cell Carcinoma,Esophageal Squamous Cell Carcinoma,ESCC,"",CVCL_1765,71,Adult,Male,"","",oesophagus,RIKEN,"",RCB1950,Cell Line,,"","","","","","","","","",Adherent,MF-001-001,RPMI + 10% FBS,FALSE,None,"","","","",TE6_OESOPHAGUS,"",FALSE,Approved for public sharing - CCLE,"",1642,SIDM00328,946355,""
ACH-000945,0.6767523982,0.745669665490146,CN-NonLow,CN Non-Low,4.5959215164,-1.070047839,PT-0uFhp8,NCI-H650,NCIH650,LUAD,Lung,Non-Small Cell Lung Cancer,Lung Adenocarcinoma,LUAD,"",CVCL_1575,,Unknown,Male,"",Metastatic,lung,ATCC,"",CRL-5835,Cell Line,,"","","","","","","","","",Suspension,MF-001-014,RPMI + 5% FBS,FALSE,None,"","","","",NCIH650_LUNG,"",FALSE,Approved for public sharing - CCLE,"",1539,SIDM01124,722066,""
ACH-002438,1.0276574858,1.01981397124112,CN-NonLow,CN Non-Low,5.4054684639,,PT-6UniAG,CCLF_PEDS_0026_T,CCLFPEDS0026T,WT,Kidney,Wilms' Tumor,Wilms' Tumor,WT,"","",4,Pediatric,Male,caucasian,Metastatic,liver,ATCC,PDM-182,"",Cell Line,,"","",Post-treatment,"","","","","","",Adherent,"","",,None,"","","","",CCLFPEDS0026T_KIDNEY,HCM-BROD-0051-C64,TRUE,"","",,"",,""
ACH-000137,1.0028274068,1.00203810258739,CN-NonLow,CN Non-Low,4.965862751,-0.2551182291,PT-WFlL15,8-MG-BA,8MGBA,GB,CNS/Brain,Adult-Type Diffuse Glioma,"Glioblastoma, IDH-Wildtype",GB,"",CVCL_1052,54,Adult,Female,black_or_african_american,Primary,central_nervous_system,DSMZ,"",ACC 432,Cell Line,,"","",Pre-treatment,"","","","","","",Adherent,MF-006-014,MEM + 20% FBS,FALSE,None,"","","","",8MGBA_CENTRAL_NERVOUS_SYSTEM,"",FALSE,Approved for public sharing - CCLE,"",1207,SIDM00998,687562,""
ACH-000764,0.4787784093,0.564405884921801,CN-Low,Shallow CN Loss,4.0771403313,-0.7273142706,PT-dxw7SI,SH-10-TC,SH10TC,MSTAD,Esophagus/Stomach,Esophagogastric Adenocarcinoma,Mucinous Stomach Adenocarcinoma,MSTAD,"",CVCL_5167,,Unknown,Unknown,"",Primary,stomach,RIKEN,"",RCB1940,Cell Line,,"","","","","","","","","",Adherent,MF-001-001,RPMI + 10% FBS,FALSE,None,"","","","",SH10TC_STOMACH,"",FALSE,Approved for public sharing - CCLE,"",,"",,""
ACH-002051,0.761664204,0.816938954115107,CN-NonLow,CN Non-Low,5.1668763161,-0.197284046,PT-K31XId,Lu-134-A,LU134A,SCLC,Lung,Lung Neuroendocrine Tumor,Small Cell Lung Cancer,SCLC,"",CVCL_1387,80,Adult,Male,"",Primary,lung,RIKEN,"",RCB0466,Cell Line,,"","","","","","","","","",Suspension,MF-001-001,RPMI + 10% FBS,FALSE,None,"","","","",LU134A_LUNG,"",FALSE,HMB-MDS,"",,SIDM00296,,""
ACH-000118,1.2078514225,1.14264308912936,CN-NonLow,CN Non-Low,5.245906353,-0.1350011554,PT-jYcdmK,HUP-T3,HUPT3,PAAD,Pancreas,Pancreatic Adenocarcinoma,Pancreatic Adenocarcinoma,PAAD,"",CVCL_1299,66,Adult,Male,asian,Metastatic,ascites,DSMZ,"",ACC 259,Cell Line,,"","","","","","","","","",Adherent,MF-006-001,MEM + 10% FBS,FALSE,None,"","","","",HUPT3_PANCREAS,"",FALSE,Approved for public sharing - CCLE,"",109,SIDM00533,907285,""
ACH-000802,0.4142547083,0.500041973972498,CN-Low,Shallow CN Loss,4.375143528,-0.781230232,PT-YqLKaW,BFTC-905,BFTC905,BLCA,Bladder/Urinary Tract,Bladder Urothelial Carcinoma,Bladder Urothelial Carcinoma,BLCA,"",CVCL_1083,51,Adult,Female,asian,Primary,urinary_tract,DSMZ,"",361,Cell Line,,"","","","","","","","","",Adherent,MF-002-001,DMEM + 10% FBS,FALSE,None,"","","","",BFTC905_URINARY_TRACT,"",FALSE,Approved for public sharing - CCLE,"",1583,SIDM00989,910926,""
ACH-000341,0.8787440982,0.909768572133142,CN-NonLow,CN Non-Low,4.9793395996,-0.3750460609,PT-I4N9IW,SK-N-FI,SKNFI,NBL,Peripheral Nervous System,Neuroblastoma,Neuroblastoma,NBL,"",CVCL_1702,11,Pediatric,Male,caucasian,Metastatic,bone_marrow,ATCC,"",CRL-2142,Cell Line,,"","",Post-treatment,"","","","","","",Adherent,MF-002-002,DMEM + 10% FBS + 100uM NEAA,FALSE,None,"","","","",SKNFI_AUTONOMIC_GANGLIA,"",TRUE,Approved for public sharing - CCLE,"",227,SIDM01099,688087,""
ACH-000113,1.1097656086,1.07708272685002,CN-NonLow,CN Non-Low,5.2706522942,-0.2424325416,PT-OA9fna,OCI-AML2,OCIAML2,AML,Myeloid,Acute Myeloid Leukemia,Acute Myeloid Leukemia,AML,KMT2A-AFDN,CVCL_1619,65,Adult,Male,"",Primary,haematopoietic_and_lymphoid_tissue,DSMZ,"",ACC-99,Cell Line,,"","","","","","","","","",Suspension,MF-003-005,AlphaMEM + 20% FBS,FALSE,None,"","","","",OCIAML2_HAEMATOPOIETIC_AND_LYMPHOID_TISSUE,"",TRUE,Approved for public sharing - CCLE,"",749,SIDM00446,910947,""
ACH-000545,0.6042757701,0.681922157976718,CN-NonLow,CN Non-Low,5.0035843849,-0.542169257,PT-LSFu4z,VM-CUB1,VMCUB1,BLCA,Bladder/Urinary Tract,Bladder Urothelial Carcinoma,Bladder Urothelial Carcinoma,BLCA,"",CVCL_1786,,Unknown,Male,"",Primary,urinary_tract,DSMZ,"",400,Cell Line,,"","","","","","","","","",Adherent,MF-002-001,DMEM + 10% FBS,FALSE,None,"","","","",VMCUB1_URINARY_TRACT,"",FALSE,Approved for public sharing - CCLE,"",276,SIDM00414,909780,""
ACH-000593,0.7394179645,0.7986046392913,CN-NonLow,CN Non-Low,5.0152788162,-0.361063336,PT-SQ6fkx,BC-3C,BC3C,BLCA,Bladder/Urinary Tract,Bladder Urothelial Carcinoma,Bladder Urothelial Carcinoma,BLCA,"",CVCL_1958,82,Adult,Female,caucasian,Primary,urinary_tract,DSMZ,"",450,Cell Line,,"","","","","","","","","",Adherent,MF-023-001,McCoy's 5A + 10% FBS,FALSE,None,"","","","",BC3C_URINARY_TRACT,"",FALSE,Approved for public sharing - CCLE,"",,"",,""
ACH-001636,0.4996708635,0.584645903587778,CN-Low,Shallow CN Loss,3.1327676773,,PT-k9PrKk,Ramos,RAMOS,NHL,Lymphoid,Non-Hodgkin Lymphoma,Non-Hodgkin Lymphoma,NHL,"IGH-MYC, TP53 Ile254Asp",CVCL_0597,3,Pediatric,Male,"",Primary,ascites,ATCC,"",CRL-1596,Cell Line,,"","","","","","","","","",Suspension,MF-001-001,RPMI + 10% FBS,FALSE,None,"","","","",RAMOS_HAEMATOPOIETIC_AND_LYMPHOID_TISSUE,"",TRUE,HMB-MDS,MYC::IGH,,SIDM01094,,""
ACH-002470,0.7313297722,0.791880545851181,CN-NonLow,CN Non-Low,4.1114988327,-0.8439220795,PT-873wzV,OS186,OS186,OS,Bone,Osteosarcoma,Osteosarcoma,OS,"","",13,Pediatric,Male,"",Metastatic,bone,UCSF Helen Diller Family Comprehensive Cancer Center,Alejandro Sweet-Cordero,"",Cell Line,,PDX,"","","","","","","","",Adherent,MF-002-001,DMEM + 10% FBS,FALSE,None,"","","","",PSS089_BONE,"",TRUE,"","",,"",,""
ACH-000216,0.7192588637,0.781786783477615,CN-NonLow,CN Non-Low,5.5124669075,-0.2158560984,PT-Y4syw7,JH-EsoAd1,JHESOAD1,ESCA,Esophagus/Stomach,Esophagogastric Adenocarcinoma,Esophageal Adenocarcinoma,ESCA,"",CVCL_8098,66,Adult,Male,"","",oesophagus,Academic lab,"","",Cell Line,,"","","","","","","","","",Adherent,MF-001-020,RPMI + 20% FBS,FALSE,None,"","","","",JHESOAD1_OESOPHAGUS,"",FALSE,Approved for public sharing - CCLE,"",,"",,""
ACH-000809,0.7210369009,0.783278030658014,CN-NonLow,CN Non-Low,4.5080294609,-0.1755808184,PT-zFPWWq,KYSE-410,KYSE410,ESCC,Esophagus/Stomach,Esophageal Squamous Cell Carcinoma,Esophageal Squamous Cell Carcinoma,ESCC,"",CVCL_1352,51,Adult,Male,asian,Primary,oesophagus,DSMZ,"",ACC 381,Cell Line,,"","","","","","","","","",Adherent,MF-001-001,RPMI + 10% FBS,FALSE,None,"","","","",KYSE410_OESOPHAGUS,"",FALSE,Approved for public sharing - CCLE,"",952,SIDM01028,753574,""
ACH-001804,0.9556629546,0.967657752894435,CN-NonLow,CN Non-Low,5.4790492058,-0.3637202914,PT-0lPf2W,LPS510,LPS510,DDLS,Soft Tissue,Liposarcoma,Dedifferentiated Liposarcoma,DDLS,"",CVCL_V414,,Unknown,Unknown,"","",soft_tissue,Brigham and Women's Hospital,Adrian Marino-Enriquez,"",Cell Line,,"","","","","","","","","",Suspension,MF-004-003,F12 + 15% FBS + 2mM Glutamine,FALSE,None,"","","","",LPS510_SOFT_TISSUE,"",FALSE,HMB-MDS,"",,"",,""
ACH-000223,0.2996727901,0.378148451315823,CN-Low,Shallow CN Loss,3.7461407185,-2.0951535033,PT-Vntr9y,HCC1937,HCC1937,IDC,Breast,Invasive Breast Carcinoma,Breast Invasive Ductal Carcinoma,IDC,"",CVCL_0290,24,Adult,Female,caucasian,Primary,breast,ATCC,"","",Cell Line,,"","","","","","","","","",Adherent,MF-001-001,RPMI + 10% FBS,FALSE,None,"","","","",HCC1937_BREAST,"",FALSE,Approved for public sharing - CCLE,basal_A TNBC,936,SIDM00874,749714,""
ACH-002784,1.0113859906,1.0081899654269,CN-NonLow,CN Non-Low,5.3118772507,-0.2099840283,PT-ucxyns,NCC-UPS2-C1,NCCUPS2C1,MFH,Soft Tissue,Undifferentiated Pleomorphic Sarcoma/Malignant Fibrous Histiocytoma/High-Grade Spindle Cell Sarcoma,Undifferentiated Pleomorphic Sarcoma/Malignant Fibrous Histiocytoma/High-Grade Spindle Cell Sarcoma,MFH,"",CVCL_RP62,84,Adult,Female,"",Primary,soft_tissue,National Cancer Center Research Institute,Tadashi Kondo,"",Cell Line,,PDX,"","","","","","","","",Adherent,MF-007-006,DMEM:F12 + 10% FBS + GlutaMAX,FALSE,None,"","","","",NCCUPS2C1_SOFT_TISSUE,"",TRUE,In Progress,"",,"",,""
ACH-000953,1.1260820885,1.08819730071923,CN-NonLow,CN Non-Low,5.8641219139,-0.1424952553,PT-Zkuf8L,SUP-T1,SUPT1,TALL,Lymphoid,T-Lymphoblastic Leukemia/Lymphoma,T-Cell Acute Lymphoblastic Leukemia,"",TRB::NOTCH1,CVCL_1714,8,Pediatric,Male,caucasian,Metastatic,pleural_effusion,ATCC,"",CRL-1942,Cell Line,,"","","","","","","","","",Suspension,MF-001-001,RPMI + 10% FBS,FALSE,None,"","","","",SUPT1_HAEMATOPOIETIC_AND_LYMPHOID_TISSUE,"",TRUE,Approved for public sharing - CCLE,TAL1 DP-like,1452,SIDM01154,909743,""
ACH-000394,0.9923741771,0.994488617663393,CN-NonLow,CN Non-Low,5.1510753632,,PT-PzvfS6,NCI-H2081,NCIH2081,SCLC,Lung,Lung Neuroendocrine Tumor,Small Cell Lung Cancer,SCLC,"",CVCL_1522,59,Adult,Female,caucasian,Metastatic,pleural_effusion,ATCC,"",CRL-5921,Cell Line,,"","","","","","","","","",Suspension,MF-007-010,DMEM:F12 + 5% FBS + 2mM Glutamine + 5ug/ml Insulin + 10ug/ml Transferrin + 30nM Selenium + 10nM Hydrocortisone + 10nM beta-Estradiol,FALSE,None,"","","","",NCIH2081_LUNG,"",FALSE,Approved for public sharing - CCLE,"",914,SIDM00710,908480,""
ACH-002535,0.5536480262,0.635659702992338,CN-NonLow,CN Non-Low,4.1321983337,-1.1456738157,PT-W0h0s9,SNU-254,SNU254,READ,Bowel,Colorectal Adenocarcinoma,Rectal Adenocarcinoma,READ,"",CVCL_5041,61,Adult,Female,"",Primary,Colon,KCLB,"","",Cell Line,,"","","","","","","","","",Adherent,MF-001-005,RPMI + 10% FBS + 2mM Glutamine + 25mM HEPES + 25mM Sodium bicarbonate,FALSE,None,"","","","",SNU254_LARGE_INTESTINE,"",FALSE,HMB-MDS,"",,"",,""
ACH-000212,0.930568334,0.949025620520721,CN-NonLow,CN Non-Low,4.8812141418,-0.1313394705,PT-y6HadC,CAL-120,CAL120,BRCA,Breast,Invasive Breast Carcinoma,Invasive Breast Carcinoma,BRCA,"",CVCL_1104,43,Adult,Female,"",Metastatic,pleural_effusion,DSMZ,"","",Cell Line,,"","","","","","","","","",Adherent,MF-002-001,DMEM + 10% FBS,FALSE,None,"","","","",CAL120_BREAST,"",FALSE,Approved for public sharing - CCLE,basal_B TNBC,1748,SIDM00940,906826,""
ACH-000568,1.0672062347,1.04768232632347,CN-NonLow,CN Non-Low,3.514677763,,PT-4c0rgH,UACC-812,UACC812,ILC,Breast,Invasive Breast Carcinoma,Breast Invasive Lobular Carcinoma,ILC,"",CVCL_1781,43,Adult,Female,"",Primary,breast,ATCC,"","",Cell Line,,"","","","","","","","","",Mixed,MF-001-020,RPMI + 20% FBS,FALSE,None,"","","","",UACC812_BREAST,"",FALSE,Approved for public sharing - CCLE,"luminal ER+, PR+, HER2+",1754,SIDM01187,910910,""
ACH-000911,0.8907774859,0.918979591274294,CN-NonLow,CN Non-Low,5.0824384689,-0.325246912,PT-BTCHFg,NUGC-3,NUGC3,STAD,Esophagus/Stomach,Esophagogastric Adenocarcinoma,Stomach Adenocarcinoma,STAD,"",CVCL_1612,72,Adult,Male,"",Metastatic,soft_tissue,JCRB,"",JCRB0822,Cell Line,,"","","","","","","","","",Adherent,MF-001-001,RPMI + 10% FBS,FALSE,None,"","","","",NUGC3_STOMACH,"",FALSE,Approved for public sharing - CCLE,"",1251,SIDM00572,908455,""
ACH-003107,1.0403699974,1.02883079190882,CN-NonLow,CN Non-Low,4.418776989,,PT-lE2KKG,JMP-1,JMP1,MCL,Lymphoid,Mature B-Cell Neoplasms,Mantle Cell Lymphoma,MCL,"",CVCL_UJ14,,Unknown,Unknown,"","",pleural_effusion,ATCC,"",CRL-3378,Cell Line,,"","","","","","","","","",Suspension,MF-001-017,RPMI + 15% FBS,FALSE,None,"","","","",JMP1_HAEMATOPOIETIC_AND_LYMPHOID_TISSUE,"",FALSE,HMB-MDS,"",,"",,""
ACH-001977,0.7814102039,0.833019762924932,CN-NonLow,CN Non-Low,4.7947435379,-0.5723215872,PT-YF5RFe,NO36,NO36,PLEMESO,Pleura,Pleural Mesothelioma,"Pleural Mesothelioma, Epithelioid Type",PLEMESO,"",CVCL_2658,,Adult,Male,"",Primary,pleural_effusion,CellBank Australia,"",CBA-0142,Cell Line,,"","","","","","","","","",Adherent,MF-001-014,RPMI + 5% FBS,FALSE,None,"","","","",NO36_LUNG,"",FALSE,HMB-MDS,"",,"",,""
ACH-000310,1.0144801946,1.01040762167275,CN-NonLow,CN Non-Low,4.6933197975,-0.3148652079,PT-2Urqss,IMR-32,IMR32,NBL,Peripheral Nervous System,Neuroblastoma,Neuroblastoma,NBL,"",CVCL_0346,1,Pediatric,Male,caucasian,Metastatic,abdomen,ATCC,"","",Cell Line,,"","","","","","","","","",Adherent,MF-006-001,MEM + 10% FBS,FALSE,None,"","","","",IMR32_AUTONOMIC_GANGLIA,"",TRUE,Approved for public sharing - CCLE,MYC_Amplified,,SIDM00226,,""
ACH-000457,0.8855888726,0.915015149969192,CN-NonLow,CN Non-Low,5.0162553787,,PT-lO2Jn8,CAL-54,CAL54,RCC,Kidney,Renal Cell Carcinoma,Renal Cell Carcinoma,RCC,"",CVCL_1111,75,Adult,Male,"",Metastatic,pleural_effusion,DSMZ,"",ACC 365,Cell Line,,"","","","","","","","","",Adherent,MF-002-009,DMEM + 20% FBS,FALSE,None,"","","","",CAL54_KIDNEY,"",FALSE,Approved for public sharing - CCLE,"",482,SIDM00932,910952,""
ACH-000126,0.5246117406,0.608441891050707,CN-NonLow,CN Non-Low,4.1910176277,,PT-Y9w387,KG-1-C,KG1C,GNOS,CNS/Brain,Diffuse Glioma,"Glioma, NOS",GNOS,"",CVCL_2971,13,Pediatric,Male,"",Primary,central_nervous_system,HSRRB,"","",Cell Line,,"","","","","","","","","",Adherent,MF-002-001,DMEM + 10% FBS,FALSE,None,"","","","",KG1C_CENTRAL_NERVOUS_SYSTEM,"",TRUE,Approved for public sharing - CCLE,"",,SIDM00784,,""
ACH-001976,0.8600020477,0.89530420961557,CN-NonLow,CN Non-Low,4.4425253868,,PT-umvchh,MM603,MM603,MEL,Skin,Melanoma,Melanoma,MEL,"",CVCL_2612,,Unknown,Male,"",Metastatic,skin,CellBank Australia,"",CBA-1359,Cell Line,,"","","","","","","","","",Adherent,MF-001-004,RPMI + 10% FBS + 2mM Glutamine + 25mM HEPES,FALSE,None,"","","","",MM603_SKIN,"",FALSE,HMB-MDS,"",,"",,""
ACH-002787,0.8806337248,0.9112188946508,CN-NonLow,CN Non-Low,4.9388504028,,PT-AAeREs,NCC-pRMS1-C1,NCCPRMS1C1,PLRMS,Soft Tissue,Rhabdomyosarcoma,Pleomorphic Rhabdomyosarcoma,PLRMS,"",CVCL_B3TM,73,Adult,Male,"",Primary,soft_tissue,National Cancer Center Research Institute,Tadashi Kondo,"",Cell Line,,PDX,"","","","","","","","",Adherent,MF-007-006,DMEM:F12 + 10% FBS + GlutaMAX,FALSE,None,"","","","",NCCPRMS1C1_Sarcoma,"",FALSE,In Progress,"",,"",,""
ACH-000248,0.8459146426,0.884335842504369,CN-NonLow,CN Non-Low,4.671236515,-0.1465448031,PT-8CE6ah,AU565,AU565,BRCA,Breast,Invasive Breast Carcinoma,Invasive Breast Carcinoma,BRCA,"",CVCL_1074,43,Adult,Female,caucasian,Metastatic,pleural_effusion,ATCC,"","",Cell Line,,"","","","","","","","","",Adherent,MF-002-001,DMEM + 10% FBS,FALSE,None,"","","","",AU565_BREAST,"",FALSE,Approved for public sharing - CCLE,HER2+,726,SIDM00898,910704,""
ACH-000234,0.6112104014,0.688144902012302,CN-NonLow,CN Non-Low,4.3658394814,-0.3206853234,PT-A9d4DI,Caki-2,CAKI2,PRCC,Kidney,Renal Cell Carcinoma,Papillary Renal Cell Carcinoma,PRCC,"",CVCL_0235,69,Adult,Male,caucasian,Primary,kidney,ATCC,"",HTB-47,Cell Line,,"","","","","","","","","",Adherent,MF-023-001,McCoy's 5A + 10% FBS,FALSE,None,"","","","",CAKI2_KIDNEY,"",FALSE,Approved for public sharing - CCLE,"",,"",,""
ACH-003587,0.7321412928,0.792556617193861,CN-NonLow,CN Non-Low,4.899078846,-0.4336568508,PT-g8kcwe,531MII,531MII,OS,Bone,Osteosarcoma,Osteosarcoma,OS,"","",22,Adult,Female,caucasian,Metastatic,rib,Clinica Universitaria de Navarra,Ana Patiño-García Lab,"",Cell Line,,"","","","","","","","","",Adherent,MF-003-004,AlphaMEM + 10% FBS + 1x Pen-Strep,FALSE,None,"","","","","","",TRUE,"","",,"",,""
ACH-001192,1.2422908651,1.16497343354898,CN-NonLow,CN Non-Low,5.4368014336,-0.2431371938,PT-MPUfgI,SK-NEP-1,SKNEP1,ES,Bone,Ewing Sarcoma,Ewing Sarcoma,ES,"",CVCL_0631,25,Adult,Female,"",Metastatic,pleural_effusion,Dana-Farber Cancer Institute,Kim Stegmaier,"",Cell Line,,"","","","","","","","","",Suspension,"","",,None,"","","","",SKNEP1_BONE,"",TRUE,Approved for public sharing - CCLE,EWS::FLI,,SIDM00027,,""
ACH-003065,1.0214484524,1.0153894148809,CN-NonLow,CN Non-Low,4.8825697899,-0.4956480565,PT-eRqT4h,CHLA-02-ATRT,CHLA02ATRT,ATRT,CNS/Brain,Embryonal Tumor,Atypical Teratoid/Rhabdoid Tumor,ATRT,"",CVCL_B045,1,Pediatric,Male,"","",brain,ATCC,"",CRL-3020,Cell Line,,"","","","","","","","","",Adherent,"","",,None,"","","","",CHLA02ATRT_BRAIN,"",TRUE,GRU,"",,"",,ACH-001025
ACH-002486,0.9427321929,0.95808703802869,CN-NonLow,CN Non-Low,4.9365816116,-0.3887930961,PT-pyZjZu,MES-OV,MESOV,SOC,Ovary/Fallopian Tube,Ovarian Epithelial Tumor,Serous Ovarian Cancer,SOC,"",CVCL_CZ92,53,Adult,Female,"",Primary,ascites,ATCC,"","",Cell Line,,"","","","","","","","","",Adherent,MF-023-001,McCoy's 5A + 10% FBS,FALSE,None,"","","","",MESOV_OVARY,"",FALSE,HMB-MDS,"",,"",,""
ACH-000536,0.4344523926,0.520500087939536,CN-Low,Shallow CN Loss,4.403008461,,PT-jtQBfm,BT-20,BT20,IDC,Breast,Invasive Breast Carcinoma,Breast Invasive Ductal Carcinoma,IDC,"",CVCL_0178,74,Adult,Female,caucasian,Primary,breast,ATCC,"","",Cell Line,,"","","","","","","","","",Adherent,MF-006-001,MEM + 10% FBS,FALSE,None,"","","",SNP fingerprinting rules out HeLa contamination.,BT20_BREAST,"",FALSE,Approved for public sharing - CCLE,basal_A TNBC,2264,SIDM00893,906801,""
ACH-000651,0.4883373397,0.573701558135449,CN-Low,Shallow CN Loss,4.2079629898,-0.4673138307,PT-IPboWn,SW 620,SW620,COAD,Bowel,Colorectal Adenocarcinoma,Colon Adenocarcinoma,COAD,"",CVCL_0547,51,Adult,Male,caucasian,Metastatic,lymph_node,ATCC,"",CCL-227,Cell Line,,"","","","","","","","","",Mixed,MF-021-001,L-15 + 10% FBS,FALSE,None,"","","","",SW620_LARGE_INTESTINE,"",FALSE,Approved for public sharing - CCLE,"",3,SIDM00841,905962,""
ACH-000753,1.0599812903,1.04263123424637,CN-NonLow,CN Non-Low,4.949464798,-0.2088184235,PT-Jv3gwf,JMSU-1,JMSU1,BLCA,Bladder/Urinary Tract,Bladder Urothelial Carcinoma,Bladder Urothelial Carcinoma,BLCA,"",CVCL_2081,75,Adult,Male,"",Metastatic,ascites,DSMZ,"",505,Cell Line,,"","","","","","","","","",Adherent,MF-001-003,RPMI + 10% FBS + 2mM Glutamine,FALSE,None,"","","","",JMSU1_URINARY_TRACT,"",FALSE,Approved for public sharing - CCLE,"",,"",,""
ACH-000960,1.0426977355,1.03047573967695,CN-NonLow,CN Non-Low,5.2974481583,-0.2357326607,PT-N5YXV2,Reh,REH,BALL,Lymphoid,B-Cell Acute Lymphoblastic Leukemia,B-Cell Acute Lymphoblastic Leukemia,"",ETV6::RUNX1,CVCL_1650,15,Pediatric,Female,north_african,Primary,haematopoietic_and_lymphoid_tissue,ATCC,"","",Cell Line,,"","","","","","","","","",Suspension,MF-001-001,RPMI + 10% FBS,FALSE,None,"","","","",REH_HAEMATOPOIETIC_AND_LYMPHOID_TISSUE,"",TRUE,Approved for public sharing - CCLE,ETV6::RUNX1,1272,SIDM00447,909696,""
ACH-000455,0.9758422145,0.982467741736685,CN-NonLow,CN Non-Low,4.7321062088,-0.6475053301,PT-XOGcZJ,LN-428,LN428,GB,CNS/Brain,Adult-Type Diffuse Glioma,"Glioblastoma, IDH-Wildtype",GB,"",CVCL_3959,48,Adult,Male,"",Primary,central_nervous_system,Academic lab,Linda Chin,"",Cell Line,,"","","","","","","","","",Adherent,MF-002-001,DMEM + 10% FBS,FALSE,None,"","","","",LN428_CENTRAL_NERVOUS_SYSTEM,"",FALSE,Approved for public sharing - CCLE,"",,"",,""
ACH-000279,1.0961391852,1.06773451607907,CN-NonLow,CN Non-Low,5.2944440842,-0.718298456,PT-BpX01U,EWS502,EWS502,ES,Bone,Ewing Sarcoma,Ewing Sarcoma,ES,"",CVCL_S740,,Pediatric,Unknown,"",Primary,bone,Brigham and Women's Hospital,Adrian Marino-Enriquez,"",Cell Line,,"","","","","","","","","",Adherent,MF-001-018,RPMI + 15% FBS + 2mM Glutamine,FALSE,None,"","","","",EWS502_BONE,"",TRUE,Approved for public sharing - CCLE,EWS::FLI,,"",,""
ACH-000445,0.5596547458,0.641226701107471,CN-NonLow,CN Non-Low,4.2980861664,-1.1866904259,PT-N1UIhD,KNS-60,KNS60,GB,CNS/Brain,Adult-Type Diffuse Glioma,"Glioblastoma, IDH-Wildtype",GB,"",CVCL_2798,55,Adult,Male,"",Primary,central_nervous_system,HSRRB,"",IFO50357,Cell Line,,"","","","","","","","","",Adherent,MF-002-008,DMEM + 5% FBS,FALSE,None,"","","","",KNS60_CENTRAL_NERVOUS_SYSTEM,"",FALSE,Approved for public sharing - CCLE,"",,"",,""
ACH-000231,0.971487609,0.97928464298926,CN-NonLow,CN Non-Low,5.411216259,-0.2080174783,PT-nIom71,KALS-1,KALS1,GB,CNS/Brain,Adult-Type Diffuse Glioma,"Glioblastoma, IDH-Wildtype",GB,"",CVCL_1323,74,Adult,Female,"",Primary,central_nervous_system,HSRRB,"",IFO50434,Cell Line,,"","","","","","","","","",Adherent,MF-001-014,RPMI + 5% FBS,FALSE,None,"","","","",KALS1_CENTRAL_NERVOUS_SYSTEM,"",FALSE,Approved for public sharing - CCLE,"",1936,SIDM00613,907271,""
ACH-002533,0.7002650549,0.765759666117404,CN-NonLow,CN Non-Low,4.7666535378,-0.6285063415,PT-wkGMuS,SNU-482,SNU482,RCC,Kidney,Renal Cell Carcinoma,Renal Cell Carcinoma,RCC,"",CVCL_5067,37,Adult,Male,"",Primary,kidney,KCLB,"","",Cell Line,,"","","","","","","","","",Adherent,MF-001-005,RPMI + 10% FBS + 2mM Glutamine + 25mM HEPES + 25mM Sodium bicarbonate,FALSE,None,"","","","",SNU482_KIDNEY,"",FALSE,HMB-MDS,"",,"",,""
ACH-000447,0.6933789768,0.759904883313023,CN-NonLow,CN Non-Low,4.8998427391,,PT-QmAMEj,NCI-H2228,NCIH2228,LUAD,Lung,Non-Small Cell Lung Cancer,Lung Adenocarcinoma,LUAD,"",CVCL_1543,,Unknown,Female,"",Primary,lung,ATCC,"",CRL-5935,Cell Line,,"","","","","","","","","",Adherent,MF-001-001,RPMI + 10% FBS,FALSE,None,"","","","",NCIH2228_LUNG,"",FALSE,Approved for public sharing - CCLE,"",1812,SIDM00729,687816,""
ACH-000842,0.4082260068,0.493878891307243,CN-Low,Shallow CN Loss,3.4508628845,,PT-IPboWn,SW 480,SW480,COAD,Bowel,Colorectal Adenocarcinoma,Colon Adenocarcinoma,COAD,"",CVCL_0546,51,Adult,Male,caucasian,Primary,lymph_node,ATCC,"",CCL-228,Cell Line,,"","","","","","","","","",Adherent,MF-021-001,L-15 + 10% FBS,FALSE,None,"","","","",SW480_LARGE_INTESTINE,"",FALSE,Approved for public sharing - CCLE,"",,SIDM00840,,""
ACH-001694,0.5155642022,0.599854968739634,CN-NonLow,CN Non-Low,6.0020589828,-0.2535889029,PT-GgnlK1,UPCI-SCC-074,UPCISCC074,OCSC,Head and Neck,Head and Neck Squamous Cell Carcinoma,Oral Cavity Squamous Cell Carcinoma,OCSC,"",CVCL_2224,51,Adult,Female,"",Primary,upper_aerodigestive_tract,DSMZ,"","",Cell Line,,"","","","","","","","","",Adherent,MF-006-002,MEM + 10% FBS + 2mM Glutamine + 100uM NEAA,FALSE,None,"","","","",UPCISCC074_UPPER_AERODIGESTIVE_TRACT,"",FALSE,HMB-MDS,"",,"",,""
ACH-000292,0.9986413918,0.999019638324109,CN-NonLow,CN Non-Low,5.0274195671,-0.4785749881,PT-x8fAhk,NCI-H841,NCIH841,SMARCA4-UT,Lung,SMARCA4-deficient undifferentiated tumor,SMARCA4-deficient undifferentiated tumor,"","",CVCL_1595,51,Adult,Male,caucasian,Metastatic,lung,ATCC,"",CRL-5845,Cell Line,,"","","","","","","","","",Adherent,MF-007-010,DMEM:F12 + 5% FBS + 2mM Glutamine + 5ug/ml Insulin + 10ug/ml Transferrin + 30nM Selenium + 10nM Hydrocortisone + 10nM beta-Estradiol,FALSE,None,"","","","",NCIH841_LUNG,"",FALSE,Approved for public sharing - CCLE,"",1372,SIDM01134,1240192,""
ACH-000983,1.0870211418,1.06144521526321,CN-NonLow,CN Non-Low,5.0253829956,-0.1699750775,PT-AcI1bM,KCL-22,KCL22,CMLBCRABL1,Myeloid,Myeloproliferative Neoplasms,"Chronic Myeloid Leukemia, BCR-ABL1+",CMLBCRABL1,BCR::ABL1 (e13-a2),CVCL_2091,32,Adult,Female,"","",pleural_effusion,DSMZ,"",ACC 519,Cell Line,,"","","","","","","","","",Suspension,MF-001-001,RPMI + 10% FBS,FALSE,None,"","","","",KCL22_HAEMATOPOIETIC_AND_LYMPHOID_TISSUE,"",TRUE,Approved for public sharing - CCLE,BCR::ABL1,1513,SIDM01004,1330931,""
ACH-002799,0.7810701329,0.832744326318771,CN-NonLow,CN Non-Low,4.5658349991,-0.8170154407,PT-qqzgSc,NCC-MPNST1-C1,NCCMPNST1C1,MPNST,Peripheral Nervous System,Nerve Sheath Tumor,Malignant Peripheral Nerve Sheath Tumor,MPNST,"",CVCL_YU12,37,Adult,Female,"",Unknown,Unknown,National Cancer Center Research Institute,Tadashi Kondo,"",Cell Line,,PDX,"","","","","","","","",Adherent,MF-007-006,DMEM:F12 + 10% FBS + GlutaMAX,FALSE,None,"","","","","","",FALSE,In Progress,"",,"",,""
ACH-003061,1.0748899794,1.05303483988985,CN-NonLow,CN Non-Low,5.6097340584,,PT-g5HWjz,NCI-H774,NCIH774,SCLC,Lung,Lung Neuroendocrine Tumor,Small Cell Lung Cancer,SCLC,"",CVCL_1589,43,Adult,Male,"",Primary,lung,ATCC,"",CRL-5842,Cell Line,,"","","","","","","","","",Suspension,MF-007-010,DMEM:F12 + 5% FBS + 2mM Glutamine + 5ug/ml Insulin + 10ug/ml Transferrin + 30nM Selenium + 10nM Hydrocortisone + 10nM beta-Estradiol,FALSE,None,"","","","",NCIH774_LUNG,"",FALSE,HMB-MDS,"",,"",,""
ACH-000594,1.0835156564,1.05901994108955,CN-NonLow,CN Non-Low,5.9759764671,,PT-lo0Jdx,DMS-153,DMS153,SCLC,Lung,Lung Neuroendocrine Tumor,Small Cell Lung Cancer,SCLC,"",CVCL_1175,44,Adult,Male,caucasian,Metastatic,liver,ATCC,"","",Cell Line,,"","","","","","","","","",Mixed,"","",,None,"","","","",DMS153_LUNG,"",FALSE,Approved for public sharing - CCLE,"",,"",,""
ACH-000099,1.004670764,1.00336531590864,CN-NonLow,CN Non-Low,4.2970151901,-0.2181653647,PT-JpfhsL,SIMA,SIMA,NBL,Peripheral Nervous System,Neuroblastoma,Neuroblastoma,NBL,"",CVCL_1695,1,Pediatric,Male,caucasian,Primary,autonomic_ganglia,DSMZ,"",ACC 164,Cell Line,,"","",Post-treatment,"","","","","","",Adherent,MF-001-001,RPMI + 10% FBS,FALSE,None,"","","","",SIMA_AUTONOMIC_GANGLIA,"",TRUE,Approved for public sharing - CCLE,"",2076,SIDM00395,753620,""
ACH-001799,0.9802951565,0.985715475296633,CN-NonLow,CN Non-Low,4.6643748283,-0.3329011044,PT-VjYY7b,LPS141,LPS141,DDLS,Soft Tissue,Liposarcoma,Dedifferentiated Liposarcoma,DDLS,"",CVCL_M823,,Unknown,Male,"","",soft_tissue,Brigham and Women's Hospital,Adrian Marino-Enriquez,"",Cell Line,,"","","","","","","","","",Adherent,MF-001-018,RPMI + 15% FBS + 2mM Glutamine,FALSE,None,"","","","",LPS141_SOFT_TISSUE,"",FALSE,HMB-MDS,"",,"",,ACH-001117
ACH-000335,1.1668337329,1.11558845572811,CN-NonLow,CN Non-Low,5.3359727859,-0.1616917264,PT-MFqmhR,MSTO-211H,MSTO211H,PLBMESO,Pleura,Pleural Mesothelioma,"Pleural Mesothelioma, Biphasic Type",PLBMESO,"",CVCL_1430,62,Adult,Male,caucasian,Metastatic,pleural_effusion,ATCC,"",CRL-2081,Cell Line,,"","","","","","","","","",Adherent,MF-001-001,RPMI + 10% FBS,FALSE,None,"","","","",MSTO211H_PLEURA,"",FALSE,Approved for public sharing - CCLE,"",209,SIDM00640,908152,""
ACH-002782,1.1692561362,1.11720041013727,CN-NonLow,CN Non-Low,5.8237595558,-0.2987484201,PT-z4CfZ2,NCC-UPS1-C1,NCCUPS1C1,MFH,Soft Tissue,Undifferentiated Pleomorphic Sarcoma/Malignant Fibrous Histiocytoma/High-Grade Spindle Cell Sarcoma,Undifferentiated Pleomorphic Sarcoma/Malignant Fibrous Histiocytoma/High-Grade Spindle Cell Sarcoma,MFH,"",CVCL_B3TP,83,Adult,Male,"",Primary,soft_tissue,National Cancer Center Research Institute,Tadashi Kondo,"",Cell Line,,PDX,"","","","","","","","",Adherent,MF-007-006,DMEM:F12 + 10% FBS + GlutaMAX,FALSE,None,"","","","","","",TRUE,"","",,"",,""
ACH-000337,0.5633709193,0.644660107159719,CN-NonLow,CN Non-Low,4.2695121765,-0.3384920007,PT-0fXDWz,NCI-H3122,NCIH3122,LUAD,Lung,Non-Small Cell Lung Cancer,Lung Adenocarcinoma,LUAD,"",CVCL_5160,,Unknown,Male,"",Primary,lung,Academic lab,"","",Cell Line,,"","","","","","","","","",Adherent,MF-001-001,RPMI + 10% FBS,FALSE,None,"","","","",NCIH3122_LUNG,"",FALSE,Approved for public sharing - CCLE,"",918,SIDM00137,1240190,""
ACH-002016,1.0317657776,1.02273409749814,CN-NonLow,CN Non-Low,5.2650766373,-0.0142358715,PT-MucJf6,Mel290,MEL290,UM,Eye,Ocular Melanoma,Uveal Melanoma,UM,"",CVCL_C304,67,Adult,Female,"",Primary,uvea,Leiden University,"","",Cell Line,,"","","","","","","","","",Adherent,MF-001-022,RPMI + 20% FBS + 3mM Glutamine,FALSE,None,"","","","",MEL290_UVEA,"",FALSE,HMB-MDS,"",,"",,""
ACH-002522,1.0293823135,1.02104067871366,CN-NonLow,CN Non-Low,5.0096516609,-0.4800510687,PT-7B82nW,SNU-2292,SNU2292,LUAD,Lung,Non-Small Cell Lung Cancer,Lung Adenocarcinoma,LUAD,"",CVCL_5036,39,Adult,Female,"",Metastatic,pleural_effusion,KCLB,"","",Cell Line,,"","","","","","","","","",Adherent,MF-001-005,RPMI + 10% FBS + 2mM Glutamine + 25mM HEPES + 25mM Sodium bicarbonate,FALSE,None,"","","","",SNU2292_LUNG,"",FALSE,HMB-MDS,"",,"",,""
ACH-000174,0.7290269233,0.789960333878391,CN-NonLow,CN Non-Low,4.4427843094,-0.8085966537,PT-dTkV2T,CAL-62,CAL62,THAP,Thyroid,Anaplastic Thyroid Cancer,Anaplastic Thyroid Cancer,THAP,"",CVCL_1112,70,Adult,Female,"",Primary,pleural_effusion,DSMZ,"",448,Cell Line,,"","","","","","","","","",Adherent,MF-002-001,DMEM + 10% FBS,FALSE,None,"","","","",CAL62_THYROID,"",FALSE,Approved for public sharing - CCLE,"",1753,SIDM00931,906828,""
ACH-001981,0.9413518719,0.957061631620309,CN-NonLow,CN Non-Low,4.701482296,,PT-FeO3BH,NZM2,NZM2,MEL,Skin,Melanoma,Melanoma,MEL,"",CVCL_D823,47,Adult,Male,"",Metastatic,lymph_node,CellBank Australia,"","",Cell Line,,"","","","","","","","","",Adherent,MF-003-003,AlphaMEM + 5% FBS + 1X Insulin-Transferrin-Selenium,FALSE,None,"","","","",NZM2_SKIN,"",FALSE,HMB-MDS,"",,"",,""
ACH-002400,0.6795275744,0.748055481862122,CN-NonLow,CN Non-Low,5.2519574165,-0.2770579572,PT-iW8GZP,21MT-1,21MT1,IDC,Breast,Invasive Breast Carcinoma,Breast Invasive Ductal Carcinoma,IDC,"",CVCL_7931,37,Adult,Female,"",Metastatic,pleural_effusion,Dana-Farber Cancer Institute,Kornelia Polyak,"",Cell Line,,"","","","","","","","","",Adherent,MF-007-008,DMEM:F12 + 5% FBS,FALSE,None,"","","","",21MT1_BREAST,"",FALSE,HMB-MDS,HER2+,,"",,""
ACH-000315,1.5697763181,1.36164278789693,CN-NonLow,CN Non-Low,6.4110908508,-0.1081852791,PT-lrPA2x,KARPAS-422,KARPAS422,DLBCLNOS,Lymphoid,Mature B-Cell Neoplasms,"Diffuse Large B-Cell Lymphoma, NOS",DLBCLNOS,"",CVCL_1325,73,Adult,Female,"",Metastatic,pleural_effusion,DSMZ,"",ACC 32,Cell Line,,"","","","","","","","","",Suspension,MF-001-020,RPMI + 20% FBS,FALSE,None,"","","","",KARPAS422_HAEMATOPOIETIC_AND_LYMPHOID_TISSUE,"",FALSE,Approved for public sharing - CCLE,"",1973,SIDM01008,907274,""
ACH-000153,0.8694885895,0.902643665674819,CN-NonLow,CN Non-Low,5.4878177643,-0.6204199857,PT-TexA3V,NCI-H2052,NCIH2052,PLSMESO,Pleura,Pleural Mesothelioma,"Pleural Mesothelioma, Sarcomatoid Type",PLSMESO,"",CVCL_1518,65,Adult,Male,caucasian,Metastatic,pleural_effusion,ATCC,"",CRL-5915,Cell Line,,"","","","","","","","","",Adherent,MF-001-001,RPMI + 10% FBS,FALSE,None,"","","","",NCIH2052_PLEURA,"",FALSE,Approved for public sharing - CCLE,"",1485,SIDM00713,688058,""
ACH-000664,0.6502344958,0.722671043798517,CN-NonLow,CN Non-Low,3.9300370216,-0.556869693,PT-jm7IYN,SU-DHL-1,SUDHL1,ALCLALKP,Lymphoid,Mature T and NK Neoplasms,Anaplastic Large-Cell Lymphoma ALK Positive,ALCLALKP,"NPM1-ALK, TP53 Arg273His",CVCL_0538,10,Pediatric,Male,"","",pleural_effusion,DSMZ,"",CRL-2955,Cell Line,,"","","","","","","","","",Suspension,MF-001-001,RPMI + 10% FBS,FALSE,None,"","","","",SUDHL1_HAEMATOPOIETIC_AND_LYMPHOID_TISSUE,"",TRUE,Approved for public sharing - CCLE,"",1634,SIDM00390,909742,""
ACH-000935,1.0324500603,1.02321990401362,CN-NonLow,CN Non-Low,4.7184271812,-0.4182737219,PT-snQqpb,MDST8,MDST8,COAD,Bowel,Colorectal Adenocarcinoma,Colon Adenocarcinoma,COAD,"",CVCL_2588,,Unknown,Unknown,"",Primary,large_intestine,ECACC,"",99011801,Cell Line,,"","","","","","","","","",Adherent,MF-002-003,DMEM + 10% FBS + 2mM Glutamine,FALSE,None,"","","","",MDST8_LARGE_INTESTINE,"",FALSE,Approved for public sharing - CCLE,"",928,SIDM00527,1240173,""
ACH-000924,0.9977320266,0.998363074710209,CN-NonLow,CN Non-Low,4.6638627052,-0.293911889,PT-4qxYZb,NCI-H2172,NCIH2172,NSCLC,Lung,Non-Small Cell Lung Cancer,Non-Small Cell Lung Cancer,NSCLC,"",CVCL_1537,,Unknown,Female,"",Primary,lung,ATCC,"",CRL-5930,Cell Line,,"","","","","","","","","",Adherent,MF-001-001,RPMI + 10% FBS,FALSE,None,"","","","",NCIH2172_LUNG,"",FALSE,Approved for public sharing - CCLE,"",1692,SIDM00926,1298353,""
ACH-000053,1.0069648331,1.00501533739972,CN-NonLow,CN Non-Low,5.3318662643,-0.2355970635,PT-nECHHn,KARPAS-299,KARPAS299,ALCLALKP,Lymphoid,Mature T and NK Neoplasms,Anaplastic Large-Cell Lymphoma ALK Positive,ALCLALKP,NPM1-ALK,CVCL_1324,25,Adult,Male,"","",haematopoietic_and_lymphoid_tissue,NIBRI,"","",Cell Line,,"","","","","","","","","",Suspension,MF-001-021,RPMI + 20% FBS + 2mM Glutamine,FALSE,None,"","","","",KARPAS299_HAEMATOPOIETIC_AND_LYMPHOID_TISSUE,"",TRUE,Approved for public sharing - CCLE,"",906,SIDM01010,907273,""
ACH-000771,0.4858726063,0.571310429377328,CN-Low,Shallow CN Loss,5.6732258797,-0.1359401499,PT-59aO2P,BICR 56,BICR56,OCSC,Head and Neck,Head and Neck Squamous Cell Carcinoma,Oral Cavity Squamous Cell Carcinoma,OCSC,"",CVCL_2313,,Unknown,Female,caucasian,Primary,upper_aerodigestive_tract,ECACC,"",6031002,Cell Line,,"","","","","","","","","",Adherent,MF-002-004,DMEM + 10% FBS + 2mM Glutamine + 0.4ug/ml Hydrocortisone,FALSE,None,"","","","",BICR56_UPPER_AERODIGESTIVE_TRACT,"",FALSE,Approved for public sharing - CCLE,"",,"",,""
ACH-000665,1.1197595729,1.08390064089458,CN-NonLow,CN Non-Low,5.3784489632,-0.2597684202,PT-41lHFE,SK-MES-1,SKMES1,LUSC,Lung,Non-Small Cell Lung Cancer,Lung Squamous Cell Carcinoma,LUSC,"",CVCL_0630,65,Adult,Male,caucasian,Metastatic,pleural_effusion,ATCC,"",HTB-58,Cell Line,,"","","","","","","","","",Adherent,MF-002-001,DMEM + 10% FBS,FALSE,None,"","","","",SKMES1_LUNG,"",FALSE,Approved for public sharing - CCLE,"",1628,SIDM01103,909728,""
ACH-001712,1.0218109491,1.01564810330076,CN-NonLow,CN Non-Low,5.1793241501,,PT-O6FqYe,Hs 860.T,HS860T,OS,Bone,Osteosarcoma,Osteosarcoma,OS,"",CVCL_0957,22,Adult,Male,"",Primary,bone,Dana-Farber Cancer Institute,Kim Stegmaier,"",Cell Line,,"","","","","","","","","",Adherent,MF-002-001,DMEM + 10% FBS,FALSE,None,"","","","",HS860T_BONE,"",TRUE,In Progress,"",,"",,""
ACH-000507,0.7268522314,0.788144635184501,CN-NonLow,CN Non-Low,4.9631733894,-0.446601353,PT-6nN2YI,KE-39,KE39,STAD,Esophagus/Stomach,Esophagogastric Adenocarcinoma,Stomach Adenocarcinoma,STAD,"",CVCL_3385,77,Adult,Male,asian,Metastatic,lymph_node,RIKEN,"",RCB1434,Cell Line,,"","","","","","","","","",Adherent,MF-001-001,RPMI + 10% FBS,FALSE,None,"","","","",KE39_STOMACH,"",FALSE,Approved for public sharing - CCLE,"",,"",,""
ACH-000633,0.902558907,0.927941123122308,CN-NonLow,CN Non-Low,4.7423834801,-0.2374796894,PT-zUYVjw,FU97,FU97,DSTAD,Esophagus/Stomach,Esophagogastric Adenocarcinoma,Diffuse Type Stomach Adenocarcinoma,DSTAD,"",CVCL_2908,66,Adult,Female,asian,Primary,stomach,HSRRB,"","",Cell Line,,"","","","","","","","","",Adherent,MF-002-010,DMEM + 10% FBS + 1ug/ml Insulin,FALSE,None,"","","","",FU97_STOMACH,"",FALSE,Approved for public sharing - CCLE,"",2062,SIDM00503,1290806,""
ACH-002647,0.6429716355,0.716307573607086,CN-NonLow,CN Non-Low,4.9066643715,-0.526729441,PT-O1x5GT,CCC-5,CCC5,CHOL,Biliary Tract,Intraductal Papillary Neoplasm of the Bile Duct,Cholangiocarcinoma,CHOL,"",CVCL_LM83,59,Adult,Male,"",Metastatic,pleural_effusion,DSMZ,"","",Cell Line,,"","","","","","","","","",Adherent,MF-008-001,DMEM:KSFM (2:1) + 20% FBS,FALSE,None,"","","","",CCC5_BILIARY_TRACT,"",FALSE,HMB-MDS,"",,"",,""
ACH-000905,1.0467017388,1.03330087700425,CN-NonLow,CN Non-Low,5.1895122528,-0.4782059295,PT-nC0LDL,5637,5637,BLCA,Bladder/Urinary Tract,Bladder Urothelial Carcinoma,Bladder Urothelial Carcinoma,BLCA,"",CVCL_0126,68,Adult,Male,caucasian,Primary,urinary_tract,ATCC,"",HTB-9,Cell Line,,"","",Unknown,"","","","","","",Mixed,MF-001-001,RPMI + 10% FBS,FALSE,None,"","","","",5637_URINARY_TRACT,"",FALSE,Approved for public sharing - CCLE,"",1157,SIDM00807,687452,""
ACH-000930,0.7257713438,0.787241327194355,CN-NonLow,CN Non-Low,4.8702659607,,PT-AHaEgg,HCC1569,HCC1569,IDC,Breast,Invasive Breast Carcinoma,Breast Invasive Ductal Carcinoma,IDC,"",CVCL_1255,70,Adult,Female,black_or_african_american,Primary,breast,ATCC,"","",Cell Line,,"","","","","","","","","",Adherent,MF-001-001,RPMI + 10% FBS,FALSE,None,"","","","",HCC1569_BREAST,"",FALSE,Approved for public sharing - CCLE,basal_A HER2+,2127,SIDM00878,907046,""
ACH-000691,0.814525065,0.859591985668965,CN-NonLow,CN Non-Low,4.6379985809,,PT-vOaofa,HCC2157,HCC2157,IDC,Breast,Invasive Breast Carcinoma,Breast Invasive Ductal Carcinoma,IDC,"",CVCL_1261,48,Adult,Female,black_or_african_american,Primary,breast,ATCC,"","",Cell Line,,"","","","","","","","","",Suspension,MF-001-014,RPMI + 5% FBS,FALSE,None,"","","","",HCC2157_BREAST,"",FALSE,Approved for public sharing - CCLE,basal_A TNBC,351,SIDM00774,749715,""
ACH-000818,0.8313322013,0.872893517894626,CN-NonLow,CN Non-Low,5.1554093361,,PT-EQndr2,BT-483,BT483,IDC,Breast,Invasive Breast Carcinoma,Breast Invasive Ductal Carcinoma,IDC,"",CVCL_2319,23,Adult,Female,caucasian,Primary,breast,ATCC,"","",Cell Line,,"","","","","","","","","",Adherent,"","",,None,"","","","",BT483_BREAST,"",FALSE,Approved for public sharing - CCLE,"luminal ER+, PR+, HER2+",1231,SIDM00892,949093,""
ACH-001440,0.8307141305,0.872406529142571,CN-NonLow,CN Non-Low,4.6901936531,,PT-uBE2ml,833KE,833KE,EMBCA,Testis,Non-Seminomatous Germ Cell Tumor,Embryonal Carcinoma,EMBCA,"",CVCL_2292,19,Adult,Male,"",Primary,abdomen,Sigma-Aldrich,"",6072611,Cell Line,,"","","","","","","","","",Adherent,MF-002-003,DMEM + 10% FBS + 2mM Glutamine,FALSE,None,"","","","",833KE_TESTIS,"",FALSE,HMB-MDS,"",,"",,""
ACH-000767,1.0600762207,1.04269771662772,CN-NonLow,CN Non-Low,5.3141274452,-0.2641541928,PT-1nXRn7,NCI-H526,NCIH526,SCLC,Lung,Lung Neuroendocrine Tumor,Small Cell Lung Cancer,SCLC,"",CVCL_1569,55,Adult,Male,caucasian,Metastatic,bone_marrow,ATCC,"","",Cell Line,,"","","","","","","","","",Suspension,MF-001-001,RPMI + 10% FBS,FALSE,None,"","","","",NCIH526_LUNG,"",FALSE,Approved for public sharing - CCLE,"",1380,SIDM01128,688025,""
ACH-000139,0.6951272467,0.76139357500919,CN-NonLow,CN Non-Low,4.3621053696,-0.6659710438,PT-rXQo6a,Panc 03.27,PANC0327,PAAD,Pancreas,Pancreatic Adenocarcinoma,Pancreatic Adenocarcinoma,PAAD,"",CVCL_1635,65,Adult,Female,caucasian,Primary,pancreas,ATCC,"",CRL-2549,Cell Line,,"","","","","","","","","",Adherent,MF-001-042,RPMI + 15% FBS + 10 Units/ml recombinant Insulin,FALSE,None,"","","","",PANC0327_PANCREAS,"",FALSE,Approved for public sharing - CCLE,"",1873,SIDM01138,925346,""
ACH-000756,0.994128679,0.995758508314502,CN-NonLow,CN Non-Low,4.9783010483,-0.504914745,PT-cJo3y3,GI-1,GI1,GSARC,CNS/Brain,Diffuse Glioma,Gliosarcoma,GSARC,"",CVCL_1231,61,Adult,Male,asian,Primary,central_nervous_system,RIKEN,"",RCB0763,Cell Line,,"","","","","","","","","",Adherent,MF-002-001,DMEM + 10% FBS,FALSE,None,"","","","",GI1_CENTRAL_NERVOUS_SYSTEM,"",FALSE,Approved for public sharing - CCLE,"",245,SIDM00273,906871,""
ACH-000570,0.9342997584,0.951811386565663,CN-NonLow,CN Non-Low,5.2931275368,-0.5338187164,PT-mxsdQX,YKG1,YKG1,GB,CNS/Brain,Adult-Type Diffuse Glioma,"Glioblastoma, IDH-Wildtype",GB,"",CVCL_1796,53,Adult,Female,"",Primary,central_nervous_system,HSRRB,"",JCRB0746,Cell Line,,"","","","","","","","","",Adherent,MF-002-001,DMEM + 10% FBS,FALSE,None,"","","","",YKG1_CENTRAL_NERVOUS_SYSTEM,"",FALSE,Approved for public sharing - CCLE,"",61,SIDM00315,687592,""
ACH-000215,1.0589933281,1.04193915511216,CN-NonLow,CN Non-Low,4.8833618164,-0.4645997049,PT-G8e35b,LN382,LN382,GB,CNS/Brain,Adult-Type Diffuse Glioma,"Glioblastoma, IDH-Wildtype",GB,"",CVCL_3956,67,Adult,Male,"",Primary,central_nervous_system,Academic lab,Linda Chin,"",Cell Line,,"","","","","","","","","",Adherent,MF-002-001,DMEM + 10% FBS,FALSE,None,"","","","",LN382_CENTRAL_NERVOUS_SYSTEM,"",FALSE,Approved for public sharing - CCLE,"",,"",,ACH-001299
ACH-001693,0.7358037836,0.795603873804042,CN-NonLow,CN Non-Low,4.8905148506,,PT-jDjx83,UPCI-SCC-072,UPCISCC072,OCSC,Head and Neck,Head and Neck Squamous Cell Carcinoma,Oral Cavity Squamous Cell Carcinoma,OCSC,"",CVCL_2223,61,Adult,Female,"",Primary,upper_aerodigestive_tract,DSMZ,"",ACC 677,Cell Line,,"","","","","","","","","",Adherent,MF-006-005,MEM + 20% FBS + 2mM Glutamine + 100uM NEAA,FALSE,None,"","","","",UPCISCC072_UPPER_AERODIGESTIVE_TRACT,"",FALSE,HMB-MDS,"",,"",,""
ACH-000936,1.060137063,1.0427403245601,CN-NonLow,CN Non-Low,5.131251812,-0.323769799,PT-AiIzwN,EFO-27,EFO27,MOV,Ovary/Fallopian Tube,Ovarian Epithelial Tumor,Mucinous Ovarian Cancer,MOV,"",CVCL_1192,36,Adult,Female,"",Metastatic,abdomen,DSMZ,"",ACC 191,Cell Line,,"","","","","","","","","",Adherent,MF-001-047,RPMI + 20% FBS + 2 mM Glutamine + 1x MEM NEAA + 1 mM sodium pyruvate,FALSE,None,"","","","",EFO27_OVARY,"",FALSE,Approved for public sharing - CCLE,"",1497,SIDM01051,906852,""
ACH-000719,0.9908831894,0.993408576650041,CN-NonLow,CN Non-Low,4.2086186409,-0.8637464326,PT-bnZfQQ,RMG-I,RMGI,CCOV,Ovary/Fallopian Tube,Ovarian Epithelial Tumor,Clear Cell Ovarian Cancer,CCOV,"",CVCL_1662,34,Adult,Female,"",Metastatic,ascites,HSRRB,"",IFO50315,Cell Line,,"","","","","","","","","",Adherent,MF-001-001,RPMI + 10% FBS,FALSE,None,"","","","",RMGI_OVARY,"",FALSE,Approved for public sharing - CCLE,"",1162,SIDM00352,909699,""
ACH-002680,1.2372259513,1.16171097045967,CN-NonLow,CN Non-Low,5.7700309753,-0.3547202208,PT-UACtvx,170-MG-BA,170MGBA,GB,CNS/Brain,Adult-Type Diffuse Glioma,"Glioblastoma, IDH-Wildtype",GB,"",CVCL_LM81,74,Adult,Female,"",Primary,central_nervous_system,DSMZ,"","",Cell Line,,"","","","","","","","","",Adherent,MF-006-002,MEM + 10% FBS + 2mM Glutamine + 100uM NEAA,FALSE,None,"","","","",170MGBA_CENTRAL_NERVOUS_SYSTEM,"",FALSE,HMB-MDS,"",,"",,""
ACH-000452,0.5057169364,0.590450579548186,CN-NonLow,CN Non-Low,3.9994227886,-0.574921251,PT-xIsO4O,TE-8,TE8,ESCC,Esophagus/Stomach,Esophageal Squamous Cell Carcinoma,Esophageal Squamous Cell Carcinoma,ESCC,"",CVCL_1766,63,Adult,Male,"","",oesophagus,RIKEN,"",RCB2098,Cell Line,,"","","","","","","","","",Adherent,MF-001-001,RPMI + 10% FBS,FALSE,None,"","","","",TE8_OESOPHAGUS,"",FALSE,Approved for public sharing - CCLE,"",2253,SIDM00326,753623,""
ACH-001067,1.0212864008,1.0152737550376,CN-NonLow,CN Non-Low,4.8178839684,-0.2721134785,PT-0woxaX,F5,F5,MNG,CNS/Brain,Meningothelial Tumor,Meningioma,MNG,"",CVCL_V616,,Unknown,Male,"",Primary,central_nervous_system,Brigham and Women's Hospital,Ian Dunn,"",Cell Line,,"","","","","","","","","",Adherent,MF-001-001,RPMI + 10% FBS,FALSE,None,"","","","",F5_CENTRAL_NERVOUS_SYSTEM,"",FALSE,Approved for public sharing - CCLE,"",,"",,""
ACH-000946,1.0421341484,1.03007764039524,CN-NonLow,CN Non-Low,4.8793821335,-0.1217546961,PT-ANEQ4x,HEC-265,HEC265,UCEC,Uterus,Endometrial Carcinoma,Endometrial Carcinoma,UCEC,"",CVCL_2928,59,Adult,Female,asian,Primary,endometrium,HSRRB,"",JCRB1142,Cell Line,,"","","","","","","","","",Adherent,MF-015-007,EMEM + 15% FBS,FALSE,None,"","","","",HEC265_ENDOMETRIUM,"",FALSE,Approved for public sharing - CCLE,"",,"",,""
ACH-002643,1.0814597712,1.05759567548456,CN-NonLow,CN Non-Low,5.5910391808,,PT-nRHvHf,GRANTA-452,GRANTA452,BALL,Lymphoid,B-Cell Acute Lymphoblastic Leukemia,B-Cell Acute Lymphoblastic Leukemia,"","IGH-BCL2; IGL-MYC, CDKN2(del)",CVCL_1817,,Unknown,Unknown,"","",haematopoietic_and_lymphoid_tissue,DSMZ,"",ACC-713,Cell Line,,"","","","","","","","","",Suspension,MF-001-001,RPMI + 10% FBS,FALSE,None,"","","","",GRANTA452_HAEMATOPOIETIC_AND_LYMPHOID_TISSUE,"",TRUE,HMB-MDS,BCL2/MYC,,"",,""
ACH-000354,0.6410647558,0.71463216818026,CN-NonLow,CN Non-Low,4.2291417122,-1.1676132166,PT-MDCOET,Capan-1,CAPAN1,PAAD,Pancreas,Pancreatic Adenocarcinoma,Pancreatic Adenocarcinoma,PAAD,"",CVCL_0237,40,Adult,Male,caucasian,Metastatic,liver,ATCC,"",HTB-79,Cell Line,,"","","","","","","","","",Adherent,MF-005-004,IMDM + 20% FBS,FALSE,None,"","","","",CAPAN1_PANCREAS,"",FALSE,Approved for public sharing - CCLE,"",641,SIDM00934,753624,""
ACH-003108,1.6815433828,1.42306359389634,CN-NonLow,CN Non-Low,5.6434378624,,PT-Gz9Gqu,HF,HF,GCB,Lymphoid,Mature B-Cell Neoplasms,Germinal Center B-Cell Type,GCB,"",CVCL_UI84,77,Adult,Male,"","",pleural_effusion,ATCC,"",CRL-3383,Cell Line,,"","","","","","","","","",Suspension,MF-001-017,RPMI + 15% FBS,FALSE,None,"","","","",HF_HAEMATOPOIETIC_AND_LYMPHOID_TISSUE,"",FALSE,HMB-MDS,"",,"",,""
ACH-001740,0.9042546394,0.929226410597592,CN-NonLow,CN Non-Low,4.4714150429,-0.9292639923,PT-vvfjiZ,RH28,RH28,ARMS,Soft Tissue,Rhabdomyosarcoma,Alveolar Rhabdomyosarcoma,ARMS,"",CVCL_8752,17,Pediatric,Male,"",Metastatic,lymph_node,University Hospital Zurich,Beat Schaefer,"",Cell Line,,"","","","","","","","","",Adherent,MF-002-001,DMEM + 10% FBS,FALSE,None,"","","","",RH28_SOFT_TISSUE,"",TRUE,In Progress,"",,"",,""
ACH-000111,0.8003167449,0.848250754385579,CN-NonLow,CN Non-Low,4.8850226402,-0.0447721364,PT-yKJqsn,HCC1187,HCC1187,IDC,Breast,Invasive Breast Carcinoma,Breast Invasive Ductal Carcinoma,IDC,"",CVCL_1247,41,Adult,Female,caucasian,Primary,breast,ATCC,"","",Cell Line,,"","","","","","","","","",Mixed,MF-001-001,RPMI + 10% FBS,FALSE,None,"","","","",HCC1187_BREAST,"",FALSE,Approved for public sharing - CCLE,basal_A TNBC,1644,SIDM00885,749711,""
ACH-000503,1.4253260695,1.27817872141392,CN-NonLow,CN Non-Low,5.1172418594,-0.390306317,PT-9uZV0s,BICR 16,BICR16,OCSC,Head and Neck,Head and Neck Squamous Cell Carcinoma,Oral Cavity Squamous Cell Carcinoma,OCSC,"",CVCL_2308,,Unknown,Male,caucasian,Primary,upper_aerodigestive_tract,ECACC,"",6031001,Cell Line,,"","","","","","","","","",Adherent,MF-002-001,DMEM + 10% FBS,FALSE,None,"","","","",BICR16_UPPER_AERODIGESTIVE_TRACT,"",FALSE,Approved for public sharing - CCLE,"",,"",,""
ACH-001503,1.0971151844,1.06840610387559,CN-NonLow,CN Non-Low,5.4063668251,,PT-5ThuU7,GUMBUS,GUMBUS,BL,Lymphoid,Mature B-Cell Neoplasms,Burkitt Lymphoma,BL,IGH-MYC,CVCL_2051,28,Adult,Male,"",Primary,haematopoietic_and_lymphoid_tissue,DSMZ,"","",Cell Line,,"","",Post-treatment,Chemotherapy,"","","","",Relapse and Resistance,Suspension,MF-001-014,RPMI + 5% FBS,FALSE,None,"","","","",GUMBUS_HAEMATOPOIETIC_AND_LYMPHOID_TISSUE,"",TRUE,HMB-MDS,"",,"",,""
ACH-000964,1.1060671691,1.07455144917567,CN-NonLow,CN Non-Low,5.3528289795,,PT-1559gB,MOLT-3,MOLT3,TALL,Lymphoid,T-Lymphoblastic Leukemia/Lymphoma,T-Cell Acute Lymphoblastic Leukemia,"",STIL::TAL1,CVCL_0624,19,Adult,Male,"",Primary,haematopoietic_and_lymphoid_tissue,NIBRI,NIBRI (Novartis),CRL-1552,Cell Line,,"","","","","","","","","",Suspension,MF-001-001,RPMI + 10% FBS,FALSE,None,"","","","",MOLT3_HAEMATOPOIETIC_AND_LYMPHOID_TISSUE,"",TRUE,Approved for public sharing - CCLE,TAL1 prom,,SIDM00153,,""
ACH-000887,0.8444049845,0.883155469747598,CN-NonLow,CN Non-Low,5.0587668419,-0.7740431919,PT-Wth0p2,SF-172,SF172,GB,CNS/Brain,Adult-Type Diffuse Glioma,"Glioblastoma, IDH-Wildtype",GB,"",CVCL_V613,36,Adult,Female,"",Primary,central_nervous_system,Academic lab,Linda Chin,"",Cell Line,,"","","","","","","","","",Adherent,MF-002-001,DMEM + 10% FBS,FALSE,None,"","","","",SF172_CENTRAL_NERVOUS_SYSTEM,"",FALSE,Approved for public sharing - CCLE,"",,"",,""
ACH-000826,0.5196715556,0.603759549781278,CN-NonLow,CN Non-Low,5.0512371063,-1.1331948746,PT-nAjtb0,CAL-12T,CAL12T,NSCLC,Lung,Non-Small Cell Lung Cancer,Non-Small Cell Lung Cancer,NSCLC,"",CVCL_1105,,Unknown,Male,"",Primary,lung,DSMZ,"",ACC 443,Cell Line,,"","","","","","","","","",Adherent,MF-002-001,DMEM + 10% FBS,FALSE,None,"","","","",CAL12T_LUNG,"",FALSE,Approved for public sharing - CCLE,"",2252,SIDM00939,753540,""
ACH-000400,0.3215644888,0.402246826343025,CN-Low,Shallow CN Loss,3.3984501362,,PT-cPXTdY,SK-CO-1,SKCO1,COAD,Bowel,Colorectal Adenocarcinoma,Colon Adenocarcinoma,COAD,"",CVCL_0626,65,Adult,Male,caucasian,Metastatic,ascites,ATCC,"",HTB-39,Cell Line,,"","","","","","","","","",Adherent,MF-006-001,MEM + 10% FBS,FALSE,None,"","","","",SKCO1_LARGE_INTESTINE,"",FALSE,Approved for public sharing - CCLE,"",40,SIDM01096,909718,""
ACH-000091,0.544320773,0.626972447911003,CN-NonLow,CN Non-Low,4.1599521637,,PT-kmyeHR,OV56,OV56,SOC,Ovary/Fallopian Tube,Ovarian Epithelial Tumor,Serous Ovarian Cancer,SOC,"",CVCL_2673,46,Adult,Female,"",Metastatic,ascites,ECACC,"",96020759,Cell Line,,"","","","","","","","","",Adherent,MF-007-009,DMEM:F12 + 5% FBS + 2mM Glutamine + 10ug/ml Insulin + 0.5ug/ml Hydrocortisone,FALSE,None,"","","","",OV56_OVARY,"",FALSE,Approved for public sharing - CCLE,"",686,SIDM00475,1480362,""
ACH-001441,1.0981978561,1.0691507277509,CN-NonLow,CN Non-Low,4.7695760727,,PT-jIJ6sz,92-1,921,UM,Eye,Ocular Melanoma,Uveal Melanoma,UM,"",CVCL_8607,76,Adult,Female,"",Metastatic,uvea,Sigma-Aldrich,"",13012458,Cell Line,,"","","","","","","","","",Adherent,MF-001-003,RPMI + 10% FBS + 2mM Glutamine,FALSE,None,"","","","",921_UVEA,"",FALSE,HMB-MDS,"",,"",,""
ACH-000293,1.1127673538,1.07913391445808,CN-NonLow,CN Non-Low,4.3992943764,-0.3004197194,PT-tjaCAG,KLE,KLE,UCEC,Uterus,Endometrial Carcinoma,Endometrial Carcinoma,UCEC,"",CVCL_1329,68,Adult,Female,caucasian,Primary,endometrium,ATCC,"",CRl-1622,Cell Line,,"","","","","","","","","",Adherent,MF-007-001,DMEM:F12 + 10% FBS,FALSE,None,"","","","",KLE_ENDOMETRIUM,"",FALSE,Approved for public sharing - CCLE,"",2256,SIDM00686,924187,""
ACH-000667,0.9889333516,0.991994932819633,CN-NonLow,CN Non-Low,4.51141119,-0.2898449939,PT-uY17tx,HCC-44,HCC44,LUAD,Lung,Non-Small Cell Lung Cancer,Lung Adenocarcinoma,LUAD,"",CVCL_2060,54,Adult,Female,caucasian,Primary,lung,DSMZ,"",ACC 534,Cell Line,,"","","","","","","","","",Adherent,MF-001-001,RPMI + 10% FBS,FALSE,None,"","","","",HCC44_LUNG,"",FALSE,Approved for public sharing - CCLE,"",1247,SIDM01069,1240145,""
ACH-000910,0.9773514192,0.983569292757913,CN-NonLow,CN Non-Low,5.0311303139,-0.2831220531,PT-TFQ2Kc,MDA-MB-453,MDAMB453,BRCA,Breast,Invasive Breast Carcinoma,Invasive Breast Carcinoma,BRCA,"",CVCL_0418,48,Adult,Female,caucasian,Metastatic,pericardial_effusion,ATCC,"","",Cell Line,,"","","","","","","","","",Adherent,MF-021-001,L-15 + 10% FBS,FALSE,None,"","","","",MDAMB453_BREAST,"",FALSE,Approved for public sharing - CCLE,HER2+,101,SIDM00272,908122,""
ACH-000866,1.1241441146,1.08688165049496,CN-NonLow,CN Non-Low,5.5837206841,-0.1424463255,PT-l2795j,NCI-H1048,NCIH1048,SCLC,Lung,Lung Neuroendocrine Tumor,Small Cell Lung Cancer,SCLC,"",CVCL_1453,53,Adult,Female,"",Metastatic,pleural_effusion,ATCC,"",CRL-5853,Cell Line,,"","","","","","","","","",Adherent,MF-007-010,DMEM:F12 + 5% FBS + 2mM Glutamine + 5ug/ml Insulin + 10ug/ml Transferrin + 30nM Selenium + 10nM Hydrocortisone + 10nM beta-Estradiol,FALSE,None,"","","","",NCIH1048_LUNG,"",FALSE,Approved for public sharing - CCLE,"",1875,SIDM00654,687995,""
ACH-000278,0.64627272,0.719203351069577,CN-NonLow,CN Non-Low,4.1439323425,-1.3117602462,PT-BexFYH,COV362,COV362,HGSOC,Ovary/Fallopian Tube,Ovarian Epithelial Tumor,High-Grade Serous Ovarian Cancer,HGSOC,"",CVCL_2420,,Unknown,Female,"",Metastatic,pleural_effusion,ECACC,"",7071910,Cell Line,,"","","","","","","","","",Adherent,MF-002-003,DMEM + 10% FBS + 2mM Glutamine,FALSE,None,"","","","",COV362_OVARY,"",FALSE,Approved for public sharing - CCLE,"",,"",,""
ACH-000029,0.4098250287,0.495516122985394,CN-Low,Shallow CN Loss,4.430024147,-1.1144605785,PT-NdspH5,HCC-827-GR5,HCC827GR5,LUAD,Lung,Non-Small Cell Lung Cancer,Lung Adenocarcinoma,LUAD,"",CVCL_V622,39,Adult,Female,caucasian,Primary,lung,Dana-Farber Cancer Institute,Pasi Janne,"",Cell Line,,"","","","","","","","","",Adherent,MF-001-014,RPMI + 5% FBS,FALSE,None,engineered clone,MET amplified,"","",HCC827GR5_LUNG,"",FALSE,Approved for public sharing - CCLE,"",,"",,""
ACH-000829,1.0907224244,1.06400153465641,CN-NonLow,CN Non-Low,4.4250159264,-0.2190044459,PT-h5fVs5,HuNS1,HUNS1,PCM,Lymphoid,Mature B-Cell Neoplasms,Plasma Cell Myeloma,PCM,"",CVCL_2526,,Unknown,Male,"","",haematopoietic_and_lymphoid_tissue,ATCC,"","",Cell Line,,"","","","","","","","","",Suspension,MF-001-017,RPMI + 15% FBS,FALSE,None,"","","","",HUNS1_HAEMATOPOIETIC_AND_LYMPHOID_TISSUE,"",FALSE,Approved for public sharing - CCLE,"",,"",,""
ACH-000957,1.0367983303,1.02630314167865,CN-NonLow,CN Non-Low,5.2575387955,-0.0317611863,PT-FXUrcz,LS 180,LS180,COAD,Bowel,Colorectal Adenocarcinoma,Colon Adenocarcinoma,COAD,"",CVCL_0397,58,Adult,Female,"",Primary,Colon,ATCC,"",CL-187,Cell Line,,"","","","","","","","","",Adherent,MF-006-001,MEM + 10% FBS,FALSE,None,"","","","",LS180_LARGE_INTESTINE,"",FALSE,Approved for public sharing - CCLE,MSI,2081,SIDM00680,998189,""
ACH-000668,1.0157513627,1.01131769740847,CN-NonLow,CN Non-Low,6.0418300629,-0.2564991594,PT-3DyHhv,HCC70,HCC70,IDC,Breast,Invasive Breast Carcinoma,Breast Invasive Ductal Carcinoma,IDC,"",CVCL_1270,49,Adult,Female,black_or_african_american,Primary,breast,ATCC,"","",Cell Line,,"","","","","","","","","",Adherent,MF-001-001,RPMI + 10% FBS,FALSE,None,"","","","",HCC70_BREAST,"",FALSE,Approved for public sharing - CCLE,basal_A TNBC,937,SIDM00673,907048,""
ACH-000258,0.746235035,0.804247751984747,CN-NonLow,CN Non-Low,4.3915133476,-0.4544815228,PT-XTyUEa,Du4475,DU4475,BRCA,Breast,Invasive Breast Carcinoma,Invasive Breast Carcinoma,BRCA,"",CVCL_1183,62,Adult,Female,caucasian,Metastatic,skin,ATCC,"","",Cell Line,,"","","","","","","","","",Suspension,MF-001-001,RPMI + 10% FBS,FALSE,None,"","","","",DU4475_BREAST,"",FALSE,Approved for public sharing - CCLE,luminal TNBC,302,SIDM01001,906844,""
ACH-002501,2.748300962,1.90623679583408,CN-NonLow,CN Non-Low,5.9070134163,,PT-PIWzVv,RMZ,RMZ,ARMS,Soft Tissue,Rhabdomyosarcoma,Alveolar Rhabdomyosarcoma,ARMS,"",CVCL_8422,3,Pediatric,Male,"",Metastatic,bone_marrow,University of Bologna,Pier Luigi-Lollini,"",Cell Line,,"","","","","","","","","",Adherent,MF-002-001,DMEM + 10% FBS,FALSE,None,"","","","",RMZ_SOFT_TISSUE,"",TRUE,HMB-MDS,"",,"",,""
ACH-000997,1.0340483896,1.02435400102705,CN-NonLow,CN Non-Low,5.3410248756,-0.1601663779,PT-i0VYNQ,HCT-15,HCT15,COAD,Bowel,Colorectal Adenocarcinoma,Colon Adenocarcinoma,COAD,"",CVCL_0292,67,Adult,Male,"",Primary,large_intestine,ATCC,"",CCL-225,Cell Line,,"","","","","","","","","",Adherent,MF-001-001,RPMI + 10% FBS,FALSE,None,"","","","",HCT15_LARGE_INTESTINE,"",FALSE,Approved for public sharing - CCLE,MSI,1553,SIDM00789,905937,""
ACH-000470,0.6015310025,0.679451726130135,CN-NonLow,CN Non-Low,4.6047654152,-0.5716379679,PT-XPa83T,SW1463,SW1463,READ,Bowel,Colorectal Adenocarcinoma,Rectal Adenocarcinoma,READ,"",CVCL_1718,66,Adult,Female,caucasian,Primary,large_intestine,ATCC,"",CCL-234,Cell Line,,"","","","","","","","","",Adherent,MF-001-001,RPMI + 10% FBS,FALSE,None,"","","","",SW1463_LARGE_INTESTINE,"",FALSE,Approved for public sharing - CCLE,"",271,SIDM00834,909748,""
ACH-001701,0.7906214489,0.840460372768285,CN-NonLow,CN Non-Low,5.5012574196,-0.258417112,PT-CvPqts,UPCI-SCC-200,UPCISCC200,OCSC,Head and Neck,Head and Neck Squamous Cell Carcinoma,Oral Cavity Squamous Cell Carcinoma,OCSC,"",CVCL_2232,74,Adult,Male,"",Primary,upper_aerodigestive_tract,DSMZ,"",672,Cell Line,,"","","","","","","","","",Adherent,MF-006-005,MEM + 20% FBS + 2mM Glutamine + 100uM NEAA,FALSE,None,"","","","",UPCISCC200_UPPER_AERODIGESTIVE_TRACT,"",FALSE,HMB-MDS,"",,"",,""
ACH-000934,0.7571793652,0.813261462875645,CN-NonLow,CN Non-Low,4.9958100319,-0.2612411785,PT-0VWXIm,MDA-MB-361,MDAMB361,BRCA,Breast,Invasive Breast Carcinoma,Invasive Breast Carcinoma,BRCA,"",CVCL_0620,40,Adult,Female,caucasian,Metastatic,central_nervous_system,ATCC,"","",Cell Line,,"","","","","","","","","",Adherent,MF-021-003,L-15 + 20% FBS,FALSE,None,"","","","",MDAMB361_BREAST,"",FALSE,Approved for public sharing - CCLE,"luminal ER+, HER2+",880,SIDM00528,908121,""
ACH-002047,0.9898794184,0.992681009790494,CN-NonLow,CN Non-Low,6.4837369919,,PT-pzAgyf,HIRS-BM,HIRSBM,UCS,Uterus,Endometrial Carcinoma,Uterine Carcinosarcoma/Uterine Malignant Mixed Mullerian Tumor,UCS,"",CVCL_E060,16,Pediatric,Female,"",Metastatic,haematopoietic_and_lymphoid_tissue,RIKEN,"",RCB0978,Cell Line,,"","","","","","","","","",Adherent,MF-004-002,F12 + 15% FBS,FALSE,None,"","","","",HIRSBM_ENDOMETRIUM,"",FALSE,HMB-MDS,"",,"",,""
ACH-001193,0.6088129704,0.68599661794457,CN-NonLow,CN Non-Low,5.1488771439,-0.0958963486,PT-zjZ0Ko,SK-PN-DW,SKPNDW,ES,Bone,Ewing Sarcoma,Ewing Sarcoma,ES,"",CVCL_1703,17,Pediatric,Male,"","",Embryonal,Dana-Farber Cancer Institute,Kim Stegmaier,"",Cell Line,,"","","","","","","","","",Adherent,MF-002-001,DMEM + 10% FBS,FALSE,None,"","","","",SKPNDW_BONE,"",TRUE,Approved for public sharing - CCLE,EWS::FLI,946,SIDM01097,909731,""
ACH-002676,1.0588366225,1.04182935048457,CN-NonLow,CN Non-Low,5.8739190102,,PT-KzeVPp,TK-6,TK6,CMLBCRABL1,Myeloid,Myeloproliferative Neoplasms,"Chronic Myeloid Leukemia, BCR-ABL1+",CMLBCRABL1,BCR-ABL1 (e14-a2),CVCL_X907,30,Adult,Male,"","",pleural_effusion,DSMZ,"",ACC-723,Cell Line,,"","","","","","","","","",Suspension,MF-001-001,RPMI + 10% FBS,FALSE,None,"","","","",TK6_HAEMATOPOIETIC_AND_LYMPHOID_TISSUE,"",TRUE,HMB-MDS,"BCR::ABL1, TCR::MYB, TCR::NIPBL",,"",,""
ACH-000433,0.6230751135,0.698729767209612,CN-NonLow,CN Non-Low,4.2698187828,-0.6767794842,PT-0UOmyW,Caki-1,CAKI1,CCRCC,Kidney,Renal Cell Carcinoma,Renal Clear Cell Carcinoma,CCRCC,"",CVCL_0234,49,Adult,Male,caucasian,Metastatic,skin,ATCC,"",HTB-46,Cell Line,,"","","","","","","","","",Adherent,MF-023-001,McCoy's 5A + 10% FBS,FALSE,None,"","","","",CAKI1_KIDNEY,"",FALSE,Approved for public sharing - CCLE,"",289,SIDM00941,905963,""
ACH-001750,0.6835666892,0.751520870124588,CN-NonLow,CN Non-Low,4.6178627014,-0.2129139235,PT-Hk36HO,TTC442,TTC442,ERMS,Soft Tissue,Rhabdomyosarcoma,Embryonal Rhabdomyosarcoma,ERMS,"",CVCL_B255,10,Pediatric,Male,"","",soft_tissue,University Hospital Zurich,Beat Schaefer,"",Cell Line,,"","","","","","","","","",Adherent,MF-001-017,RPMI + 15% FBS,FALSE,None,"","","","",TTC442_SOFT_TISSUE,"",TRUE,HMB-MDS,"",,"",,""
ACH-001619,0.985111206,0.98921982945932,CN-NonLow,CN Non-Low,4.520321846,-0.1188668749,PT-xi87qq,OCUG-1,OCUG1,GBAD,Biliary Tract,Intracholecystic Papillary Neoplasm,"Gallbladder Adenocarcinoma, NOS",GBAD,"",CVCL_3083,43,Adult,Male,"",Metastatic,ascites,JCRB,"",JCRB0191,Cell Line,,"","","","","","","","","",Adherent,MF-002-006,DMEM + 10% FBS + 2mM glutamine + 500uM pyruvate,FALSE,None,"","","","",OCUG1_BILIARY_TRACT,"",FALSE,HMB-MDS,"",,"",,""
ACH-003178,0.8276036999,0.869953268332001,CN-NonLow,CN Non-Low,4.876683712,-0.4036488741,PT-or8OCW,NRH-OS2,NRHOS2,OS,Bone,Osteosarcoma,Osteosarcoma,OS,"","",10,Pediatric,Male,"",Primary,soft_tissue,"Oslo University Hospital, The Norwegian Radium Hospital",Ola Myklebost,"",Cell Line,,PDX,"",Pre-treatment,"","","","","","",Mixed,MF-001-003,RPMI + 10% FBS + 2mM Glutamine,FALSE,None,"","","","",NRH-OS2,"",TRUE,"","",,"",,""
ACH-000014,0.817285475,0.861785068452794,CN-NonLow,CN Non-Low,4.7968468666,-0.1645435442,PT-fp8PeY,Hs 294T,HS294T,MEL,Skin,Melanoma,Melanoma,MEL,"",CVCL_0331,56,Adult,Male,caucasian,Metastatic,lymph_node,ATCC,"",HTB-140,Cell Line,,"","","","","","","","","",Adherent,MF-002-001,DMEM + 10% FBS,FALSE,None,"","","","",HS294T_SKIN,"",FALSE,Approved for public sharing - CCLE,"",,SIDM00800,,""
ACH-000246,0.623835691,0.699405659757082,CN-NonLow,CN Non-Low,,-0.2398421383,PT-bLoo9u,SLR 23,SLR23,CCRCC,Kidney,Renal Cell Carcinoma,Renal Clear Cell Carcinoma,CCRCC,"",CVCL_V609,,Unknown,Unknown,"",Metastatic,kidney,Dana-Farber Cancer Institute,Bill Kaelin,"",Cell Line,,"","","","","","","","","",Adherent,MF-001-001,RPMI + 10% FBS,FALSE,None,"","","","",SLR23_KIDNEY,"",FALSE,Approved for public sharing - CCLE,"",,"",,""
ACH-000878,0.6225022686,0.698220495417438,CN-NonLow,CN Non-Low,4.6572170258,-0.3328869664,PT-WMdXaj,HCC-15,HCC15,LUSC,Lung,Non-Small Cell Lung Cancer,Lung Squamous Cell Carcinoma,LUSC,"",CVCL_2057,47,Adult,Male,black_or_african_american,Primary,lung,DSMZ,"",ACC 496,Cell Line,,"","","","","","","","","",Adherent,MF-001-001,RPMI + 10% FBS,FALSE,None,"","","","",HCC15_LUNG,"",FALSE,Approved for public sharing - CCLE,"",1368,SIDM01072,1240143,""
ACH-002802,1.0748020663,1.05297371159791,CN-NonLow,CN Non-Low,5.0852332115,,PT-hmiIEB,NCC-MPNST3-X2-C1,NCCMPNST3X2C1,MPNST,Peripheral Nervous System,Nerve Sheath Tumor,Malignant Peripheral Nerve Sheath Tumor,MPNST,"",CVCL_YU15,72,Adult,Male,"","",Unknown,National Cancer Center Research Institute,Tadashi Kondo,"",Cell Line,,PDX,"","","","","","","","",Adherent,MF-007-006,DMEM:F12 + 10% FBS + GlutaMAX,FALSE,None,"","","","","","",FALSE,"","",,"",,""
ACH-000299,1.0457197028,1.03260848570752,CN-NonLow,CN Non-Low,4.9660797119,-0.6186513601,PT-OEqvYu,HNT-34,HNT34,AML,Myeloid,Acute Myeloid Leukemia,Acute Myeloid Leukemia,AML,BCR-ABL1 (e14-a2),CVCL_2071,47,Adult,Female,"",Primary,haematopoietic_and_lymphoid_tissue,Academic lab,"","",Cell Line,,"","","","","","","","","",Suspension,MF-001-020,RPMI + 20% FBS,FALSE,None,"","","","",HNT34_HAEMATOPOIETIC_AND_LYMPHOID_TISSUE,"",TRUE,Approved for public sharing - CCLE,"BCR::ABL1;GATA2::MECOM, PTPN11, SF3B1 and RAD21",,"",,""
ACH-000480,0.7890687992,0.83920886774542,CN-NonLow,CN Non-Low,4.152402401,-0.3394293729,PT-cw7s0S,HuH-7,HUH7,HCC,Liver,Hepatocellular Carcinoma,Hepatocellular Carcinoma,HCC,"",CVCL_0336,57,Adult,Male,asian,Primary,liver,HSRRB,"",JCRB0403,Cell Line,,"","","","","","","","","",Adherent,MF-002-001,DMEM + 10% FBS,FALSE,None,"","","","",HUH7_LIVER,"",FALSE,Approved for public sharing - CCLE,"",2195,SIDM00585,907071,""
ACH-000963,0.8642184883,0.898570955225347,CN-NonLow,CN Non-Low,5.1867618561,-0.2833960371,PT-c4ZGOD,CCK-81,CCK81,COAD,Bowel,Colorectal Adenocarcinoma,Colon Adenocarcinoma,COAD,"",CVCL_2873,62,Adult,Female,"",Metastatic,large_intestine,HSRRB,"","",Cell Line,,"","","","","","","","","",Adherent,MF-006-001,MEM + 10% FBS,FALSE,None,"","","","",CCK81_LARGE_INTESTINE,"",FALSE,Approved for public sharing - CCLE,MSI,1915,SIDM00487,1240123,""
ACH-002029,0.7678806508,0.822020882019554,CN-NonLow,CN Non-Low,5.2594418526,-0.3597622097,PT-rJXazG,SAS,SAS,OCSC,Head and Neck,Head and Neck Squamous Cell Carcinoma,Oral Cavity Squamous Cell Carcinoma,OCSC,"",CVCL_1675,69,Adult,Female,"",Primary,upper_aerodigestive_tract,RIKEN,"",RCB1974,Cell Line,,"","","","","","","","","",Adherent,MF-001-001,RPMI + 10% FBS,FALSE,None,"","","","",SAS_UPPER_AERODIGESTIVE_TRACT,"",FALSE,HMB-MDS,"",,SIDM00351,,""
ACH-002722,0.96964328,0.977934368374566,CN-NonLow,CN Non-Low,4.5335760117,,PT-x8Ej9S,OSU-Des23,OSUDES23,DES,Soft Tissue,Desmoid/Aggressive Fibromatosis,Desmoid/Aggressive Fibromatosis,DES,"","",26,Adult,Female,"",Primary,pelvis,The Ohio State University Comprehensive Cancer Center,Raphael Pollock,"",Cell Line,,"","","","","","","","","",Adherent,MF-002-001,DMEM + 10% FBS,FALSE,None,"","","","","","",FALSE,"",CTNNB1 S45F,,"",,""
ACH-000899,1.3160707059,1.21167929715022,CN-NonLow,CN Non-Low,5.7605032921,-0.1517364844,PT-j60QIc,WM88,WM88,MEL,Skin,Melanoma,Melanoma,MEL,"",CVCL_6805,,Unknown,Male,"",Metastatic,skin,"Rockland Immunochemicals, Inc.","",WM88-01-0001,Cell Line,,"","","","","","","","","",Unknown,MF-001-001,RPMI + 10% FBS,FALSE,None,"","","","",WM88_SKIN,"",FALSE,Approved for public sharing - CCLE,"",,SIDM01768,,""
ACH-001610,0.8986890943,0.925003687039065,CN-NonLow,CN Non-Low,5.2543826103,-0.5351039612,PT-WoVaBP,NP 5,NP5,GB,CNS/Brain,Adult-Type Diffuse Glioma,"Glioblastoma, IDH-Wildtype",GB,"",CVCL_1R17,27,Adult,Male,"",Primary,central_nervous_system,JCRB,"",JCRB1569,Cell Line,,"","","","","","","","","",Adherent,MF-002-001,DMEM + 10% FBS,FALSE,None,"","","","",NP5_CENTRAL_NERVOUS_SYSTEM,"",FALSE,HMB-MDS,"",,"",,""
ACH-001447,1.0599627754,1.04261826739342,CN-NonLow,CN Non-Low,4.5924811363,,PT-Or4z36,BJAB,BJAB,BL,Lymphoid,Mature B-Cell Neoplasms,Burkitt Lymphoma,BL,"KMT2A-CLTC, TP53 His193Arg",CVCL_5711,5,Pediatric,Female,"",Primary,haematopoietic_and_lymphoid_tissue,DSMZ,"",ACC-757,Cell Line,,"","","","","","","","","",Adherent,MF-001-020,RPMI + 20% FBS,FALSE,None,"","","",SNP fingerprinting rules out HeLa contamination.,BJAB_HAEMATOPOIETIC_AND_LYMPHOID_TISSUE,"",TRUE,HMB-MDS,"",,"",,""
ACH-000778,0.39844431,0.483822802769012,CN-Low,Shallow CN Loss,4.5675392151,-1.9091664937,PT-XJviYz,HSC-3,HSC3,OCSC,Head and Neck,Head and Neck Squamous Cell Carcinoma,Oral Cavity Squamous Cell Carcinoma,OCSC,"",CVCL_1288,64,Adult,Male,"",Metastatic,upper_aerodigestive_tract,HSRRB,"",JCRB0623,Cell Line,,"","","","","","","","","",Adherent,MF-006-001,MEM + 10% FBS,FALSE,None,"","","","",HSC3_UPPER_AERODIGESTIVE_TRACT,"",FALSE,Approved for public sharing - CCLE,"",648,SIDM00589,907061,ACH-001312
ACH-001349,0.9841776095,0.988541171327758,CN-NonLow,CN Non-Low,3.1346316338,-0.8871403849,PT-S14wo4,HD-MB03,HDMB03,MBLNOS,CNS/Brain,Embryonal Tumor,"Medulloblastoma, NOS",MBLNOS,"",CVCL_S506,3,Pediatric,Male,"",Metastatic,central_nervous_system,DSMZ,"","",Cell Line,,"","","","","","","","","",Adherent,MF-001-001,RPMI + 10% FBS,FALSE,None,"","","","",HDMB03_CENTRAL_NERVOUS_SYSTEM,"",TRUE,"","",,"",,""
ACH-001336,0.6894223622,0.756530052636858,CN-NonLow,CN Non-Low,4.6657624245,-0.3511788784,PT-QAGzTB,Ca Ski,CASKI,CESC,Cervix,Cervical Squamous Cell Carcinoma,Cervical Squamous Cell Carcinoma,CESC,"",CVCL_1100,40,Adult,Female,"",Metastatic,small_intestine,ATCC,"",CRL-1550,Cell Line,,"","","","","","","","","",Adherent,MF-001-001,RPMI + 10% FBS,FALSE,None,"","","","",CASKI_CERVIX,"",FALSE,HMB-MDS,"",1767,SIDM00923,906824,""
ACH-000219,0.7682346815,0.822309763059294,CN-NonLow,CN Non-Low,5.0185542107,-0.5147193125,PT-3FxmoJ,A-375,A375,MEL,Skin,Melanoma,Melanoma,MEL,"",CVCL_0132,54,Adult,Female,"",Primary,skin,ATCC,"",CRL-1619,Cell Line,,"","","","","","","","","",Adherent,MF-002-001,DMEM + 10% FBS,FALSE,None,"","","","",A375_SKIN,"",FALSE,Approved for public sharing - CCLE,"",953,SIDM00795,906793,"ACH-002874, ACH-003606"
ACH-000544,0.7566882773,0.81285820916511,CN-NonLow,CN Non-Low,3.7323343754,-0.3848601489,PT-SDTBu5,OE21,OE21,ESCC,Esophagus/Stomach,Esophageal Squamous Cell Carcinoma,Esophageal Squamous Cell Carcinoma,ESCC,"",CVCL_2661,74,Adult,Male,"",Primary,oesophagus,HPACC,"","",Cell Line,,"","","","","","","","","",Adherent,MF-001-001,RPMI + 10% FBS,FALSE,None,"","","","",OE21_OESOPHAGUS,"",FALSE,Approved for public sharing - CCLE,"",2152,SIDM00478,1298359,""
ACH-002510,1.2369146891,1.161510236299,CN-NonLow,CN Non-Low,5.3907504082,-0.2320196068,PT-6g2PcW,M040416,M040416,ACRM,Skin,Melanoma,Acral Melanoma,ACRM,"",CVCL_A1UF,54,Adult,Male,"",Metastatic,skin,QIMR Berghofer,Nicholas Hayward,"",Cell Line,,"","","","","","","","","",Adherent,MF-001-001,RPMI + 10% FBS,FALSE,None,"","","","",M040416_SKIN,"",FALSE,In Progress,"",,"",,""
ACH-001061,0.9938263165,0.995539741111447,CN-NonLow,CN Non-Low,5.3295040131,-0.1544494571,PT-i0VYNQ,DLD-1,DLD1,COAD,Bowel,Colorectal Adenocarcinoma,Colon Adenocarcinoma,COAD,"",CVCL_0248,67,Adult,Male,"",Primary,large_intestine,ATCC,"",CCL-221,Cell Line,,"","","","","","","","","",Adherent,MF-001-001,RPMI + 10% FBS,FALSE,None,"","","","",DLD1_LARGE_INTESTINE,"",FALSE,Approved for public sharing - CCLE,"",,SIDM00787,,""
ACH-000364,0.6996411256,0.765230157554937,CN-NonLow,CN Non-Low,4.7518815994,-0.3269892803,PT-WN1oZd,U-2 OS,U2OS,OS,Bone,Osteosarcoma,Osteosarcoma,OS,"",CVCL_0042,15,Pediatric,Female,caucasian,Primary,bone,ATCC,"",HTB-96,Cell Line,,"","","","","","","","","",Adherent,MF-023-001,McCoy's 5A + 10% FBS,FALSE,None,"","","","",U2OS_BONE,"",TRUE,Approved for public sharing - CCLE,"",1145,SIDM01191,909776,""
ACH-000670,0.703465219,0.768472491086458,CN-NonLow,CN Non-Low,4.140443325,,PT-CGv0xl,SBC-5,SBC5,SCLC,Lung,Lung Neuroendocrine Tumor,Small Cell Lung Cancer,SCLC,"",CVCL_1679,65,Adult,Male,"",Metastatic,pleural_effusion,HSRRB,"",JCRB0819,Cell Line,,"","","","","","","","","",Adherent,"","",,None,"","","","",SBC5_LUNG,"",FALSE,Approved for public sharing - CCLE,"",999,SIDM00368,713880,""
ACH-003099,0.5017803917,0.586673860142867,CN-NonLow,CN Non-Low,5.3195567131,,PT-BHjOZY,UCSF-OT-1109,UCSFOT1109,OCSC,Head and Neck,Head and Neck Squamous Cell Carcinoma,Oral Cavity Squamous Cell Carcinoma,OCSC,"",CVCL_JE76,44,Adult,Female,"","",tongue,ATCC,"",CRL-3442,Cell Line,,"","","","","","","","","",Adherent,MF-002-001,DMEM + 10% FBS,FALSE,None,"","","","",UCSFOT1109_UPPER_AERODIGESTIVE_TRACT,"",FALSE,HMB-MDS,"",,"",,""
ACH-000358,1.9085354711,1.54029289868813,CN-NonLow,CN Non-Low,6.0475931168,,PT-XQlkPK,NCI-H69,NCIH69,SCLC,Lung,Lung Neuroendocrine Tumor,Small Cell Lung Cancer,SCLC,"",CVCL_1579,55,Adult,Male,caucasian,Metastatic,pleural_effusion,ATCC,"",HTB-119,Cell Line,,"","","","","","","","","",Suspension,MF-001-001,RPMI + 10% FBS,FALSE,None,"","","","",NCIH69_LUNG,"",FALSE,Approved for public sharing - CCLE,"",1016,SIDM01121,688027,""
ACH-002015,1.2354922834,1.16059256591197,CN-NonLow,CN Non-Low,5.3305225372,-0.1388009721,PT-N7xRpa,Mel285,MEL285,UM,Eye,Ocular Melanoma,Uveal Melanoma,UM,"",CVCL_C303,49,Adult,Female,"",Primary,uvea,Leiden University,"","",Cell Line,,"","","","","","","","","",Adherent,MF-001-022,RPMI + 20% FBS + 3mM Glutamine,FALSE,None,"","","","",MEL285_UVEA,"",FALSE,HMB-MDS,"",,"",,""
ACH-000596,0.7221347632,0.78419804319528,CN-NonLow,CN Non-Low,5.1022715569,-0.6316156428,PT-9Zamyo,LCLC-97TM1,LCLC97TM1,LCLC,Lung,Non-Small Cell Lung Cancer,Large Cell Lung Carcinoma,LCLC,"",CVCL_1376,44,Adult,Male,caucasian,Primary,lung,DSMZ,"","",Cell Line,,"","","","","","","","","",Adherent,MF-001-020,RPMI + 20% FBS,FALSE,None,"","","","",LCLC97TM1_LUNG,"",FALSE,Approved for public sharing - CCLE,"",485,SIDM00344,946361,""
ACH-002014,1.0259925819,1.01862889177199,CN-NonLow,CN Non-Low,4.9118447304,-0.6691177929,PT-5vJu3k,Mel270,MEL270,UM,Eye,Ocular Melanoma,Uveal Melanoma,UM,"",CVCL_C302,62,Adult,Male,"",Primary,uvea,Massachusetts General Hospital,"","",Cell Line,,"","","","","","","","","",Adherent,MF-001-022,RPMI + 20% FBS + 3mM Glutamine,FALSE,None,"","","","",MEL270_UVEA,"",FALSE,HMB-MDS,"",,"",,""
ACH-002018,1.1152205107,1.08080807143522,CN-NonLow,CN Non-Low,5.0849275589,-0.5214677576,PT-5vJu3k,Omm2.5,OMM25,UM,Eye,Ocular Melanoma,Uveal Melanoma,UM,"",CVCL_C307,62,Adult,Male,"",Metastatic,liver,Academic lab,"","",Cell Line,,"","","","","","","","","",Adherent,MF-001-022,RPMI + 20% FBS + 3mM Glutamine,FALSE,None,"","","","",OMM25_UVEA,"",FALSE,HMB-MDS,"",,"",,""
ACH-000516,1.0921280352,1.0649711451297,CN-NonLow,CN Non-Low,5.0632009506,-0.5395737457,PT-gEiUjw,CAL-78,CAL78,DDCHS,Bone,Chondrosarcoma,Dedifferentiated Chondrosarcoma,DDCHS,"",CVCL_1809,76,Adult,Male,"","",soft_tissue,DSMZ,"",ACC 449,Cell Line,,"","","","","","","","","",Adherent,MF-001-020,RPMI + 20% FBS,FALSE,None,"","","","",CAL78_BONE,"",FALSE,Approved for public sharing - CCLE,"",1148,SIDM00929,1290765,""
ACH-000762,0.7857008357,0.836490401285608,CN-NonLow,CN Non-Low,5.043261528,-1.2718717621,PT-M2rHki,YD-38,YD38,HNSC,Head and Neck,Head and Neck Squamous Cell Carcinoma,Head and Neck Squamous Cell Carcinoma,HNSC,"",CVCL_L083,67,Adult,Male,asian,"",upper_aerodigestive_tract,KCLB,"",60508,Cell Line,,"","","","","","","","","",Adherent,MF-001-001,RPMI + 10% FBS,FALSE,None,"","","","",YD38_UPPER_AERODIGESTIVE_TRACT,"",FALSE,Approved for public sharing - CCLE,"",,"",,""
ACH-001129,1.5853100217,1.3703372940608,CN-NonLow,CN Non-Low,5.6286687851,-0.4174076701,PT-ej13Dz,MONO-MAC-1,MONOMAC1,AMOL,Myeloid,Acute Myeloid Leukemia,Acute Monoblastic/Monocytic Leukemia,AMOL,KMT2A-MLLT3,CVCL_1425,64,Adult,Male,"",Primary,haematopoietic_and_lymphoid_tissue,DSMZ,"",ACC 252,Cell Line,,"","","","","","","","","",Suspension,MF-001-052,RPMI + 10% FBS + 2 mM Glutamine + 1x NEAA + 1 mM sodium pyruvate,FALSE,None,"","","","",MONOMAC1_HAEMATOPOIETIC_AND_LYMPHOID_TISSUE,"",TRUE,Approved for public sharing - CCLE,"",,SIDM01022,,""
ACH-002460,0.8408958324,0.880407993699369,CN-NonLow,CN Non-Low,4.9749283791,-0.6276542409,PT-czDcsE,HT-144_DAB_ROX_R,HT144DABROXR,MEL,Skin,Melanoma,Melanoma,MEL,"",CVCL_A1VK,29,Adult,Male,caucasian,Metastatic,skin,The Broad Institute,Francisca Vazquez,"",Cell Line,,"","","","","","","","","",Adherent,MF-001-001,RPMI + 10% FBS,FALSE,None,drug adapted,"",Dabrafenib and Roxadustat,"",HT144_SKIN_FV2_RESISTANT,"",FALSE,Approved for public sharing - CCLE,"",,"",,""
ACH-000050,1.5283733426,1.33820950930181,CN-NonLow,CN Non-Low,4.9580583572,,PT-HOg2sh,NCI-H929,NCIH929,PCM,Lymphoid,Mature B-Cell Neoplasms,Plasma Cell Myeloma,PCM,"",CVCL_1600,62,Adult,Female,caucasian,Metastatic,pleural_effusion,ATCC,"",CRL-9068,Cell Line,,"","","","","","","","","",Suspension,MF-001-006,RPMI + 10% FBS + 50uM 2-Mercaptoethanol,FALSE,None,"","","",SNP fingerprinting rules out K-562 contamination.,NCIH929_HAEMATOPOIETIC_AND_LYMPHOID_TISSUE,"",FALSE,Approved for public sharing - CCLE,"",1230,SIDM01148,724825,""
ACH-000592,1.0428235004,1.03056456085159,CN-NonLow,CN Non-Low,5.5065894127,-0.2097961733,PT-ruaWWk,TM-31,TM31,ASTR,CNS/Brain,Adult-Type Diffuse Glioma,"Astrocytoma, IDH-Mutant",ASTR,"",CVCL_6735,42,Adult,Female,"",Primary,central_nervous_system,RIKEN,"",RCB1731,Cell Line,,"","","","","","","","","",Adherent,MF-006-001,MEM + 10% FBS,FALSE,None,"","","","",TM31_CENTRAL_NERVOUS_SYSTEM,"",FALSE,Approved for public sharing - CCLE,"",,"",,""
ACH-000688,0.9068884431,0.931220445489132,CN-NonLow,CN Non-Low,4.9533815384,-0.1215957187,PT-iVAxAa,OV7,OV7,MXOV,Ovary/Fallopian Tube,Ovarian Epithelial Tumor,Mixed Ovarian Carcinoma,MXOV,"",CVCL_2675,78,Adult,Female,"",Primary,ovary,ECACC,"",96020764,Cell Line,,"","","","","","","","","",Adherent,MF-007-009,DMEM:F12 + 5% FBS + 2mM Glutamine + 10ug/ml Insulin + 0.5ug/ml Hydrocortisone,FALSE,None,"","","","",OV7_OVARY,"",FALSE,Approved for public sharing - CCLE,"",1985,SIDM00474,1480360,""
ACH-000381,0.3940935383,0.479327363727299,CN-Low,Shallow CN Loss,3.8115532398,-0.10860795,PT-3aeu41,T84,T84,COAD,Bowel,Colorectal Adenocarcinoma,Colon Adenocarcinoma,COAD,"",CVCL_0555,72,Adult,Male,"",Metastatic,lung,ATCC,"",CCL-248,Cell Line,,"","","","","","","","","",Adherent,MF-007-008,DMEM:F12 + 5% FBS,FALSE,None,"","","","",T84_LARGE_INTESTINE,"",FALSE,Approved for public sharing - CCLE,"",997,SIDM00782,909761,""
ACH-000637,0.8390478538,0.878959020555569,CN-NonLow,CN Non-Low,4.8313045502,-0.361817956,PT-bnLm4Y,KYSE-520,KYSE520,ESCC,Esophagus/Stomach,Esophageal Squamous Cell Carcinoma,Esophageal Squamous Cell Carcinoma,ESCC,"",CVCL_1355,58,Adult,Female,asian,Primary,oesophagus,DSMZ,"",ACC 371,Cell Line,,"","","","","","","","","",Adherent,MF-001-001,RPMI + 10% FBS,FALSE,None,"","","","",KYSE520_OESOPHAGUS,"",FALSE,Approved for public sharing - CCLE,"",894,SIDM01025,753575,""
ACH-000509,0.5917817045,0.670642499556699,CN-NonLow,CN Non-Low,4.7395186424,,PT-PrSlzw,HuT 78,HUT78,SS,Lymphoid,Mature T and NK Neoplasms,Sezary Syndrome,SS,"",CVCL_0337,53,Adult,Male,caucasian,"",haematopoietic_and_lymphoid_tissue,ATCC,"",TIB-161,Cell Line,,"","","","","","","","","",Suspension,MF-005-004,IMDM + 20% FBS,FALSE,None,"","","","",HUT78_HAEMATOPOIETIC_AND_LYMPHOID_TISSUE,"",FALSE,Approved for public sharing - CCLE,"",,SIDM00851,,""
ACH-002781,0.4793063638,0.564920864988619,CN-Low,Shallow CN Loss,4.1516885757,,PT-7qgq9Z,NCC-dCS1-C1,NCCDCS1C1,DDCHS,Bone,Chondrosarcoma,Dedifferentiated Chondrosarcoma,DDCHS,"",CVCL_UZ21,65,Adult,Female,"",Primary,Unknown,National Cancer Center Research Institute,Tadashi Kondo,"",Cell Line,,"","","","","","","","","",Adherent,MF-007-006,DMEM:F12 + 10% FBS + GlutaMAX,FALSE,None,"","","",Patient-derived model,NCCDCS1C1_BONE,"",FALSE,In Progress,"",,"",,""
ACH-003177,0.7316304371,0.792131064329634,CN-NonLow,CN Non-Low,4.3766236305,-0.6248675199,PT-72jDHL,NRH-UPS1,NRHUPS1,MFH,Soft Tissue,Undifferentiated Pleomorphic Sarcoma/Malignant Fibrous Histiocytoma/High-Grade Spindle Cell Sarcoma,Undifferentiated Pleomorphic Sarcoma/Malignant Fibrous Histiocytoma/High-Grade Spindle Cell Sarcoma,MFH,"","",38,Adult,Male,"",Metastatic,soft_tissue,"Oslo University Hospital, The Norwegian Radium Hospital",Ola Myklebost,"",Cell Line,,PDX,"",Post-treatment,"","","","","","",Mixed,MF-001-003,RPMI + 10% FBS + 2mM Glutamine,FALSE,None,"","","","",NRH-UPS1,"",TRUE,"","",,"",,""
ACH-000870,1.2934605024,1.19752606177683,CN-NonLow,CN Non-Low,5.4957909584,,PT-J3fuZ3,NCI-H1930,NCIH1930,SCLC,Lung,Lung Neuroendocrine Tumor,Small Cell Lung Cancer,SCLC,"",CVCL_1507,41,Adult,Male,caucasian,Metastatic,lymph_node,ATCC,"",CRL-5906,Cell Line,,"","","","","","","","","",Mixed,MF-001-001,RPMI + 10% FBS,FALSE,None,"","","","",NCIH1930_LUNG,"",FALSE,Approved for public sharing - CCLE,"",,"",,""
ACH-000133,1.3304746293,1.22062380707025,CN-NonLow,CN Non-Low,5.3651814461,-0.5388472739,PT-PvBEqK,Hs 729,HS729,ZFIB,Fibroblast,Non-Cancerous,Fibroblast,"","",CVCL_0871,74,Adult,Male,caucasian,Primary,Unknown,ATCC,"",HTB-153,Cell Line,,"","","","","","","","","",Adherent,MF-002-008,DMEM + 5% FBS,FALSE,None,"","","",Originally annotated as 'Embryonal Rhabdomyosarcoma' but after analysis we believe this line is a fibroblast.,HS729_SOFT_TISSUE,"",FALSE,Approved for public sharing - CCLE,"",,"",,""
ACH-001401,0.6490448144,0.721630605951924,CN-NonLow,CN Non-Low,4.3437914848,-0.4777411208,PT-7a0mgm,SW-13,SW13,ACC,Adrenal Gland,Adrenocortical Carcinoma,Adrenocortical Carcinoma,ACC,"",CVCL_0542,55,Adult,Female,"",Primary,autonomic_ganglia,ATCC,"",CCL-105,Cell Line,,"","","","","","","","","",Adherent,MF-021-001,L-15 + 10% FBS,FALSE,None,"","","","",SW13_ADRENAL_CORTEX,"",FALSE,HMB-MDS,"",270,SIDM00814,909744,""
ACH-000749,1.0738235872,1.05229317443247,CN-NonLow,CN Non-Low,4.7398319244,-0.2942266026,PT-d1NyBL,DMS 273,DMS273,SCLC,Lung,Lung Neuroendocrine Tumor,Small Cell Lung Cancer,SCLC,"",CVCL_1176,50,Adult,Female,"",Metastatic,pleural_effusion,ECACC,"",95062830,Cell Line,,"","","","","","","","","",Adherent,MF-020-001,Waymouth's MB 752_1 + 10% FBS,FALSE,None,"","","","",DMS273_LUNG,"",FALSE,Approved for public sharing - CCLE,"",1862,SIDM00522,687985,""
ACH-000044,1.0161779045,1.01162294569092,CN-NonLow,CN Non-Low,5.1861758232,,PT-HMBfbj,MDA-MB-134-VI,MDAMB134VI,ILC,Breast,Invasive Breast Carcinoma,Breast Invasive Lobular Carcinoma,ILC,"",CVCL_0617,47,Adult,Female,caucasian,Metastatic,pleural_effusion,ATCC,"","",Cell Line,,"","","","","","","","","",Adherent,MF-021-003,L-15 + 20% FBS,FALSE,None,"","","","",MDAMB134VI_BREAST,"",FALSE,Approved for public sharing - CCLE,luminal ER+,,SIDM00005,,""
ACH-000831,0.4900972647,0.575406504325362,CN-Low,Shallow CN Loss,3.8198726177,-0.5987362077,PT-cmj7jX,HEC-50B,HEC50B,UCEC,Uterus,Endometrial Carcinoma,Endometrial Carcinoma,UCEC,"",CVCL_2929,,Unknown,Female,asian,Metastatic,ascites,HSRRB,"",JCRB1145,Cell Line,,"","","","","","","","","",Adherent,"","",,None,"","","","",HEC50B_ENDOMETRIUM,"",FALSE,Approved for public sharing - CCLE,"",,"",,""
ACH-000323,1.0262213177,1.01879176372932,CN-NonLow,CN Non-Low,5.1716551781,-0.3154027156,PT-PE7kNG,42-MG-BA,42MGBA,GB,CNS/Brain,Adult-Type Diffuse Glioma,"Glioblastoma, IDH-Wildtype",GB,"",CVCL_1798,63,Adult,Male,"",Primary,central_nervous_system,DSMZ,"",ACC 431,Cell Line,,"","","","","","","","","",Adherent,MF-041-003,RPMI:EMEM (1:1) + 20% FBS,FALSE,None,"","","","",42MGBA_CENTRAL_NERVOUS_SYSTEM,"",FALSE,Approved for public sharing - CCLE,"",1465,SIDM00982,687561,""
ACH-002065,0.988388959,0.991599997509951,CN-NonLow,CN Non-Low,5.8358130455,,PT-KE06kr,HS-PSS,HSPSS,MPNST,Peripheral Nervous System,Nerve Sheath Tumor,Malignant Peripheral Nerve Sheath Tumor,MPNST,"",CVCL_8717,,Unknown,Male,"",Metastatic,prostate,RIKEN,"",RCB2362,Cell Line,,"","","","","","","","","",Adherent,MF-002-001,DMEM + 10% FBS,FALSE,None,"","","","",HSPSS_CENTRAL_NERVOUS_SYSTEM,"",FALSE,HMB-MDS,"",,"",,""
ACH-000022,0.6624837627,0.733340250035431,CN-NonLow,CN Non-Low,4.7882890701,-0.4674233683,PT-lVglGI,PA-TU-8988S,PATU8988S,PAAD,Pancreas,Pancreatic Adenocarcinoma,Pancreatic Adenocarcinoma,PAAD,"",CVCL_1846,64,Adult,Female,"",Metastatic,liver,DSMZ,"",ACC 204,Cell Line,,"","","","","","","","","",Adherent,MF-002-003,DMEM + 10% FBS + 2mM Glutamine,FALSE,None,"","","","",PATU8988S_PANCREAS,"",FALSE,Approved for public sharing - CCLE,"",,SIDM00452,,""
ACH-003171,0.8301793778,0.871985055492966,CN-NonLow,CN Non-Low,4.7224006653,-0.798463485,PT-i9JRNE,NRH-OS1,NRHOS1,OSOS,Bone,Osteosarcoma,Osteoblastic Osteosarcoma,OSOS,"","",24,Adult,Male,"",Primary,soft_tissue,"Oslo University Hospital, The Norwegian Radium Hospital",Ola Myklebost,"",Cell Line,,PDX,"",Pre-treatment,"","","","","","",Mixed,MF-001-001,RPMI + 10% FBS,FALSE,None,"","","","",NRH-OS1,"",TRUE,"","",,"",,""
ACH-000684,0.6006972649,0.678700481042239,CN-NonLow,CN Non-Low,4.0134620667,-0.5127923599,PT-wbA1oa,KMRC-1,KMRC1,CCRCC,Kidney,Renal Cell Carcinoma,Renal Clear Cell Carcinoma,CCRCC,"",CVCL_2983,,Adult,Male,"",Primary,kidney,HSRRB,"",JCRB1010,Cell Line,,"","","","","","","","","",Adherent,MF-002-001,DMEM + 10% FBS,FALSE,None,"","","","",KMRC1_KIDNEY,"",FALSE,Approved for public sharing - CCLE,"",1514,SIDM00611,1298168,""
ACH-002672,0.6828553934,0.750911212206859,CN-NonLow,CN Non-Low,5.7079029083,-0.2580717775,PT-yBlD98,MAPAC-HS-77,MAPACHS77,PAAD,Pancreas,Pancreatic Adenocarcinoma,Pancreatic Adenocarcinoma,PAAD,"",CVCL_LM84,64,Adult,Male,"",Primary,pancreas,DSMZ,"","",Cell Line,,"","","","","","","","","",Adherent,MF-007-011,DMEM:F12 + 20% horse serum,FALSE,None,"","","","",MAPACHS77_PANCREAS,"",FALSE,HMB-MDS,"",,"",,""
ACH-000522,0.93259138,0.950536631669399,CN-NonLow,CN Non-Low,4.4537086487,-0.2120144445,PT-sPPqcj,UM-UC-3,UMUC3,BLCA,Bladder/Urinary Tract,Bladder Urothelial Carcinoma,Bladder Urothelial Carcinoma,BLCA,"",CVCL_1783,,Unknown,Male,"",Primary,urinary_tract,ATCC,"",CRL-1749,Cell Line,,"","","","","","","","","",Adherent,MF-006-001,MEM + 10% FBS,FALSE,None,"","","","",UMUC3_URINARY_TRACT,"",FALSE,Approved for public sharing - CCLE,"",9,SIDM01182,724838,""
ACH-000098,0.6489368513,0.721536149496545,CN-NonLow,CN Non-Low,4.8135194778,-0.97204603,PT-HmIANs,GAMG,GAMG,GB,CNS/Brain,Adult-Type Diffuse Glioma,"Glioblastoma, IDH-Wildtype",GB,"",CVCL_1226,42,Adult,Female,"",Primary,central_nervous_system,DSMZ,"",ACC 242,Cell Line,,"","","","","","","","","",Adherent,MF-002-003,DMEM + 10% FBS + 2mM Glutamine,FALSE,None,"","","","",GAMG_CENTRAL_NERVOUS_SYSTEM,"",FALSE,Approved for public sharing - CCLE,"",1174,SIDM01055,906868,""
ACH-000074,0.8290522881,0.871096318774052,CN-NonLow,CN Non-Low,4.4266138077,-0.2038992513,PT-FJahu6,KU812,KU812,CMLBCRABL1,Myeloid,Myeloproliferative Neoplasms,"Chronic Myeloid Leukemia, BCR-ABL1+",CMLBCRABL1,"BCR::ABL1 (e14-a2), TP53 Lys132Arg",CVCL_0379,38,Adult,Male,asian,Primary,haematopoietic_and_lymphoid_tissue,ATCC,"",CRL-2099,Cell Line,,"","","","","","","","","",Adherent,MF-001-001,RPMI + 10% FBS,FALSE,None,"","","","",KU812_HAEMATOPOIETIC_AND_LYMPHOID_TISSUE,"",TRUE,Approved for public sharing - CCLE,BCR::ABL1,598,SIDM00308,907311,""
ACH-001647,0.6085872438,0.685794184535438,CN-NonLow,CN Non-Low,4.1260890961,-0.4130844919,PT-8Jr4Fd,SHI-1,SHI1,AML,Myeloid,Acute Myeloid Leukemia,Acute Myeloid Leukemia,AML,"AML-ETO, KMT2A-AFDN, KRAS Gln61His, TP53 Ile195Thr",CVCL_2191,37,Adult,Male,"",Metastatic,bone_marrow,DSMZ,"","",Cell Line,,"","","","","","","","","",Suspension,MF-005-004,IMDM + 20% FBS,FALSE,None,"","","","",SHI1_HAEMATOPOIETIC_AND_LYMPHOID_TISSUE,"",TRUE,HMB-MDS,"KMT2A::AFDN, PTPN11, KRAS",,"",,""
ACH-000890,0.6608734761,0.731942174230089,CN-NonLow,CN Non-Low,4.9855732918,-0.7767322885,PT-Np75OL,SW 1271,SW1271,SMARCA4-UT,Lung,SMARCA4-deficient undifferentiated tumor,SMARCA4-deficient undifferentiated tumor,"","",CVCL_1716,69,Adult,Male,caucasian,Primary,lung,ATCC,"",CRL-2177,Cell Line,,"","","","","","","","","",Adherent,MF-001-001,RPMI + 10% FBS,FALSE,None,"","","","",SW1271_LUNG,"",FALSE,Approved for public sharing - CCLE,"",2037,SIDM01156,1299062,""
ACH-002026,1.0052263401,1.00376509020141,CN-NonLow,CN Non-Low,5.4720849991,-0.1821792733,PT-cgXnS7,HHUA,HHUA,UCEC,Uterus,Endometrial Carcinoma,Endometrial Carcinoma,UCEC,"",CVCL_3866,54,Adult,Female,"",Primary,endometrium,RIKEN,"",RCB0658,Cell Line,,"","","","","","","","","",Adherent,MF-004-002,F12 + 15% FBS,FALSE,None,"","","","",HHUA_ENDOMETRIUM,"",FALSE,HMB-MDS,"",,"",,""
ACH-003313,0.8376741158,0.877880948779302,CN-NonLow,CN Non-Low,5.2616848946,,PT-b8Sqf8,HuLa-PC,HuLaPC,ZTRA,"",Non-Cancerous,Transformed cell line,"","",CVCL_UC74,,Fetus,Male,"",Primary,oral,ATCC,"",CRL-3342,Cell Line,,"","","","","","","","","",Adherent,"","",,None,"","","","","","",FALSE,"","",,"",,""
ACH-000698,1.8347773464,1.50323542516427,CN-NonLow,CN Non-Low,6.5629444122,0.034792269,PT-ERlBcq,DMS 53,DMS53,SCLC,Lung,Lung Neuroendocrine Tumor,Small Cell Lung Cancer,SCLC,"",CVCL_1177,54,Adult,Male,caucasian,Primary,lung,ATCC,"",CRL-2062,Cell Line,,"","","","","","","","","",Adherent,MF-001-001,RPMI + 10% FBS,FALSE,None,"","","","",DMS53_LUNG,"",FALSE,Approved for public sharing - CCLE,"",580,SIDM00523,907295,""
ACH-002834,0.6533242067,0.725369655988782,CN-NonLow,CN Non-Low,4.3891191483,-0.6644334503,PT-EcUHFc,OS384,OS384,OS,Bone,Osteosarcoma,Osteosarcoma,OS,"",CVCL_C8FU,13,Pediatric,Female,"",Primary,bone,UCSF Helen Diller Family Comprehensive Cancer Center,Alejandro Sweet-Cordero,"",Cell Line,,"","","","","","","","","",Adherent,MF-002-001,DMEM + 10% FBS,FALSE,None,"","","","",PSS131R_Osteosarcoma,"",TRUE,In Progress,"",,"",,""
ACH-000988,1.025582038,1.01833651672959,CN-NonLow,CN Non-Low,5.3184614182,-0.1265029218,PT-blqauC,MFE-319,MFE319,UASC,Uterus,Endometrial Carcinoma,Uterine Adenosquamous Carcinoma,UASC,"",CVCL_2112,81,Adult,Female,"",Primary,endometrium,DSMZ,"",ACC 423,Cell Line,,"","","","","","","","","",Adherent,MF-041-001,RPMI:EMEM (1:1) + 10% FBS,FALSE,None,"","","","",MFE319_ENDOMETRIUM,"",FALSE,Approved for public sharing - CCLE,"",1816,SIDM00333,1240174,""
ACH-001502,0.8199853275,0.863926819639184,CN-NonLow,CN Non-Low,4.4118599892,-0.0380784479,PT-xmuA7w,GCT-27,GCT27,TT,Testis,Non-Seminomatous Germ Cell Tumor,Teratoma,TT,"",CVCL_A344,,Unknown,Male,"",Primary,Embryonal,DSMZ,"",ACC-743,Cell Line,,"","","","","","","","","",Adherent,MF-001-026,RPMI + 20% FBS + 100nM hydrocortisone,FALSE,None,"","","","",GCT27_TESTIS,"",FALSE,HMB-MDS,"",,"",,""
ACH-002039,0.5879632953,0.667177565943933,CN-NonLow,CN Non-Low,5.3277878761,-1.7455498435,PT-mXNlfw,PK-8,PK8,PAAD,Pancreas,Pancreatic Adenocarcinoma,Pancreatic Adenocarcinoma,PAAD,"",CVCL_4718,,Unknown,Unknown,"",Metastatic,liver,RIKEN,"",RCB2700,Cell Line,,"","","","","","","","","",Adherent,MF-001-001,RPMI + 10% FBS,FALSE,None,"","","","",PK8_PANCREAS,"",FALSE,HMB-MDS,"",,"",,""
ACH-001280,1.298292992,1.20056272799316,CN-NonLow,CN Non-Low,5.5770845413,-0.406402996,PT-u27nif,SCS-214,SCS214,SYNS,Soft Tissue,Synovial Sarcoma,Synovial Sarcoma,SYNS,"",CVCL_WU91,,Pediatric,Unknown,"","",soft_tissue,The Broad Institute,Cigall Kadoch,"",Cell Line,,"","","","","","","","","",Adherent,MF-002-009,DMEM + 20% FBS,FALSE,None,"","","","",SCS214_SOFT_TISSUE,"",TRUE,In Progress,"",,"",,""
ACH-002708,1.2019759251,1.13879869554683,CN-NonLow,CN Non-Low,5.2159891129,-0.2398698257,PT-03AcoW,DL-221,DL221,MRLS,Soft Tissue,Liposarcoma,Myxoid/Round-Cell Liposarcoma,MRLS,"",CVCL_DQ91,42,Adult,Male,"",Metastatic,pleura,The Broad Institute,Cigall Kadoch,"",Cell Line,,"","","","","","","","","",Adherent,MF-002-001,DMEM + 10% FBS,FALSE,None,"","","","",DL221_SOFT_TISSUE,"",FALSE,"","",,"",,""
ACH-000867,0.9398933056,0.955977306167707,CN-NonLow,CN Non-Low,4.8729224205,-0.1147879583,PT-3nyeTa,ChaGo-K-1,CHAGOK1,NSCLC,Lung,Non-Small Cell Lung Cancer,Non-Small Cell Lung Cancer,NSCLC,"",CVCL_1121,45,Adult,Male,"",Metastatic,lung,ECACC,"",96020948,Cell Line,,"","","","","","","","","",Adherent,MF-001-001,RPMI + 10% FBS,FALSE,None,"","","","",CHAGOK1_LUNG,"",FALSE,Approved for public sharing - CCLE,"",1605,SIDM00924,687596,""
ACH-000145,1.1295796476,1.09056868858687,CN-NonLow,CN Non-Low,5.3136487007,-0.3153467541,PT-LH2axx,SK-LMS-1,SKLMS1,LMS,Soft Tissue,Leiomyosarcoma,Leiomyosarcoma,LMS,"",CVCL_0628,43,Adult,Female,caucasian,Primary,soft_tissue,ATCC,"",HTB-88,Cell Line,,"","","","","","","","","",Adherent,MF-015-001,EMEM + 10% FBS,FALSE,None,"","","","",SKLMS1_SOFT_TISSUE,"",FALSE,Approved for public sharing - CCLE,"",1641,SIDM01109,909720,""
ACH-000618,1.1141627592,1.08008644713306,CN-NonLow,CN Non-Low,5.6390032768,-0.2536677968,PT-BJe5Qe,SNU-1041,SNU1041,HPHSC,Head and Neck,Head and Neck Squamous Cell Carcinoma,Hypopharynx Squamous Cell Carcinoma,HPHSC,"",CVCL_L085,58,Adult,Male,"","",upper_aerodigestive_tract,KCLB,"",1041,Cell Line,,"","","","","","","","","",Adherent,"","",,None,"","","","",SNU1041_UPPER_AERODIGESTIVE_TRACT,"",FALSE,Approved for public sharing - CCLE,"",,SIDM00173,,""
ACH-002021,0.7031741791,0.768225983151579,CN-NonLow,CN Non-Low,5.0880103111,-0.4184055327,PT-UGz23U,T3M-3,T3M3,UCCA,Uterus,Gestational Trophoblastic Disease,Choriocarcinoma,UCCA,"",CVCL_8065,,Unknown,Female,"",Primary,Placenta,RIKEN,"",RCB1018,Cell Line,,"","","","","","","","","",Adherent,MF-004-001,F12 + 10% FBS,FALSE,None,"","","","",T3M3_PLACENTA,"",FALSE,HMB-MDS,"",,"",,""
ACH-000263,1.0519640481,1.03700545410178,CN-NonLow,CN Non-Low,4.8086681366,-0.2180052946,PT-uzWVHa,KASUMI-1,KASUMI1,AML,Myeloid,Acute Myeloid Leukemia,Acute Myeloid Leukemia,AML,"RUNX1-RUNX1T1 (AML1-ETO), KIT N822K, RAD21 K330F, TP53 R248Q",CVCL_0589,7,Pediatric,Male,asian,Primary,haematopoietic_and_lymphoid_tissue,DSMZ,"",CRL-2724,Cell Line,,"","","","","","","","","",Suspension,MF-001-001,RPMI + 10% FBS,FALSE,None,"","","","",KASUMI1_HAEMATOPOIETIC_AND_LYMPHOID_TISSUE,"",TRUE,Approved for public sharing - CCLE,"RUNX1::RUNX1T1, TP53, RAD21 and KIT",1196,SIDM01005,907275,""
ACH-000721,1.1900506684,1.1309642480017,CN-NonLow,CN Non-Low,4.8303718567,-0.2373224967,PT-tXW4rS,HMC-1-8,HMC18,IDC,Breast,Invasive Breast Carcinoma,Breast Invasive Ductal Carcinoma,IDC,"",CVCL_2949,35,Adult,Female,asian,Metastatic,pleural_effusion,HSRRB,"","",Cell Line,,"","","","","","","","","",Adherent,MF-001-001,RPMI + 10% FBS,FALSE,None,"","","","",HMC18_BREAST,"",FALSE,Approved for public sharing - CCLE,basal_B TNBC,,"",,""
ACH-002464,1.0291311161,1.02086209054338,CN-NonLow,CN Non-Low,5.5341768265,-0.0788506969,PT-JWRsco,RPE1-ss6,RPE1SS6,ZIMMEPCRT,Eye,Non-Cancerous,"Immortalized Epithelial Cells, Retinal","","",CVCL_C8DS,,Unknown,Female,"","",eye,Tel Aviv University,Uri Ben-David,"",Cell Line,,"","","","","","","","","",Adherent,MF-002-001,DMEM + 10% FBS,FALSE,None,engineered clone,Single trisomy ch7 after treatment w/ Reversine,"","",RPE1SS6_ENGINEERED,"",FALSE,HMB-MDS,"",,"",,""
ACH-000810,0.9335994395,0.951288960016564,CN-NonLow,CN Non-Low,4.8874864578,-0.2459843662,PT-1TshCj,SK-MEL-30,SKMEL30,SKCM,Skin,Melanoma,Cutaneous Melanoma,SKCM,"",CVCL_0039,67,Adult,Male,caucasian,Metastatic,skin,DSMZ,"",ACC 151,Cell Line,,"","","","","","","","","",Adherent,MF-001-001,RPMI + 10% FBS,FALSE,None,"","","","",SKMEL30_SKIN,"",FALSE,Approved for public sharing - CCLE,"",1789,SIDM00392,909726,""
ACH-000758,0.4849002827,0.570366051238465,CN-Low,Shallow CN Loss,5.7605004311,-1.3748114785,PT-T2KFTw,MKN74,MKN74,TSTAD,Esophagus/Stomach,Esophagogastric Adenocarcinoma,Tubular Stomach Adenocarcinoma,TSTAD,"",CVCL_2791,37,Adult,Male,asian,Metastatic,liver,HSRRB,"",JCRB0255,Cell Line,,"","","","","","","","","",Adherent,MF-001-001,RPMI + 10% FBS,FALSE,None,"","","","",MKN74_STOMACH,"",FALSE,Approved for public sharing - CCLE,"",,SIDM00248,,""
ACH-002693,0.6003996329,0.678432202870503,CN-NonLow,CN Non-Low,3.7308681011,-0.4396159006,PT-DyxJsT,S462,S462,MPNST,Peripheral Nervous System,Nerve Sheath Tumor,Malignant Peripheral Nerve Sheath Tumor,MPNST,"",CVCL_1Y70,,Unknown,Female,"",Unknown,Unknown,Cincinnati Children's Hospital,Nancy Ratner,"",Cell Line,,"","","","","","","","","",Adherent,MF-002-001,DMEM + 10% FBS,FALSE,None,"","","","",S462_SOFT_TISSUE,"",TRUE,HMB-MDS,NF1_Mutant,,"",,""
ACH-002677,1.0173280013,1.01244567362718,CN-NonLow,CN Non-Low,5.0435633659,-0.2946114203,PT-6AFvnc,U-2946,U2946,DLBCLNOS,Lymphoid,Mature B-Cell Neoplasms,"Diffuse Large B-Cell Lymphoma, NOS",DLBCLNOS,"",CVCL_X503,52,Adult,Male,"",Metastatic,pleural_effusion,DSMZ,"",ACC-795,Cell Line,,"","","","","","","","","",Suspension,MF-001-001,RPMI + 10% FBS,FALSE,None,"","","","",U2946_HAEMATOPOIETIC_AND_LYMPHOID_TISSUE,"",FALSE,HMB-MDS,"",,"",,""
ACH-000129,0.8976375916,0.924204494611713,CN-NonLow,CN Non-Low,5.4053659439,,PT-jzLNtr,NCI-H1341,NCIH1341,SCNEC,Cervix,Small Cell Neuroendocrine Carcinoma of the Cervix,Small Cell Neuroendocrine Carcinoma of the Cervix,"","",CVCL_1463,26,Adult,Female,"",Metastatic,cervix,ATCC,"",CRL-5864,Cell Line,,"","","","","","","","","",Suspension,MF-007-014,DMEM:F12 + 0.5% BSA + 2mM Glutamine + 10mM HEPES + 500uM sodium pyruvate + 20ug/ml Insulin + 10ug/ml Transferrin + 25nM Sodium Selenite + 50nM Hydrocortisone + 1ng/ml EGF + 10uM Ethanolamine + 10uM Phosphorylethanolamine + 100pM Triiodo-L-Thyronine,TRUE,None,"","","",Possibly misidentified. This line was originally though to be SCLC but has been reclassified as a Small Cell Neuroendocrine Carcinoma of the Cervix based on evidence from PMID: 38180245,NCIH1341_LUNG,"",FALSE,Approved for public sharing - CCLE,"",1825,SIDM00646,1330964,""
ACH-000647,0.4146913903,0.500487368786603,CN-Low,Shallow CN Loss,4.301302433,-0.8331471855,PT-bxGrwa,TE-1,TE1,ESCC,Esophagus/Stomach,Esophageal Squamous Cell Carcinoma,Esophageal Squamous Cell Carcinoma,ESCC,"",CVCL_1759,58,Adult,Male,"",Primary,oesophagus,JCRB,"",Cannot find on JCRB website,Cell Line,,"","","","","","","","","",Adherent,MF-001-001,RPMI + 10% FBS,FALSE,None,"","","","",TE1_OESOPHAGUS,"",FALSE,Approved for public sharing - CCLE,"",1493,SIDM00369,753621,""
ACH-000880,0.4838762384,0.569370770063641,CN-Low,Shallow CN Loss,4.5060305595,-0.9841610301,PT-VHRCrj,AGS,AGS,STAD,Esophagus/Stomach,Esophagogastric Adenocarcinoma,Stomach Adenocarcinoma,STAD,"",CVCL_0139,54,Adult,Female,caucasian,Primary,stomach,ATCC,"",CRL-1739,Cell Line,,"","","","","","","","","",Adherent,MF-028-001,F-12K + 10% FBS,FALSE,None,"","","","",AGS_STOMACH,"",FALSE,Approved for public sharing - CCLE,"",1011,SIDM00850,906790,""
ACH-000163,1.1785026478,1.12333686673741,CN-NonLow,CN Non-Low,5.458129406,-0.3100286805,PT-llVV5F,SW579,SW579,HNSC,Head and Neck,Head and Neck Squamous Cell Carcinoma,Head and Neck Squamous Cell Carcinoma,HNSC,"",CVCL_3603,59,Adult,Male,asian,Primary,thyroid,ATCC,"",HTB-107,Cell Line,,"","","","","","","","","",Adherent,MF-002-001,DMEM + 10% FBS,FALSE,None,"","","","",SW579_THYROID,"",FALSE,Approved for public sharing - CCLE,"",,SIDM01167,,""
ACH-000463,0.9007402278,0.926561373820558,CN-NonLow,CN Non-Low,4.2941060066,-0.3824092114,PT-gfHIRD,NCI-H460,NCIH460,LCLC,Lung,Non-Small Cell Lung Cancer,Large Cell Lung Carcinoma,LCLC,"",CVCL_0459,,Unknown,Male,"",Metastatic,pleural_effusion,ATCC,"",HTB-177,Cell Line,,"","","","","","","","","",Adherent,MF-001-001,RPMI + 10% FBS,FALSE,None,"","","","",NCIH460_LUNG,"",FALSE,Approved for public sharing - CCLE,"",2146,SIDM00144,905943,""
ACH-002705,0.8983048324,0.924711680915207,CN-NonLow,CN Non-Low,5.6223649979,-0.3228109581,PT-qcon1I,IS076P,IS076P,ESCA,Esophagus/Stomach,Esophagogastric Adenocarcinoma,Esophageal Adenocarcinoma,ESCA,"","",83,Adult,Male,"",Primary,oesophagus,Peter MacCallum Cancer Centre,Nicholas Clemons,"",Cell Line,,PDX,"",Pre-treatment,"","","","","","",Adherent,MF-001-001,RPMI + 10% FBS,FALSE,None,"","","","",IS076P_OESOPHAGUS,"",FALSE,"","",,"",,""
ACH-000444,0.8691632013,0.902392539884049,CN-NonLow,CN Non-Low,4.6388845444,-0.047535109,PT-IpPvfc,LU99,LU99,GCLC,Lung,Non-Small Cell Lung Cancer,Giant Cell Carcinoma of the Lung,GCLC,"",CVCL_3015,63,Adult,Male,asian,Metastatic,pleura,HSRRB,"",JCRB0080,Cell Line,,"","","","","","","","","",Adherent,MF-001-001,RPMI + 10% FBS,FALSE,None,"","","","",LU99_LUNG,"",FALSE,Approved for public sharing - CCLE,"",,SIDM00546,,""
ACH-000359,0.9190536584,0.940395051098332,CN-NonLow,CN Non-Low,4.6012506485,-1.3045668878,PT-qWqYVi,MG-63,MG63,OS,Bone,Osteosarcoma,Osteosarcoma,OS,CDKN2A(del),CVCL_0426,14,Pediatric,Male,caucasian,Primary,bone,ATCC,"",CRL -1428,Cell Line,,"","","","","","","","","",Adherent,MF-015-001,EMEM + 10% FBS,FALSE,None,"","","","",MG63_BONE,"",TRUE,Approved for public sharing - CCLE,"",2170,SIDM00525,908131,""
ACH-001978,1.018462457,1.01325675322733,CN-NonLow,CN Non-Low,4.8382911682,,PT-FeO3BH,NZM1,NZM1,MEL,Skin,Melanoma,Melanoma,MEL,"",CVCL_D815,47,Adult,Male,"",Metastatic,lymph_node,CellBank Australia,"","",Cell Line,,"","","","","","","","","",Adherent,MF-003-003,AlphaMEM + 5% FBS + 1X Insulin-Transferrin-Selenium,FALSE,None,"","","","",NZM1_SKIN,"",FALSE,HMB-MDS,"",,"",,""
ACH-003071,1.3583149185,1.23775638202515,CN-NonLow,CN Non-Low,5.8219909668,,PT-LAGmLq,NCI-H748,NCIH748,SCLC,Lung,Lung Neuroendocrine Tumor,Small Cell Lung Cancer,SCLC,"",CVCL_1588,62,Adult,Male,"",Primary,lung,ATCC,"",CRL-5841,Cell Line,,"","","","","","","","","",Suspension,MF-001-001,RPMI + 10% FBS,FALSE,None,"","","","",NCIH748_LUNG,"",FALSE,HMB-MDS,"",,"",,ACH-002176
ACH-000807,0.9729556165,0.980358501638983,CN-NonLow,CN Non-Low,5.1452903748,-0.2526223549,PT-Yppu5U,SNU-738,SNU738,ADIFG,CNS/Brain,Adult-Type Diffuse Glioma,Adult-Type Diffuse Glioma,ADIFG,"",CVCL_5087,40,Adult,Male,asian,Primary,central_nervous_system,KCLB,"","",Cell Line,,"","","","","","","","","",Adherent,"","",,None,"","","","",SNU738_CENTRAL_NERVOUS_SYSTEM,"",FALSE,Approved for public sharing - CCLE,"",,"",,""
ACH-002498,0.9496933786,0.963247254254026,CN-NonLow,CN Non-Low,4.4708819389,,PT-w5ZBmU,SU-DHL-2,SUDHL2,ABC,Lymphoid,Mature B-Cell Neoplasms,Activated B-cell Type,ABC,"",CVCL_9550,73,Adult,Female,"",Metastatic,pleural_effusion,ATCC,"",CRL-2956,Cell Line,,"","","","","","","","","",Suspension,MF-001-001,RPMI + 10% FBS,FALSE,None,"","","","",SUDHL2_HAEMATOPOIETIC_AND_LYMPHOID_TISSUE,"",FALSE,"","",,"",,""
ACH-001436,0.3757460909,0.460214229341672,CN-Low,Shallow CN Loss,,-0.395576757,PT-CzGU9G,1411H,1411H,TYST,Testis,Non-Seminomatous Germ Cell Tumor,Yolk Sac Tumor,TYST,"",CVCL_2268,17,Pediatric,Male,"",Primary,Embryonal,Sigma-Aldrich,"",6011805,Cell Line,,"","","","","","","","","",Adherent,MF-002-003,DMEM + 10% FBS + 2mM Glutamine,FALSE,None,"","","","",1411H_TESTIS,"",TRUE,HMB-MDS,"",,"",,""
ACH-002678,0.9791801384,0.984902927670453,CN-NonLow,CN Non-Low,5.2037882805,-0.3253225714,PT-EV9I7F,WILL-1,WILL1,DLBCLNOS,Lymphoid,Mature B-Cell Neoplasms,"Diffuse Large B-Cell Lymphoma, NOS",DLBCLNOS,"",CVCL_1900,82,Adult,Male,"","",bone_marrow,DSMZ,"",ACC-651,Cell Line,,"","","","","","","","","",Suspension,MF-001-020,RPMI + 20% FBS,FALSE,None,"","","","",WILL1_HAEMATOPOIETIC_AND_LYMPHOID_TISSUE,"",FALSE,HMB-MDS,"",,"",,""
ACH-000781,0.96175518,0.972145009631526,CN-NonLow,CN Non-Low,4.555079937,-0.246643687,PT-CKs1VS,NCI-H2023,NCIH2023,LUAD,Lung,Non-Small Cell Lung Cancer,Lung Adenocarcinoma,LUAD,"",CVCL_1515,26,Adult,Male,caucasian,Metastatic,lymph_node,ATCC,"",CRL-5912,Cell Line,,"","","","","","","","","",Adherent,MF-007-010,DMEM:F12 + 5% FBS + 2mM Glutamine + 5ug/ml Insulin + 10ug/ml Transferrin + 30nM Selenium + 10nM Hydrocortisone + 10nM beta-Estradiol,FALSE,None,"","","","",NCIH2023_LUNG,"",FALSE,Approved for public sharing - CCLE,"",1266,SIDM00753,1240187,""
ACH-001232,0.9213875441,0.942148540118137,CN-NonLow,CN Non-Low,5.2331519127,-0.2415247764,PT-Qe9Gjx,UW228,UW228,MBLNOS,CNS/Brain,Embryonal Tumor,"Medulloblastoma, NOS",MBLNOS,"",CVCL_8585,9,Pediatric,Male,"",Primary,central_nervous_system,Dana-Farber Cancer Institute,Mimi Bandhyopadhyay,"",Cell Line,,"","","","","","","","","",Adherent,MF-007-002,DMEM:F12 + 10% FBS + 2mM Glutamine,FALSE,None,"","","",Cell line thought to be female but has Y chromosome expression.,UW228_CENTRAL_NERVOUS_SYSTEM,"",TRUE,HMB-MDS,MYC_No,,"",,""
ACH-002059,1.2050758871,1.14082830660317,CN-NonLow,CN Non-Low,5.9308719635,-0.1391367399,PT-reOMOW,P30/OHK,P30OHK,BALL,Lymphoid,B-Cell Acute Lymphoblastic Leukemia,B-Cell Acute Lymphoblastic Leukemia,"",MEF2D-HNRNPUL1 [only in PMID: 35354797. Not consistent with Karyotyping results in DSMZ],CVCL_1631,11,Pediatric,Female,"",Primary,bone_marrow,RIKEN,RIKEN; DSMZ,RCB1938; ACC 727,Cell Line,,"","","","","","","","","",Suspension,MF-001-001,RPMI + 10% FBS,FALSE,None,"","","","",P30OHK_HAEMATOPOIETIC_AND_LYMPHOID_TISSUE,"",TRUE,HMB-MDS,MEF2D::HNRNPUL1,,SIDM00364,,ACH-003507
ACH-002052,1.3996440739,1.26282043462575,CN-NonLow,CN Non-Low,5.8341298103,-0.1357692511,PT-0531Uw,Lu-139,LU139,SCLC,Lung,Lung Neuroendocrine Tumor,Small Cell Lung Cancer,SCLC,"",CVCL_1390,63,Adult,Male,"",Primary,lung,RIKEN,"",RCB0469,Cell Line,,"","","","","","","","","",Suspension,MF-001-001,RPMI + 10% FBS,FALSE,None,"","","","",LU139_LUNG,"",FALSE,HMB-MDS,"",,SIDM00293,,""
ACH-000468,0.5236395602,0.607521652034248,CN-NonLow,CN Non-Low,4.7939949036,-0.9427715913,PT-Ej6iPJ,PK-45H,PK45H,PAAD,Pancreas,Pancreatic Adenocarcinoma,Pancreatic Adenocarcinoma,PAAD,"",CVCL_6748,,Unknown,Unknown,"",Primary,pancreas,RIKEN,"",RCB1973,Cell Line,,"","","","","","","","","",Adherent,MF-001-001,RPMI + 10% FBS,FALSE,None,"","","","",PK45H_PANCREAS,"",FALSE,Approved for public sharing - CCLE,"",,"",,""
ACH-000608,0.4001436722,0.485574873267086,CN-Low,Shallow CN Loss,4.6868872643,-0.4069676883,PT-lr2HyG,COV644,COV644,MOV,Ovary/Fallopian Tube,Ovarian Epithelial Tumor,Mucinous Ovarian Cancer,MOV,"",CVCL_2425,,Unknown,Female,"",Primary,ovary,ECACC,"",7071908,Cell Line,,"","","","","","","","","",Adherent,MF-002-003,DMEM + 10% FBS + 2mM Glutamine,FALSE,None,"","","","",COV644_OVARY,"",FALSE,Approved for public sharing - CCLE,"",,"",,""
ACH-001982,1.2163572352,1.14819043550007,CN-NonLow,CN Non-Low,5.5901107788,-0.1374379805,PT-6BEu4D,NZM3,NZM3,MEL,Skin,Melanoma,Melanoma,MEL,"",CVCL_D828,69,Adult,Male,"",Metastatic,lymph_node,CellBank Australia,"","",Cell Line,,"","","","","","","","","",Adherent,MF-003-003,AlphaMEM + 5% FBS + 1X Insulin-Transferrin-Selenium,FALSE,None,"","","","",NZM3_SKIN,"",FALSE,HMB-MDS,"",,"",,""
ACH-001366,0.8417688335,0.881091995364204,CN-NonLow,CN Non-Low,4.2482919693,-0.4128700213,PT-jZHQTi,NGP,NGP,NBL,Peripheral Nervous System,Neuroblastoma,Neuroblastoma,NBL,"",CVCL_2141,2,Pediatric,Male,"",Metastatic,lung,DSMZ,"",ACC-676,Cell Line,,"","","","","","","","","",Adherent,MF-002-001,DMEM + 10% FBS,FALSE,None,"","","","",NGP_AUTONOMIC_GANGLIA,"",TRUE,HMB-MDS,MYC_Amplified,,"",,""
ACH-000019,0.5623744672,0.643740277567673,CN-NonLow,CN Non-Low,4.3020629883,0.0569026992,PT-viJKnw,MCF-7,MCF7,BRCA,Breast,Invasive Breast Carcinoma,Invasive Breast Carcinoma,BRCA,"",CVCL_0031,69,Adult,Female,caucasian,Metastatic,pleural_effusion,ATCC,"",HTB-22,Cell Line,,"","","","","","","","","",Adherent,MF-015-010,EMEM + 10% FBS + 0.01 mg/ml recombinant insulin,FALSE,None,"","","","",MCF7_BREAST,"",FALSE,Approved for public sharing - CCLE,ER+,588,SIDM00148,905946,""
ACH-001385,1.0162088968,1.0116451223519,CN-NonLow,CN Non-Low,3.8578615189,-0.2192943138,PT-a3pn8l,RPMI 2650,RPMI2650,NMCHN,Head and Neck,"Head and Neck Carcinoma, Other",NUT Midline Carcinoma of the Head and Neck,NMCHN,"",CVCL_1664,52,Adult,Male,"",Metastatic,pleural_effusion,ATCC,"",CCL-30,Cell Line,,"","","","","","","","","",Adherent,MF-015-001,EMEM + 10% FBS,FALSE,None,"","","","",RPMI2650_UPPER_AERODIGESTIVE_TRACT,"",FALSE,HMB-MDS,"",1163,SIDM00809,909700,""
ACH-000844,1.4935173527,1.3181822429337,CN-NonLow,CN Non-Low,5.964278698,,PT-fTe5Dw,DMS 454,DMS454,SCLC,Lung,Lung Neuroendocrine Tumor,Small Cell Lung Cancer,SCLC,"",CVCL_2438,,Unknown,Male,"",Primary,lung,ECACC,"","",Cell Line,,"","","","","","","","","",Adherent,"","",,None,"","","","",DMS454_LUNG,"",FALSE,Approved for public sharing - CCLE,"",,"",,""
ACH-002651,1.0432112986,1.03083840802579,CN-NonLow,CN Non-Low,4.2470617294,,PT-av0qCC,FKH-1,FKH1,AML,Myeloid,Acute Myeloid Leukemia,Acute Myeloid Leukemia,AML,"DEK-NUP214, ETV6-ABL1",CVCL_2041,61,Adult,Male,"",Primary,haematopoietic_and_lymphoid_tissue,DSMZ,"",ACC 614,Cell Line,,"","","","","","","","","",Suspension,MF-001-020,RPMI + 20% FBS,FALSE,None,"","","","",FKH1_HAEMATOPOIETIC_AND_LYMPHOID_TISSUE,"",TRUE,HMB-MDS,"DEK::NUP214, ETV6::ABL1, GATA2 and EZH2",,"",,""
ACH-000221,0.552927028,0.634990039116102,CN-NonLow,CN Non-Low,3.4023933411,-0.4221359735,PT-7v9ThA,SNU-398,SNU398,HCC,Liver,Hepatocellular Carcinoma,Hepatocellular Carcinoma,HCC,"",CVCL_0077,42,Adult,Male,asian,Primary,liver,ATCC,"",CRL-2233,Cell Line,,"","","","","","","","","",Adherent,MF-001-001,RPMI + 10% FBS,FALSE,None,"","","","",SNU398_LIVER,"",FALSE,Approved for public sharing - CCLE,"",2169,SIDM01181,1240217,""
ACH-000837,0.8953979994,0.922500820149127,CN-NonLow,CN Non-Low,5.3379821777,-0.2892959637,PT-9eMhTl,NCI-H322,NCIH322,LUAD,Lung,Non-Small Cell Lung Cancer,Lung Adenocarcinoma,LUAD,"",CVCL_1556,52,Adult,Male,caucasian,Primary,lung,ECACC,"",95111734,Cell Line,,"","","","","","","","","",Adherent,MF-001-003,RPMI + 10% FBS + 2mM Glutamine,FALSE,None,"","","","",NCIH322_LUNG,"",FALSE,Approved for public sharing - CCLE,"",,SIDM00117,,""
ACH-000259,1.0603565797,1.04289404189703,CN-NonLow,CN Non-Low,4.3025822639,-0.2086255111,PT-S07K7h,KELLY,KELLY,NBL,Peripheral Nervous System,Neuroblastoma,Neuroblastoma,NBL,"",CVCL_2092,1,Pediatric,Female,"",Primary,autonomic_ganglia,DSMZ,"",ACC 355,Cell Line,,"","","","","","","","","",Adherent,MF-001-001,RPMI + 10% FBS,FALSE,None,"","","","",KELLY_AUTONOMIC_GANGLIA,"",TRUE,Approved for public sharing - CCLE,MYC_Amplified,225,SIDM01009,753618,""
ACH-000788,0.9652657536,0.974724414507734,CN-NonLow,CN Non-Low,4.9216551781,-0.1513664544,PT-ZSJTWI,A2058,A2058,MEL,Skin,Melanoma,Melanoma,MEL,"",CVCL_1059,43,Adult,Male,caucasian,Metastatic,lymph_node,ATCC,"",CRL-11147,Cell Line,,"","","","","","","","","",Adherent,MF-002-001,DMEM + 10% FBS,FALSE,None,"","","","",A2058_SKIN,"",FALSE,Approved for public sharing - CCLE,"",652,SIDM00797,906792,""
ACH-002650,0.3351223939,0.416972003320091,CN-Low,Shallow CN Loss,4.0969872475,-2.3829578472,PT-6fwwV7,ETCC-016,ETCC016,LUAD,Lung,Non-Small Cell Lung Cancer,Lung Adenocarcinoma,LUAD,"",CVCL_Y086,53,Adult,Male,"",Metastatic,pleural_effusion,DSMZ,"","",Cell Line,,"","","","","","","","","",Adherent,MF-002-001,DMEM + 10% FBS,FALSE,None,"","","","",ETCC016_LUNG,"",FALSE,HMB-MDS,"",,"",,""
ACH-001188,1.0418592573,1.02988342655209,CN-NonLow,CN Non-Low,5.1974682808,-0.2321466672,PT-ombRgU,SH-SY5Y,SHSY5Y,NBL,Peripheral Nervous System,Neuroblastoma,Neuroblastoma,NBL,"",CVCL_0019,4,Pediatric,Female,"",Metastatic,bone_marrow,ATCC,"",CRL-2266,Cell Line,,"","","","","","","","","",Adherent,MF-027-001,EMEM:F12 + 10% FBS,FALSE,None,"","","","",SHSY5Y_AUTONOMIC_GANGLIA,"",TRUE,Approved for public sharing - CCLE,MYC_Amplified,,SIDM01236,,""
ACH-000792,0.8331810893,0.874349308371324,CN-NonLow,CN Non-Low,4.6673755646,-0.5437583762,PT-FrUuvH,BFTC-909,BFTC909,RCC,Kidney,Renal Cell Carcinoma,Renal Cell Carcinoma,RCC,"",CVCL_1084,64,Adult,Male,asian,Primary,kidney,DSMZ,"",ACC 367,Cell Line,,"","","","","","","","","",Adherent,MF-002-001,DMEM + 10% FBS,FALSE,None,"","","","",BFTC909_KIDNEY,"",FALSE,Approved for public sharing - CCLE,"",1284,SIDM00988,910698,""
ACH-000804,0.6062055644,0.683656542769389,CN-NonLow,CN Non-Low,4.0566616058,-0.505214583,PT-dk8yt2,NB-1,NB1,NBL,Peripheral Nervous System,Neuroblastoma,Neuroblastoma,NBL,"",CVCL_1440,2,Pediatric,Male,"",Metastatic,lymph_node,HSRRB,"",IFO50295,Cell Line,,"","","","","","","","","",Adherent,MF-001-001,RPMI + 10% FBS,FALSE,None,"","","","",NB1_AUTONOMIC_GANGLIA,"",TRUE,Approved for public sharing - CCLE,MYC_Amplified,127,SIDM00578,949179,""
ACH-001813,1.0316218248,1.02263187737489,CN-NonLow,CN Non-Low,4.0163626671,,PT-0lpZdv,C242,C242,OS,Bone,Osteosarcoma,Osteosarcoma,OS,"","",,Unknown,Unknown,"",Primary,bone,Montefiore Einstein,Richard Gorlick,"",Cell Line,,"","","","","","","","","",Adherent,MF-015-008,EMEM + 20% FBS + 1mM Sodium pyruvate + 100uM NEAA,FALSE,None,"","","","",C242_BONE,"",TRUE,"","",,"",,""
ACH-001577,0.9224834925,0.942971210467657,CN-NonLow,CN Non-Low,4.3482394218,-0.4263831993,PT-wizE6v,MUTZ-8,MUTZ8,AML,Myeloid,Acute Myeloid Leukemia,Acute Myeloid Leukemia,AML,"JAK2 and TP53 mutations, 5q31(del)",CVCL_2130,63,Adult,Female,"",Primary,haematopoietic_and_lymphoid_tissue,DSMZ,"","",Cell Line,,"","","","","","","","","",Suspension,MF-003-002,AlphaMEM + 20% FBS + 10ng/ml GM-CSF,FALSE,None,"","","","",MUTZ8_HAEMATOPOIETIC_AND_LYMPHOID_TISSUE,"",TRUE,HMB-MDS,"",,"",,""
ACH-000441,0.8797929831,0.910573790254046,CN-NonLow,CN Non-Low,5.2472062111,-0.187607628,PT-wx4HmM,SH-4,SH4,MEL,Skin,Melanoma,Melanoma,MEL,"",CVCL_1692,60,Adult,Female,caucasian,Metastatic,pleural_effusion,ATCC,"",CRL-7724,Cell Line,,"","","","","","","","","",Adherent,MF-002-001,DMEM + 10% FBS,FALSE,None,"","","","",SH4_SKIN,"",FALSE,Approved for public sharing - CCLE,"",1179,SIDM01079,909713,""
ACH-000159,0.7099921605,0.773989711056379,CN-NonLow,CN Non-Low,4.4643025398,-0.8213644512,PT-T2g8EU,OS-RC-2,OSRC2,CCRCC,Kidney,Renal Cell Carcinoma,Renal Clear Cell Carcinoma,CCRCC,"",CVCL_1626,52,Adult,Male,"",Primary,kidney,RIKEN,"",RCB0735,Cell Line,,"","","","","","","","","",Adherent,MF-001-001,RPMI + 10% FBS,FALSE,None,"","","","",OSRC2_KIDNEY,"",FALSE,Approved for public sharing - CCLE,"",1674,SIDM00239,909250,""
ACH-000506,1.8897298423,1.53093462304001,CN-NonLow,CN Non-Low,6.2990231514,,PT-VTukYY,NCI-H146,NCIH146,SCLC,Lung,Lung Neuroendocrine Tumor,Small Cell Lung Cancer,SCLC,"",CVCL_1473,59,Adult,Male,caucasian,Metastatic,bone_marrow,ATCC,"",HTB-173,Cell Line,,"","","","","","","","","",Suspension,MF-001-001,RPMI + 10% FBS,FALSE,None,"","","","",NCIH146_LUNG,"",FALSE,Approved for public sharing - CCLE,"",932,SIDM00698,910899,""
ACH-000326,0.5271048968,0.610799164227416,CN-NonLow,CN Non-Low,3.6623308659,-0.4894155722,PT-mEKuqA,JURL-MK1,JURLMK1,CMLBCRABL1,Myeloid,Myeloproliferative Neoplasms,"Chronic Myeloid Leukemia, BCR-ABL1+",CMLBCRABL1,"BCR::ABL1 (e14-a2), KMT2D Tyr1495Ter, and TP53 Arg306Ter",CVCL_2086,73,Adult,Male,"",Primary,haematopoietic_and_lymphoid_tissue,DSMZ,"",ACC 532,Cell Line,,"","","","","","","","","",Suspension,MF-001-001,RPMI + 10% FBS,FALSE,None,"","","","",JURLMK1_HAEMATOPOIETIC_AND_LYMPHOID_TISSUE,"",TRUE,Approved for public sharing - CCLE,BCR::ABL1,1807,SIDM01015,1327771,""
ACH-000422,0.860549449,0.895728734392224,CN-NonLow,CN Non-Low,4.7193369865,-0.3073244246,PT-UjP297,SNU-475,SNU475,HCC,Liver,Hepatocellular Carcinoma,Hepatocellular Carcinoma,HCC,"",CVCL_0497,43,Adult,Male,asian,Primary,liver,ATCC,"","",Cell Line,,"","","","","","","","","",Adherent,MF-001-001,RPMI + 10% FBS,FALSE,None,"","","","",SNU475_LIVER,"",FALSE,Approved for public sharing - CCLE,"",2059,SIDM01196,909739,""
ACH-000348,0.87783275,0.909068574445041,CN-NonLow,CN Non-Low,5.1336746216,-0.5643859121,PT-xMEDHc,RPMI-7951,RPMI7951,MEL,Skin,Melanoma,Melanoma,MEL,"",CVCL_1666,18,Adult,Female,caucasian,Metastatic,lymph_node,ATCC,"",HTB-66,Cell Line,,"","","","","","","","","",Adherent,MF-001-001,RPMI + 10% FBS,FALSE,None,"","","","",RPMI7951_SKIN,"",FALSE,Approved for public sharing - CCLE,"",1909,SIDM01087,910903,""
ACH-000471,0.7738715352,0.826901532614862,CN-NonLow,CN Non-Low,4.3574676514,-0.192221195,PT-6EhW80,Li-7,LI7,HCC,Liver,Hepatocellular Carcinoma,Hepatocellular Carcinoma,HCC,"",CVCL_3840,45,Adult,Male,"",Primary,liver,RIKEN,"",RCB1941,Cell Line,,"","","","","","","","","",Adherent,MF-001-001,RPMI + 10% FBS,FALSE,None,"","","","",LI7_LIVER,"",FALSE,Approved for public sharing - CCLE,"",,"",,""
ACH-001994,0.99543567,0.996703769168417,CN-NonLow,CN Non-Low,5.1282730103,,PT-uIqCYb,MGH-ICC16,MGHICC16,IHCH,Biliary Tract,Intraductal Papillary Neoplasm of the Bile Duct,Intrahepatic Cholangiocarcinoma,IHCH,"","",,Unknown,Unknown,"","",biliary_tract,Massachusetts General Hospital,Nabeel Bardeesy,"",Cell Line,,"","","","","","","","","",Adherent,MF-001-001,RPMI + 10% FBS,FALSE,None,"","","","",ICC16_BILIARY_TRACT,"",FALSE,"","",,"",,""
ACH-000235,0.751718284,0.808770775534984,CN-NonLow,CN Non-Low,5.0705137253,-0.5200881546,PT-zLTXv3,Panc 04.03,PANC0403,PAAD,Pancreas,Pancreatic Adenocarcinoma,Pancreatic Adenocarcinoma,PAAD,"",CVCL_1636,70,Adult,Male,caucasian,Primary,pancreas,ATCC,"",CRL-2555,Cell Line,,"","","","","","","","","",Adherent,MF-001-043,RPMI + 10% FBS + 1mM Sodium pyruvate,FALSE,None,"","","","",PANC0403_PANCREAS,"",FALSE,Approved for public sharing - CCLE,"",2123,SIDM01137,1298476,""
ACH-000477,0.8016681152,0.849333277159778,CN-NonLow,CN Non-Low,5.0614652634,-0.1239146199,PT-A0Pe6P,Malme-3M,MALME3M,MEL,Skin,Melanoma,Melanoma,MEL,"",CVCL_1438,43,Adult,Male,caucasian,Metastatic,lung,ATCC,"",HTB-64,Cell Line,,"","","","","","","","","",Adherent,MF-001-001,RPMI + 10% FBS,FALSE,None,"","","","",MALME3M_SKIN,"",FALSE,Approved for public sharing - CCLE,"",,SIDM00011,,""
ACH-000383,0.648433261,0.721095478774512,CN-NonLow,CN Non-Low,4.8886361122,-1.3444378073,PT-MSH6ZN,OE33,OE33,ESCA,Esophagus/Stomach,Esophagogastric Adenocarcinoma,Esophageal Adenocarcinoma,ESCA,"",CVCL_0471,73,Adult,Female,caucasian,Primary,oesophagus,HPACC,"",OE33,Cell Line,,"","","","","","","","","",Adherent,MF-001-001,RPMI + 10% FBS,FALSE,None,"","","","",OE33_OESOPHAGUS,"",FALSE,Approved for public sharing - CCLE,"",1554,SIDM00477,910549,""
ACH-002778,0.8285840763,0.870726961747634,CN-NonLow,CN Non-Low,3.5654630661,-0.9227197148,PT-iPKVUD,NCC-OS1-X2-C1,NCCOS1X2C1,OS,Bone,Osteosarcoma,Osteosarcoma,OS,"",CVCL_VM08,11,Pediatric,Male,"",Unknown,Unknown,National Cancer Center Research Institute,Tadashi Kondo,"",Cell Line,,PDX,"","","","","","","","",Adherent,MF-007-006,DMEM:F12 + 10% FBS + GlutaMAX,FALSE,None,"","","","",NCCOS1X2C1_BONE,"",TRUE,"","",,"",,""
ACH-001481,1.0427088658,1.03048360064658,CN-NonLow,CN Non-Low,4.3783173561,-0.4703787448,PT-GWiky5,CHLA-90,CHLA90,NBL,Peripheral Nervous System,Neuroblastoma,Neuroblastoma,NBL,"",CVCL_6610,8,Pediatric,Male,"",Metastatic,bone_marrow,Children's Oncology Group (COG),"","",Cell Line,,"","",Post-treatment,"Chemotherapy, Radiation","Cisplatin, cyclophosphamide, doxorubicin, etoposide, melphalan and teniposide",4,"","","",Adherent,MF-005-005,IMDM + 20% FBS + 4mM Glutamine + 1x Insulin-Transferrin-Selenium,FALSE,None,"","","","",CHLA90_AUTONOMIC_GANGLIA,"",TRUE,GRU,"",,"",,""
ACH-000060,0.589877792,0.668915875162783,CN-NonLow,CN Non-Low,5.5003175735,-0.2242623449,PT-9JMXWA,Panc 10.05,PANC1005,PAAD,Pancreas,Pancreatic Adenocarcinoma,Pancreatic Adenocarcinoma,PAAD,"",CVCL_1639,81,Adult,Male,caucasian,Primary,pancreas,ATCC,"",CRL-2547,Cell Line,,"","","","","","","","","",Adherent,MF-001-019,RPMI + 15% FBS + 2mM Glutamine + 1mM Sodium pyruvate + 60ug/ml Insulin + 10mM HEPES + 18mM Sodium bicarbonate + 25mM Glucose,FALSE,None,"","","","",PANC1005_PANCREAS,"",FALSE,Approved for public sharing - CCLE,"",197,SIDM01135,925348,""
ACH-002345,1.2453178353,1.16691967969043,CN-NonLow,CN Non-Low,,,PT-ORM06p,CaR-1,CAR1,READ,Bowel,Colorectal Adenocarcinoma,Rectal Adenocarcinoma,READ,"",CVCL_1116,70,Adult,Male,"",Metastatic,large_intestine,JCRB,"",JCRB0207,Cell Line,,"","","","","","","","","",Adherent,MF-015-001,EMEM + 10% FBS,FALSE,None,"","","","",CAR1_LARGE_INTESTINE,"",FALSE,HMB-MDS,"",,SIDM00488,,""
ACH-003181,1.0161425462,1.01159764450532,CN-NonLow,CN Non-Low,5.722219944,,PT-W75e4m,NRH-LMS1,NRHLMS1,LMS,Soft Tissue,Leiomyosarcoma,Leiomyosarcoma,LMS,"","",81,Adult,Female,"",Metastatic,soft_tissue,"Oslo University Hospital, The Norwegian Radium Hospital",Ola Myklebost,"",Cell Line,,"","",Pre-treatment,"","","","","","",Mixed,MF-001-014,RPMI + 5% FBS,FALSE,None,"","","","",NRH-LMS1,"",FALSE,"","",,"",,""
ACH-000974,0.8477060567,0.885735263100741,CN-NonLow,CN Non-Low,4.4168329239,-0.0723837386,PT-cgXnS7,SNG-M,SNGM,UCEC,Uterus,Endometrial Carcinoma,Endometrial Carcinoma,UCEC,"",CVCL_1707,52,Adult,Female,asian,Metastatic,lymph_node,HSRRB,"",JCRB0179,Cell Line,,"","","","","","","","","",Adherent,MF-004-007,F12 + 20% FBS,FALSE,None,"","","","",SNGM_ENDOMETRIUM,"",FALSE,Approved for public sharing - CCLE,"",2058,SIDM00373,909735,""
ACH-000313,1.1017676436,1.07160318406934,CN-NonLow,CN Non-Low,5.4436297417,-0.1388172645,PT-Hd1kAu,KMRC-3,KMRC3,CCRCC,Kidney,Renal Cell Carcinoma,Renal Clear Cell Carcinoma,CCRCC,"",CVCL_2985,,Adult,Male,asian,Primary,kidney,HSRRB,"",JCRB1012,Cell Line,,"","","","","","","","","",Adherent,MF-002-001,DMEM + 10% FBS,FALSE,None,"","","","",KMRC3_KIDNEY,"",FALSE,Approved for public sharing - CCLE,"",,"",,""
ACH-000747,1.3764717489,1.24882125122404,CN-NonLow,CN Non-Low,5.3643169403,-0.2145533446,PT-CmsNht,NCI-H1703,NCIH1703,LUSC,Lung,Non-Small Cell Lung Cancer,Lung Squamous Cell Carcinoma,LUSC,"",CVCL_1490,54,Adult,Male,caucasian,Primary,lung,ATCC,"",CRL-5889,Cell Line,,"","","","","","","","","",Adherent,MF-001-001,RPMI + 10% FBS,FALSE,None,"","","","",NCIH1703_LUNG,"",FALSE,Approved for public sharing - CCLE,"",1239,SIDM00740,908474,""
ACH-001793,0.9367417684,0.953631607898737,CN-NonLow,CN Non-Low,5.3279390335,-0.1228453461,PT-TTxLCZ,LPS27,LPS27,LIPO,Soft Tissue,Liposarcoma,Liposarcoma,LIPO,"",CVCL_A1VQ,,Unknown,Unknown,"","",soft_tissue,Dana-Farber Cancer Institute,"","",Cell Line,,"","","","","","","","","",Adherent,MF-007-002,DMEM:F12 + 10% FBS + 2mM Glutamine,FALSE,None,"","","","",LPS27_SOFT_TISSUE,"",FALSE,In Progress,"",,"",,""
ACH-001609,0.5335820354,0.616905342280979,CN-NonLow,CN Non-Low,3.8764777184,-0.9452901399,PT-OT2kJe,NP 3,NP3,GB,CNS/Brain,Adult-Type Diffuse Glioma,"Glioblastoma, IDH-Wildtype",GB,"",CVCL_1R16,64,Adult,Male,"",Primary,central_nervous_system,JCRB,"",JCRB1567,Cell Line,,"","","","","","","","","",Adherent,MF-002-001,DMEM + 10% FBS,FALSE,None,"","","","",NP3_CENTRAL_NERVOUS_SYSTEM,"",FALSE,HMB-MDS,"",,"",,""
ACH-000683,0.8024981659,0.849997791478125,CN-NonLow,CN Non-Low,5.0033144951,-0.31817233,PT-O04gFy,SNU-503,SNU503,READ,Bowel,Colorectal Adenocarcinoma,Rectal Adenocarcinoma,READ,"",CVCL_5071,52,Adult,Male,asian,Metastatic,abdomen,KCLB,"","",Cell Line,,"","","","","","","","","",Adherent,MF-001-001,RPMI + 10% FBS,FALSE,None,"","","","",SNU503_LARGE_INTESTINE,"",FALSE,Approved for public sharing - CCLE,"",,SIDM00497,,""
ACH-002003,0.7657269822,0.820262289829153,CN-NonLow,CN Non-Low,4.7729520798,-0.2130671132,PT-3FxmoJ,A-375_DAB_R,A375DABR,MEL,Skin,Melanoma,Melanoma,MEL,"",CVCL_B3PJ,54,Adult,Female,"",Primary,skin,The Broad Institute,Levi Garraway,"",Cell Line,,"","","","","","","","","",Adherent,MF-001-001,RPMI + 10% FBS,FALSE,None,drug adapted,"",Dabrafenib,"",A375_SKIN_CJ3_RESISTANT,"",FALSE,In Progress,"",,"",,""
ACH-000415,0.7961813595,0.844933025603375,CN-NonLow,CN Non-Low,4.2552890778,-0.5888095917,PT-Typnjw,BICR 6,BICR6,HPHSC,Head and Neck,Head and Neck Squamous Cell Carcinoma,Hypopharynx Squamous Cell Carcinoma,HPHSC,"",CVCL_2314,,Unknown,Male,caucasian,Primary,upper_aerodigestive_tract,ECACC,"",5070501,Cell Line,,"","","","","","","","","",Adherent,MF-002-001,DMEM + 10% FBS,FALSE,None,"","","","",BICR6_UPPER_AERODIGESTIVE_TRACT,"",FALSE,Approved for public sharing - CCLE,"",,"",,""
ACH-000288,0.9188612926,0.940250428203102,CN-NonLow,CN Non-Low,5.150478363,-0.5414186715,PT-hgWgpg,BT-549,BT549,BRCNOS,Breast,Invasive Breast Carcinoma,"Breast Invasive Carcinoma, NOS",BRCNOS,"",CVCL_1092,72,Adult,Female,caucasian,Primary,breast,ATCC,"","",Cell Line,,"","","","","","","","","",Adherent,MF-001-045,RPMI + 10% FBS + 2ug/ml Insulin,FALSE,None,"","","","",BT549_BREAST,"",FALSE,Approved for public sharing - CCLE,basal_B TNBC,1835,SIDM00122,905951,""
ACH-000439,1.6913380008,1.42832358810068,CN-NonLow,CN Non-Low,5.168946743,,PT-do6aX9,ME-1,ME1,AML,Myeloid,Acute Myeloid Leukemia,Acute Myeloid Leukemia,AML,"CBFB-MYH11 [inv(16)(p13q22) leading to this fusion gene], NRAS Gln61His",CVCL_2110,40,Adult,Male,asian,Primary,haematopoietic_and_lymphoid_tissue,DSMZ,"",ACC-537,Cell Line,,"","","","","","","","","",Suspension,MF-001-001,RPMI + 10% FBS,FALSE,None,"","","","",ME1_HAEMATOPOIETIC_AND_LYMPHOID_TISSUE,"",TRUE,Approved for public sharing - CCLE,"CBFB::MYH11, NRAS, GATA2 and SF3B1",427,SIDM00338,1330942,""
ACH-001667,1.0190306182,1.01366278902024,CN-NonLow,CN Non-Low,4.832950592,,PT-weZPXP,SU-CCS-1,SUCCS1,CCS,Soft Tissue,Clear Cell Sarcoma,Clear Cell Sarcoma,CCS,"",CVCL_B470,16,Pediatric,Female,"",Primary,pleural_effusion,ATCC,"",CRL-2971,Cell Line,,"","",Post-treatment,"","","","","","",Suspension,MF-001-001,RPMI + 10% FBS,FALSE,None,"","","","",SUCCS1_SOFT_TISSUE,"",TRUE,HMB-MDS,"",,"",,""
ACH-002923,0.6071050168,0.684464205469956,CN-NonLow,CN Non-Low,3.3189573288,-0.718526146,PT-22FXN6,LAI-5S,LAI5S,NBL,Peripheral Nervous System,Neuroblastoma,Neuroblastoma,NBL,"",CVCL_2549,2,Pediatric,Male,"",Metastatic,bone_marrow,Children's Oncology Group (COG),"","",Cell Line,,"","","","","","","","","",Adherent,MF-005-003,IMDM + 10% FBS + 1X Insulin-Transferrin-Selenium,FALSE,None,"","","","",LAI5S_Neuro,"",TRUE,"","",,"",,""
ACH-003180,0.8590642853,0.894576658627474,CN-NonLow,CN Non-Low,5.3175969124,-0.5343500788,PT-EMnXLI,NRH-UPS2,NRHUPS2,MFH,Soft Tissue,Undifferentiated Pleomorphic Sarcoma/Malignant Fibrous Histiocytoma/High-Grade Spindle Cell Sarcoma,Undifferentiated Pleomorphic Sarcoma/Malignant Fibrous Histiocytoma/High-Grade Spindle Cell Sarcoma,MFH,"","",56,Adult,Female,"",Primary,abdomen,"Oslo University Hospital, The Norwegian Radium Hospital",Ola Myklebost,"",Cell Line,,"","",Pre-treatment,"","","","","","",Mixed,MF-001-014,RPMI + 5% FBS,FALSE,None,"","","","",NRH-UPS2,"",TRUE,"","",,"",,""
ACH-000301,0.6689350292,0.738927792402472,CN-NonLow,CN Non-Low,4.1170964241,,PT-qTtBxS,LAMA-84,LAMA84,CMLBCRABL1,Myeloid,Myeloproliferative Neoplasms,"Chronic Myeloid Leukemia, BCR-ABL1+",CMLBCRABL1,"BCR::ABL1 (e14-a2), TP53 Lys319Ter",CVCL_0388,29,Adult,Female,"",Primary,haematopoietic_and_lymphoid_tissue,DSMZ,"",ACC 168,Cell Line,,"","","","","","","","","",Suspension,MF-001-001,RPMI + 10% FBS,FALSE,None,"","","","",LAMA84_HAEMATOPOIETIC_AND_LYMPHOID_TISSUE,"",TRUE,Approved for public sharing - CCLE,BCR::ABL1,709,SIDM00346,907783,""
ACH-001465,0.9854705068,0.98948093048746,CN-NonLow,CN Non-Low,5.3750777245,-0.5306906916,PT-7eVJ3u,CHLA-136,CHLA136,NBL,Peripheral Nervous System,Neuroblastoma,Neuroblastoma,NBL,"",CVCL_6590,3,Pediatric,Female,"",Metastatic,blood,Children's Oncology Group (COG),"","",Cell Line,,"","",Post-treatment,"Chemotherapy, bone marrow transplant","",4,"","",Progressive Disease,Suspension,MF-005-005,IMDM + 20% FBS + 4mM Glutamine + 1x Insulin-Transferrin-Selenium,FALSE,None,"","","","",CHLA136_AUTONOMIC_GANGLIA,"",TRUE,GRU,"",,"",,""
ACH-000859,0.7536867839,0.810391099170762,CN-NonLow,CN Non-Low,5.4956760406,-0.2176208951,PT-603OA3,HCC1954,HCC1954,IDC,Breast,Invasive Breast Carcinoma,Breast Invasive Ductal Carcinoma,IDC,"",CVCL_1259,61,Adult,Female,east_indian,Primary,breast,ATCC,"",CRL-2338,Cell Line,,"","","","","",2A,"",3,"",Adherent,MF-001-001,RPMI + 10% FBS,FALSE,None,"","","","",HCC1954_BREAST,"",FALSE,Approved for public sharing - CCLE,ER-/PR-/HER2+,2143,SIDM00872,749709,""
ACH-002060,1.0418612072,1.02988480427179,CN-NonLow,CN Non-Low,5.4515967369,-0.3757042345,PT-DWKd8J,MY,MY,ALAL,Myeloid,Acute Leukemias of Ambiguous Lineage,Acute Leukemias of Ambiguous Lineage,ALAL,"BCR-ABL1 (e1-a2, with a deletion of a2 exon of ABL1)",CVCL_3034,52,Adult,Female,"",Primary,haematopoietic_and_lymphoid_tissue,RIKEN,"",RCB1701,Cell Line,,"","","","","","","","","",Suspension,MF-001-001,RPMI + 10% FBS,FALSE,None,"","","","",MY_HAEMATOPOIETIC_AND_LYMPHOID_TISSUE,"",TRUE,HMB-MDS,BCR::ABL1,,SIDM00563,,""
ACH-000190,0.4638531359,0.549770819511945,CN-Low,Shallow CN Loss,3.6853346825,-1.5996797734,PT-YCDBvf,HD-MY-Z,HDMYZ,AML,Myeloid,Acute Myeloid Leukemia,Acute Myeloid Leukemia,AML,NRAS Gly13Asp and TP53 Tyr234Valfs,CVCL_1273,29,Adult,Male,"","",pleural_effusion,DSMZ,"",ACC 346,Cell Line,,"","","","","","","","","",Adherent,MF-001-001,RPMI + 10% FBS,FALSE,None,"","","","",HDMYZ_HAEMATOPOIETIC_AND_LYMPHOID_TISSUE,"",TRUE,Approved for public sharing - CCLE,"",883,SIDM01063,907050,""
ACH-000954,0.9788707607,0.984677393595304,CN-NonLow,CN Non-Low,5.3733592033,,PT-YZF57N,HEC-1-A,HEC1A,UCEC,Uterus,Endometrial Carcinoma,Endometrial Carcinoma,UCEC,"",CVCL_0293,71,Adult,Female,"",Primary,endometrium,ATCC,"",HTB-112,Cell Line,,"","","","","","","","","",Adherent,MF-023-001,McCoy's 5A + 10% FBS,FALSE,None,"","","","",HEC1A_ENDOMETRIUM,"",FALSE,Approved for public sharing - CCLE,"",,SIDM00595,,""
ACH-002709,1.1330079624,1.09288935118882,CN-NonLow,CN Non-Low,5.5835971832,-0.3190229721,PT-92FgnG,CMS,CMS,AML,Myeloid,Acute Myeloid Leukemia,Acute Myeloid Leukemia,AML,"",CVCL_H248,2,Pediatric,Female,"","",haematopoietic_and_lymphoid_tissue,DSMZ,"",ACC-985,Cell Line,,"","","","","","","","","",Suspension,MF-001-003,RPMI + 10% FBS + 2mM Glutamine,FALSE,None,"","","","",CMS_HAEMATOPOIETIC_AND_LYMPHOID_TISSUE,"",TRUE,"",CBFA2T3::GLIS2 and TP53,,"",,""
ACH-000711,0.406005169,0.491601898305867,CN-Low,Shallow CN Loss,3.9003257751,-2.0191808889,PT-K0vetf,JIMT-1,JIMT1,IDC,Breast,Invasive Breast Carcinoma,Breast Invasive Ductal Carcinoma,IDC,"",CVCL_2077,62,Adult,Female,"",Metastatic,pleural_effusion,DSMZ,"","",Cell Line,,"","","","","","","","","",Adherent,MF-002-001,DMEM + 10% FBS,FALSE,None,"","","","",JIMT1_BREAST,"",FALSE,Approved for public sharing - CCLE,basal_A HER2+,479,SIDM01037,1298157,""
ACH-001442,0.5568115336,0.638594303442021,CN-NonLow,CN Non-Low,4.4639430046,-0.2047843451,PT-QwG6Ej,A388,A388,CSCC,Skin,Cutaneous Squamous Cell Carcinoma,Cutaneous Squamous Cell Carcinoma,CSCC,"",CVCL_1063,86,Adult,Male,"",Metastatic,lymph_node,ATCC,"",CRL-7905,Cell Line,,"","","","","","","","","",Adherent,MF-002-001,DMEM + 10% FBS,FALSE,None,"","","","",A388_SKIN,"",FALSE,HMB-MDS,"",948,SIDM00794,910697,""
ACH-000517,0.4022822533,0.487776766218721,CN-Low,Shallow CN Loss,4.0748476982,-2.4423293114,PT-V7OSXp,SNU-410,SNU410,PAAD,Pancreas,Pancreatic Adenocarcinoma,Pancreatic Adenocarcinoma,PAAD,"",CVCL_5059,53,Adult,Male,asian,Metastatic,liver,KCLB,"",410,Cell Line,,"","","","","","","","","",Adherent,MF-001-001,RPMI + 10% FBS,FALSE,None,"","","","",SNU410_PANCREAS,"",FALSE,Approved for public sharing - CCLE,"",,"",,""
ACH-001818,0.9929182182,0.994882508662613,CN-NonLow,CN Non-Low,4.6623196602,,PT-NPU9bj,C396,C396,OS,Bone,Osteosarcoma,Osteosarcoma,OS,"",CVCL_A1UX,,Unknown,Male,"",Metastatic,bone,Montefiore Einstein,Richard Gorlick,"",Cell Line,,"","","","","","","","","",Adherent,MF-015-008,EMEM + 20% FBS + 1mM Sodium pyruvate + 100uM NEAA,FALSE,None,"","","","",C396_BONE,"",TRUE,In Progress,"",,"",,""
ACH-000210,1.0101813416,1.00732565504901,CN-NonLow,CN Non-Low,4.7074861526,-0.1294038473,PT-L8aHyf,CADO-ES1,CADOES1,ES,Bone,Ewing Sarcoma,Ewing Sarcoma,ES,"",CVCL_1103,19,Adult,Female,asian,Metastatic,pleural_effusion,DSMZ,"",ACC 255,Cell Line,,"","","","","","","","","",Suspension,MF-001-001,RPMI + 10% FBS,FALSE,None,"","","","",CADOES1_BONE,"",TRUE,Approved for public sharing - CCLE,EWS::ERG,1523,SIDM00961,753539,""
ACH-000583,1.3318115897,1.22145122353556,CN-NonLow,CN Non-Low,4.7605614662,-0.4280750876,PT-Lrf7XT,MC116,MC116,MBN,Lymphoid,Non-Hodgkin Lymphoma,Mature B-Cell Neoplasms,MBN,"",CVCL_1399,,Unknown,Male,"","",pleural_effusion,ATCC,"",CRL-1649,Cell Line,,"","","","","","","","","",Suspension,MF-001-020,RPMI + 20% FBS,FALSE,None,"","","","",MC116_HAEMATOPOIETIC_AND_LYMPHOID_TISSUE,"",FALSE,Approved for public sharing - CCLE,"",2082,SIDM00637,907799,""
ACH-000996,1.0404714653,1.02890253556145,CN-NonLow,CN Non-Low,4.9515552521,-0.284946386,PT-GnDRP6,HEC-251,HEC251,UCEC,Uterus,Endometrial Carcinoma,Endometrial Carcinoma,UCEC,"",CVCL_2927,53,Adult,Female,asian,Primary,endometrium,HSRRB,"",JCRB1141,Cell Line,,"","","","","","","","","",Adherent,MF-015-007,EMEM + 15% FBS,FALSE,None,"","","","",HEC251_ENDOMETRIUM,"",FALSE,Approved for public sharing - CCLE,"",,"",,""
ACH-000791,0.8242232126,0.867282268981036,CN-NonLow,CN Non-Low,5.6043114662,-0.2497734278,PT-sAWSgy,RERF-LC-Ad1,RERFLCAD1,LUAD,Lung,Non-Small Cell Lung Cancer,Lung Adenocarcinoma,LUAD,"",CVCL_1651,70,Adult,Male,asian,Primary,lung,HSRRB,"",JCRB1020,Cell Line,,"","","","","","","","","",Adherent,MF-001-001,RPMI + 10% FBS,FALSE,None,"","","","",RERFLCAD1_LUNG,"",FALSE,Approved for public sharing - CCLE,"",,"",,""
ACH-000919,1.0232748481,1.01669231349839,CN-NonLow,CN Non-Low,5.3312392235,-0.5590618917,PT-Iu2j9I,IM95,IM95,STAD,Esophagus/Stomach,Esophagogastric Adenocarcinoma,Stomach Adenocarcinoma,STAD,"",CVCL_2961,63,Adult,Male,asian,Primary,stomach,HSRRB,"",JCRB1075.0,Cell Line,,"","","","","","","","","",Mixed,MF-002-001,DMEM + 10% FBS,FALSE,None,"","","","",IM95_STOMACH,"",FALSE,Approved for public sharing - CCLE,"",405,SIDM00602,1240155,""
ACH-000492,1.1100964272,1.07730892872609,CN-NonLow,CN Non-Low,5.4895429611,,PT-mlZ1w1,MUTZ-5,MUTZ5,BALL,Lymphoid,B-Cell Acute Lymphoblastic Leukemia,B-Cell Acute Lymphoblastic Leukemia,"","IGH::CRLF2, JAK2 R683G ",CVCL_1873,26,Adult,Male,"",Primary,haematopoietic_and_lymphoid_tissue,DSMZ,"",ACC 490,Cell Line,,"","","","","","","","","",Suspension,MF-001-020,RPMI + 20% FBS,FALSE,None,"","","","",MUTZ5_HAEMATOPOIETIC_AND_LYMPHOID_TISSUE,"",TRUE,Approved for public sharing - CCLE,"CRLF2 Ph-like, IGH::CRLF2",,SIDM01689,,""
ACH-002779,1.0280888135,1.02012083182372,CN-NonLow,CN Non-Low,4.760556221,,PT-eB3Nou,NCC-ESOS1-C1,NCCESOS1C1,OS,Bone,Osteosarcoma,Osteosarcoma,OS,"","",,Pediatric,Unknown,"","",Unknown,National Cancer Center Research Institute,Tadashi Kondo,"",Cell Line,,"","","","","","","","","",Adherent,MF-007-006,DMEM:F12 + 10% FBS + GlutaMAX,FALSE,None,"","","","","","",TRUE,"","",,"",,""
ACH-000533,1.0768355917,1.05438701279922,CN-NonLow,CN Non-Low,4.6353597641,-0.461364514,PT-x2jmX9,NCI-H2004 RT,NCIH2004RT,MRT,Kidney,Rhabdoid Cancer,Rhabdoid Cancer,MRT,"",CVCL_WS70,,Pediatric,Male,"","",soft_tissue,St. Jude Children's Research Hospital,Charles Roberts,"",Cell Line,,"","","","","","","","","",Adherent,MF-001-001,RPMI + 10% FBS,FALSE,None,"","","","",NCIH2004RT_SOFT_TISSUE,"",TRUE,Approved for public sharing - CCLE,"",,"",,""
ACH-001611,0.6236765845,0.699264294835731,CN-NonLow,CN Non-Low,4.478913784,-0.6496590372,PT-62G0ep,NP 8,NP8,GB,CNS/Brain,Adult-Type Diffuse Glioma,"Glioblastoma, IDH-Wildtype",GB,"",CVCL_4W66,38,Adult,Female,"",Primary,central_nervous_system,JCRB,"",JCRB1608,Cell Line,,"","","","","","","","","",Adherent,MF-002-001,DMEM + 10% FBS,FALSE,None,"","","","",NP8_CENTRAL_NERVOUS_SYSTEM,"",FALSE,HMB-MDS,"",,"",,""
ACH-003221,0.9833292071,0.987924166235949,CN-NonLow,CN Non-Low,4.6358995438,,PT-PNGsRG,Hs 38.T,HS38T,ZFIB,Fibroblast,Non-Cancerous,Fibroblast,"","",CVCL_0735,,Unknown,Female,"",Unknown,"",ATCC,"",CRL-7826,Cell Line,,"","",Unknown,"","","","","","",Adherent,MF-002-001,DMEM + 10% FBS,FALSE,None,"","","","","","",FALSE,HMB-MDS,"",,"",,""
ACH-000448,0.6768846942,0.745783489841422,CN-NonLow,CN Non-Low,4.8312487602,-0.187117831,PT-3icxN1,NCI-H1666,NCIH1666,LUAD,Lung,Non-Small Cell Lung Cancer,Lung Adenocarcinoma,LUAD,"",CVCL_1485,50,Adult,Female,caucasian,Metastatic,pleural_effusion,ATCC,"",CRL-5885,Cell Line,,"","","","","","","","","",Mixed,MF-001-014,RPMI + 5% FBS,FALSE,None,"","","","",NCIH1666_LUNG,"",FALSE,Approved for public sharing - CCLE,"",958,SIDM00743,908473,""
ACH-002544,0.9599006505,0.970780524410021,CN-NonLow,CN Non-Low,4.8123135567,-0.3548178722,PT-3szZZM,SNU-1750,SNU1750,TSTAD,Esophagus/Stomach,Esophagogastric Adenocarcinoma,Tubular Stomach Adenocarcinoma,TSTAD,"",CVCL_8914,65,Adult,Male,"",Primary,stomach,KCLB,"","",Cell Line,,"","","","","","","","","",Adherent,MF-001-005,RPMI + 10% FBS + 2mM Glutamine + 25mM HEPES + 25mM Sodium bicarbonate,FALSE,None,"","","","",SNU1750_STOMACH,"",FALSE,HMB-MDS,"",,"",,""
ACH-000679,0.4337422845,0.519785722583881,CN-Low,Shallow CN Loss,4.2374644279,,PT-Tt2TJf,OE-19,OE19,ESCC,Esophagus/Stomach,Esophageal Squamous Cell Carcinoma,Esophageal Squamous Cell Carcinoma,ESCC,"",CVCL_1622,72,Adult,Male,"",Primary,oesophagus,HPACC,"","",Cell Line,,"","","","","","","","","",Adherent,MF-001-003,RPMI + 10% FBS + 2mM Glutamine,FALSE,None,"","","","",OE19_OESOPHAGUS,"",FALSE,Approved for public sharing - CCLE,"",1664,SIDM00479,910079,""
ACH-003067,1.0279934698,1.02005300682729,CN-NonLow,CN Non-Low,4.1690192223,,PT-RyQSvA,CHLA-01R-MED,CHLA01RMED,MBLNOS,CNS/Brain,Embryonal Tumor,"Medulloblastoma, NOS",MBLNOS,"",CVCL_N534,8,Pediatric,Male,"",Metastatic,brain,ATCC,"",CRL-3034,Cell Line,,"","","","","","","","","",Suspension,MF-007-015,DMEM:F12 + 20ng/mL human recombinant EGF + 20ng/mL recombinant basic FGF + 2% B-27,TRUE,None,"","","","",CHLA01RMED_BRAIN,"",TRUE,HMB-MDS,"",,"",,""
ACH-000612,1.0264731567,1.01897106511963,CN-NonLow,CN Non-Low,5.3695573807,,PT-DxsAw3,HuT 102,HUT102,MYCF,Lymphoid,Mature T and NK Neoplasms,Mycosis Fungoides,MYCF,"",CVCL_3526,28,Adult,Male,black_or_african_american,"",lymph_node,ATCC,"","",Cell Line,,"","","","","","","","","",Suspension,"","",,None,"","","","",HUT102_HAEMATOPOIETIC_AND_LYMPHOID_TISSUE,"",FALSE,Approved for public sharing - CCLE,"",,SIDM01734,,""
ACH-001990,1.3293647459,1.21993656307813,CN-NonLow,CN Non-Low,5.5040068626,-0.1781508745,PT-PCXcZ8,NZM7,NZM7,MEL,Skin,Melanoma,Melanoma,MEL,"",CVCL_D843,36,Adult,Male,"",Metastatic,lymph_node,CellBank Australia,"","",Cell Line,,"","","","","","","","","",Adherent,MF-003-003,AlphaMEM + 5% FBS + 1X Insulin-Transferrin-Selenium,FALSE,None,"","","","",NZM7_SKIN,"",FALSE,HMB-MDS,"",,"",,""
ACH-000143,1.059780436,1.04249056033266,CN-NonLow,CN Non-Low,6.5320520401,-0.0456542066,PT-1M8cz3,HCC2429,HCC2429,NUTCL,Lung,Non-Small Cell Lung Cancer,NUT Carcinoma of the Lung,NUTCL,"",CVCL_5132,34,Adult,Female,"",Primary,lung,University of Texas Southwestern,"","",Cell Line,,"","","","","","","","","",Adherent,MF-001-001,RPMI + 10% FBS,FALSE,None,"","","","",HCC2429_LUNG,"",FALSE,Approved for public sharing - CCLE,"",,"",,""
ACH-000816,0.9771085841,0.983392107000731,CN-NonLow,CN Non-Low,4.5916433334,,PT-veV7dF,NCI-H524,NCIH524,SCLC,Lung,Lung Neuroendocrine Tumor,Small Cell Lung Cancer,SCLC,"",CVCL_1568,63,Adult,Male,caucasian,Metastatic,lymph_node,ATCC,"",CRL-5831,Cell Line,,"","","","","","","","","",Suspension,"","",,None,"","","","",NCIH524_LUNG,"",FALSE,Approved for public sharing - CCLE,"",2147,SIDM01129,908483,""
ACH-002084,1.1478427405,1.10288836678409,CN-NonLow,CN Non-Low,5.7489228249,-0.2417381016,PT-Qsi22o,MMAc,MMAC,MEL,Skin,Melanoma,Melanoma,MEL,"",CVCL_5951,39,Adult,Female,"",Metastatic,ascites,RIKEN,"",RCB0808,Cell Line,,"","","","","","","","","",Adherent,MF-001-001,RPMI + 10% FBS,FALSE,None,"","","","",MMAC_SKIN,"",FALSE,HMB-MDS,"",,SIDM00246,,ACH-002548
ACH-001863,0.7223595432,0.784386337303445,CN-NonLow,CN Non-Low,5.4563527107,-0.4326090076,PT-VWXKPj,TKKK,TKKK,IHCH,Biliary Tract,Intraductal Papillary Neoplasm of the Bile Duct,Intrahepatic Cholangiocarcinoma,IHCH,"",CVCL_5599,,Unknown,Male,"",Primary,biliary_tract,Massachusetts General Hospital,Nabeel Bardeesy,"",Cell Line,,"","","","","","","","","",Adherent,MF-001-001,RPMI + 10% FBS,FALSE,None,"","","","",TKKK_BILIARY_TRACT,"",FALSE,HMB-MDS,"",,"",,""
ACH-000730,0.9017609864,0.927335939467001,CN-NonLow,CN Non-Low,4.9950819016,,PT-2vBUWf,SK-MEL-5,SKMEL5,SKCM,Skin,Melanoma,Cutaneous Melanoma,SKCM,"",CVCL_0527,24,Adult,Female,caucasian,Metastatic,lymph_node,ATCC,"",HTB-70,Cell Line,,"","","","","","","","","",Adherent,MF-006-001,MEM + 10% FBS,FALSE,None,"","","","",SKMEL5_SKIN,"",FALSE,Approved for public sharing - CCLE,"",1491,SIDM00080,905956,""
ACH-000295,0.9820612421,0.987001539875039,CN-NonLow,CN Non-Low,5.3514800072,-0.1125323504,PT-PfwDZx,EM-2,EM2,CMLBCRABL1,Myeloid,Myeloproliferative Neoplasms,"Chronic Myeloid Leukemia, BCR-ABL1+",CMLBCRABL1,BCR-ABL1 (e14-a2),CVCL_1196,5,Pediatric,Female,caucasian,"",bone_marrow,DSMZ,"",ACC 135,Cell Line,,"","","","","","","","","",Suspension,MF-001-001,RPMI + 10% FBS,FALSE,None,"","","","",EM2_HAEMATOPOIETIC_AND_LYMPHOID_TISSUE,"",TRUE,Approved for public sharing - CCLE,"",901,SIDM01047,906855,""
ACH-000096,1.0796704329,1.05635492139883,CN-NonLow,CN Non-Low,4.7021589279,-0.2192770882,PT-ABKGjf,G-401,G401,MRT,Kidney,Rhabdoid Cancer,Rhabdoid Cancer,MRT,"",CVCL_0270,0,Pediatric,Male,caucasian,Primary,kidney,ATCC,"",CRL-1441,Cell Line,,"","","","","","","","","",Adherent,MF-023-001,McCoy's 5A + 10% FBS,FALSE,None,"","","","",G401_SOFT_TISSUE,"",TRUE,Approved for public sharing - CCLE,"",962,SIDM00856,907299,""
ACH-003190,0.5049452943,0.589711045073653,CN-NonLow,CN Non-Low,3.597411871,-0.3812492166,PT-8LUb74,NRH-UPS7,NRHUPS7,MFH,Soft Tissue,Undifferentiated Pleomorphic Sarcoma/Malignant Fibrous Histiocytoma/High-Grade Spindle Cell Sarcoma,Undifferentiated Pleomorphic Sarcoma/Malignant Fibrous Histiocytoma/High-Grade Spindle Cell Sarcoma,MFH,"","",67,Adult,Female,"",Primary,soft_tissue,"Oslo University Hospital, The Norwegian Radium Hospital",Ola Myklebost,"",Cell Line,,"","",Pre-treatment,"","","","","","",Mixed,MF-001-014,RPMI + 5% FBS,FALSE,None,"","","","",NRH-UPS7,"",TRUE,"","",,"",,""
ACH-000352,0.6405885871,0.714213497373105,CN-NonLow,CN Non-Low,4.5701169968,-0.3466230085,PT-jBpXJh,HCC1428,HCC1428,BRCA,Breast,Invasive Breast Carcinoma,Invasive Breast Carcinoma,BRCA,"",CVCL_1252,49,Adult,Female,caucasian,Metastatic,pleural_effusion,ATCC,"","",Cell Line,,"","","","","","","","","",Adherent,MF-001-001,RPMI + 10% FBS,FALSE,None,"","","","",HCC1428_BREAST,"",FALSE,Approved for public sharing - CCLE,"luminal ER, PR+",1567,SIDM00881,1290905,""
ACH-001100,1.5127577754,1.32927160513338,CN-NonLow,CN Non-Low,3.2212104797,,PT-gWewrL,KHYG-1,KHYG1,NKCLL,Lymphoid,T-Lymphoblastic Leukemia/Lymphoma,Natural Killer (NK) Cell Lymphoblastic Leukemia/Lymphoma (NKCLL),NKCLL,"",CVCL_2976,45,Adult,Female,"","",haematopoietic_and_lymphoid_tissue,Academic lab,"","",Cell Line,,"","","","","","","","","",Suspension,MF-001-060,RPMI + 10%FBS + 1000U/ml IL-2,FALSE,None,"","","","",KHYG_HAEMATOPOIETIC_AND_LYMPHOID_TISSUE,"",FALSE,HMB-MDS,"",,SIDM01661,,ACH-001766
ACH-000040,1.2772164151,1.18727140441047,CN-NonLow,CN Non-Low,5.5028972626,-0.304389351,PT-5XnRfQ,U-118 MG,U118MG,ASTR,CNS/Brain,Adult-Type Diffuse Glioma,"Astrocytoma, IDH-Mutant",ASTR,"",CVCL_0633,47,Adult,Male,caucasian,Primary,central_nervous_system,ATCC,"",HTB-15,Cell Line,,"","","","","","","","","",Adherent,MF-002-001,DMEM + 10% FBS,FALSE,None,"","","",SNP fingerprinting confirms that this line is an U-138 MG derivative. DepMap metadata has been updated (as of 22Q2) to reflect this.,U118MG_CENTRAL_NERVOUS_SYSTEM,"",FALSE,Approved for public sharing - CCLE,"",7,SIDM01193,687588,""
ACH-002459,0.7872414015,0.837734511394312,CN-NonLow,CN Non-Low,4.9510889053,,PT-czDcsE,HT-144_DAB_TRAM_R,HT144DABTRAMR,MEL,Skin,Melanoma,Melanoma,MEL,"",CVCL_A1VL,29,Adult,Male,caucasian,Metastatic,skin,The Broad Institute,Francisca Vazquez,"",Cell Line,,"","","","","","","","","",Adherent,MF-001-001,RPMI + 10% FBS,FALSE,None,drug adapted,"",Dabrafenib and Trametinib,"",HT144_SKIN_FV3_RESISTANT,"",FALSE,Approved for public sharing - CCLE,"",,"",,""
ACH-000228,0.535872245,0.619058216599225,CN-NonLow,CN Non-Low,5.1747140884,-0.3287673226,PT-HX0QLG,BICR 31,BICR31,OCSC,Head and Neck,Head and Neck Squamous Cell Carcinoma,Oral Cavity Squamous Cell Carcinoma,OCSC,"",CVCL_2312,,Unknown,Male,caucasian,Primary,upper_aerodigestive_tract,ECACC,"",4072107,Cell Line,,"","","","","","","","","",Adherent,MF-002-001,DMEM + 10% FBS,FALSE,None,"","","","",BICR31_UPPER_AERODIGESTIVE_TRACT,"",FALSE,Approved for public sharing - CCLE,"",940,SIDM00078,1290725,""
ACH-001680,0.9623719511,0.972598518187663,CN-NonLow,CN Non-Low,4.4722471237,,PT-05hA76,U-698-M,U698M,NHL,Lymphoid,Non-Hodgkin Lymphoma,Non-Hodgkin Lymphoma,NHL,dup(1),CVCL_0017,7,Pediatric,Male,"",Metastatic,upper_aerodigestive_tract,DSMZ,"","",Cell Line,,"","","","","","","","","",Suspension,MF-001-001,RPMI + 10% FBS,FALSE,None,"","","","",U698M_HAEMATOPOIETIC_AND_LYMPHOID_TISSUE,"",TRUE,HMB-MDS,"",548,SIDM00424,909777,""
ACH-000338,0.6156263977,0.692093623522883,CN-NonLow,CN Non-Low,5.2105016708,-0.3318862474,PT-khOMVk,SR-786,SR786,ALCLALKP,Lymphoid,Mature T and NK Neoplasms,Anaplastic Large-Cell Lymphoma ALK Positive,ALCLALKP,NPM1-ALK,CVCL_1711,11,Pediatric,Male,"",Primary,pleural_effusion,DSMZ,"",ACC 369,Cell Line,,"","","","","","","","","",Suspension,MF-001-017,RPMI + 15% FBS,FALSE,None,"","","","",SR786_HAEMATOPOIETIC_AND_LYMPHOID_TISSUE,"",TRUE,Approved for public sharing - CCLE,"",794,SIDM00096,905965,ACH-001665
ACH-000308,0.7379633124,0.797397627850109,CN-NonLow,CN Non-Low,4.6522169113,-0.2340516369,PT-cdCVJ4,EFO-21,EFO21,SOC,Ovary/Fallopian Tube,Ovarian Epithelial Tumor,Serous Ovarian Cancer,SOC,"",CVCL_0029,56,Adult,Female,caucasian,Metastatic,ascites,DSMZ,"",ACC 235,Cell Line,,"","","","","","","","","",Adherent,MF-001-047,RPMI + 20% FBS + 2 mM Glutamine + 1x MEM NEAA + 1 mM sodium pyruvate,FALSE,None,"","","","",EFO21_OVARY,"",FALSE,Approved for public sharing - CCLE,"",303,SIDM01052,911905,""
ACH-000373,1.076551995,1.05418999600519,CN-NonLow,CN Non-Low,5.1232275963,-0.1781239981,PT-8qF7hQ,SKM-1,SKM1,AML,Myeloid,Acute Myeloid Leukemia,Acute Myeloid Leukemia,AML,"",CVCL_0098,76,Adult,Male,asian,Primary,haematopoietic_and_lymphoid_tissue,HSRRB,"",JCRB0118,Cell Line,,"","","","","","","","","",Suspension,MF-001-020,RPMI + 20% FBS,FALSE,None,"","","","",SKM1_HAEMATOPOIETIC_AND_LYMPHOID_TISSUE,"",TRUE,Approved for public sharing - CCLE,"",304,SIDM00380,909722,""
ACH-000969,0.5392080723,0.622188270382651,CN-NonLow,CN Non-Low,3.922264576,-0.4022145255,PT-ue72rD,KM12,KM12,COAD,Bowel,Colorectal Adenocarcinoma,Colon Adenocarcinoma,COAD,"",CVCL_1331,,Unknown,Unknown,"",Primary,large_intestine,JCRB,"","",Cell Line,,"","","","","","","","","",Mixed,MF-001-001,RPMI + 10% FBS,FALSE,None,"","","","",KM12_LARGE_INTESTINE,"",FALSE,Approved for public sharing - CCLE,MSI,1990,SIDM00150,905989,""
ACH-000264,0.777969769,0.830230794086374,CN-NonLow,CN Non-Low,3.9545035362,-0.357423794,PT-T9nCW5,Calu-6,CALU6,LUAD,Lung,Non-Small Cell Lung Cancer,Lung Adenocarcinoma,LUAD,"",CVCL_0236,61,Adult,Female,caucasian,Metastatic,pleural_effusion,ATCC,"",HTB-56,Cell Line,,"","","","","","","","","",Adherent,MF-006-001,MEM + 10% FBS,FALSE,None,"","","","",CALU6_LUNG,"",FALSE,Approved for public sharing - CCLE,"",1844,SIDM00921,724859,""
ACH-000375,1.0425342639,1.03036028005712,CN-NonLow,CN Non-Low,4.4013166428,-0.9560854789,PT-U7nXm3,G-402,G402,MRT,Kidney,Rhabdoid Cancer,Rhabdoid Cancer,MRT,"",CVCL_1221,0,Pediatric,Female,caucasian,Primary,kidney,ATCC,"",CRL-1440,Cell Line,,"","","","","","","","","",Adherent,MF-023-001,McCoy's 5A + 10% FBS,FALSE,None,"","","","",G402_SOFT_TISSUE,"",TRUE,Approved for public sharing - CCLE,"",1089,SIDM00855,907298,""
ACH-000334,1.0176327457,1.01266359556646,CN-NonLow,CN Non-Low,5.0487856865,-0.5041427728,PT-mgfMcU,DB,DB,DLBCLNOS,Lymphoid,Mature B-Cell Neoplasms,"Diffuse Large B-Cell Lymphoma, NOS",DLBCLNOS,"",CVCL_1168,45,Adult,Male,caucasian,Metastatic,ascites,ATCC,"",CRL-2289,Cell Line,,"","","","","","","","","",Suspension,MF-001-001,RPMI + 10% FBS,FALSE,None,"","","","",DB_HAEMATOPOIETIC_AND_LYMPHOID_TISSUE,"",FALSE,Approved for public sharing - CCLE,"",1185,SIDM00886,906832,""
ACH-000367,0.8525846581,0.889539471292437,CN-NonLow,CN Non-Low,5.3904166222,-0.3318602155,PT-hfcpvz,NCI-H226,NCIH226,PLEMESO,Pleura,Pleural Mesothelioma,"Pleural Mesothelioma, Epithelioid Type",PLEMESO,"",CVCL_1544,,Unknown,Male,"",Metastatic,pleural_effusion,ATCC,"",CRL-5826,Cell Line,,"","","","","","","","","",Adherent,MF-001-001,RPMI + 10% FBS,FALSE,None,"","","","",NCIH226_LUNG,"",FALSE,Approved for public sharing - CCLE,"",1221,SIDM00139,905941,""
ACH-000167,0.9995096479,0.999646242360298,CN-NonLow,CN Non-Low,4.7486009598,-0.2199172292,PT-ghtKEp,KE-97,KE97,PCM,Lymphoid,Mature B-Cell Neoplasms,Plasma Cell Myeloma,PCM,"",CVCL_3386,52,Adult,Male,"",Metastatic,abdomen,RIKEN,"",RCB1435,Cell Line,,"","","","","","","","","",Mixed,MF-001-001,RPMI + 10% FBS,FALSE,None,"","","","",KE97_STOMACH,"",FALSE,Approved for public sharing - CCLE,"",,"",,""
ACH-000265,0.7277964908,0.788933299096327,CN-NonLow,CN Non-Low,4.652033329,-0.3137342177,PT-o1wR3t,KP-4,KP4,PAAD,Pancreas,Pancreatic Adenocarcinoma,Pancreatic Adenocarcinoma,PAAD,"",CVCL_1338,50,Adult,Male,asian,Metastatic,ascites,RIKEN,"",RCB1005,Cell Line,,"","","","","","","","","",Adherent,MF-007-001,DMEM:F12 + 10% FBS,FALSE,None,"","","","",KP4_PANCREAS,"",FALSE,Approved for public sharing - CCLE,"",708,SIDM00301,753572,""
ACH-000371,1.0299649907,1.02145484653408,CN-NonLow,CN Non-Low,4.7122602463,-0.120239214,PT-B4jW32,RL,RL,DLBCLNOS,Lymphoid,Mature B-Cell Neoplasms,"Diffuse Large B-Cell Lymphoma, NOS",DLBCLNOS,"",CVCL_1660,52,Adult,Male,caucasian,Metastatic,ascites,ATCC,"",CRL-2261,Cell Line,,"","",Unknown,"","","","","","",Suspension,MF-001-020,RPMI + 20% FBS,FALSE,None,"","","","",RL_HAEMATOPOIETIC_AND_LYMPHOID_TISSUE,"",FALSE,Approved for public sharing - CCLE,"",1273,SIDM01089,910861,""
ACH-000460,0.7626293713,0.817729150551583,CN-NonLow,CN Non-Low,4.5913920403,-0.4764982602,PT-OIFKmV,SNU-8,SNU8,SOC,Ovary/Fallopian Tube,Ovarian Epithelial Tumor,Serous Ovarian Cancer,SOC,"",CVCL_5096,55,Adult,Female,asian,Metastatic,ascites,KCLB,"","",Cell Line,,"","","","","","","","","",Adherent,MF-001-001,RPMI + 10% FBS,FALSE,None,"","","","",SNU8_OVARY,"",FALSE,Approved for public sharing - CCLE,"",,"",,""
ACH-001705,0.4191969136,0.505074777252449,CN-Low,Shallow CN Loss,4.0806574821,,PT-vA9Pcv,VP267,VP267,IDC,Breast,Invasive Breast Carcinoma,Breast Invasive Ductal Carcinoma,IDC,"",CVCL_2755,48,Adult,Female,"",Recurrent,breast,Sigma-Aldrich,"",5092805,Cell Line,,"","",Post-treatment,Hormone therapy,Tamoxifen,"","",3,"",Adherent,MF-017-001,MEBM + 2% FBS + 2mM Glutamine + MEGM SingleQuot + 10ng/ml EGF,FALSE,None,"","","","",VP267_BREAST,"",FALSE,HMB-MDS,"ER-, PR-",,"",,""
ACH-000095,0.9668663602,0.975898936250618,CN-NonLow,CN Non-Low,4.0646500587,-0.0711715809,PT-nsjOrX,D341 Med,D341MED,MBLG3,CNS/Brain,Embryonal Tumor,"Medulloblastoma, Group 3",MBLG3,"",CVCL_0018,3,Pediatric,Male,"",Primary,brain,ATCC,"",HTB-187,Cell Line,,"","",Unknown,"","","","","","",Mixed,MF-015-009,EMEM + 20% FBS,FALSE,None,"","","","",D341MED_CENTRAL_NERVOUS_SYSTEM,"",TRUE,Approved for public sharing - CCLE,MYC_Amplified,,"",,ACH-001309
ACH-001085,0.8330113165,0.874215692701603,CN-NonLow,CN Non-Low,5.4740595818,,PT-iL41un,HEK-293,HEK293,ZTRA,"",Non-Cancerous,Transformed cell line,"","",CVCL_0045,,Fetus,Female,"",Primary,kidney,ATCC,"","",Cell Line,,"",HAdV-C5,"","","","","","","",Adherent,"","",,None,"","","","",HEK293_KIDNEY,"",FALSE,"","",,"",,ACH-003281
ACH-002001,0.7584331874,0.814290520042626,CN-NonLow,CN Non-Low,4.4500761032,-0.2793254231,PT-3FxmoJ,A-375_DAB_TRAM_R,A375DABTRAMR,MEL,Skin,Melanoma,Melanoma,MEL,"",CVCL_A1VP,54,Adult,Female,"",Primary,skin,The Broad Institute,Levi Garraway,"",Cell Line,,"","","","","","","","","",Adherent,MF-001-001,RPMI + 10% FBS,FALSE,None,drug adapted,"",Dabrafenib and Trametinib,"",A375_SKIN_CJ1_RESISTANT,"",FALSE,In Progress,"",,"",,""
ACH-000013,0.7133020377,0.776779506285135,CN-NonLow,CN Non-Low,4.2664790154,-0.332493904,PT-gj46wT,ONCO-DG-1,ONCODG1,HGSOC,Ovary/Fallopian Tube,Ovarian Epithelial Tumor,High-Grade Serous Ovarian Cancer,HGSOC,"",CVCL_1882,60,Adult,Female,caucasian,Metastatic,ascites,DSMZ,"",ACC 507,Cell Line,,"","","","","","","","","",Adherent,MF-001-001,RPMI + 10% FBS,FALSE,None,"","","",SNP fingerprinting confirms that this line is an OVCAR-3 derivative. DepMap metadata has been updated (as of 22Q2) to reflect this.,ONCODG1_OVARY,"",FALSE,Approved for public sharing - CCLE,"",,SIDM00093,,""
ACH-000023,0.5015248181,0.586428320818399,CN-NonLow,CN Non-Low,4.4160900116,-0.7750488761,PT-lVglGI,PA-TU-8988T,PATU8988T,PAAD,Pancreas,Pancreatic Adenocarcinoma,Pancreatic Adenocarcinoma,PAAD,"",CVCL_1847,64,Adult,Female,"",Metastatic,liver,DSMZ,"",ACC 162,Cell Line,,"","","","","","","","","",Adherent,MF-002-001,DMEM + 10% FBS,FALSE,None,"","","","",PATU8988T_PANCREAS,"",FALSE,Approved for public sharing - CCLE,"",1242,SIDM00453,1240201,""
ACH-000754,0.4970283331,0.582101526430429,CN-Low,Shallow CN Loss,3.5612406731,-0.4741944839,PT-Pi0OS5,L-428,L428,HL,Lymphoid,Hodgkin Lymphoma,Hodgkin Lymphoma,HL,"",CVCL_1361,37,Adult,Female,"","",pleural_effusion,DSMZ,"","",Cell Line,,"","","","","","","","","",Suspension,MF-001-001,RPMI + 10% FBS,FALSE,None,"","","","",L428_HAEMATOPOIETIC_AND_LYMPHOID_TISSUE,"",FALSE,Approved for public sharing - CCLE,"",1804,SIDM00327,907322,""
ACH-000132,0.5141773626,0.598534204766618,CN-NonLow,CN Non-Low,4.9436354637,-1.028485407,PT-F6NvL5,JHOS-2,JHOS2,HGSOC,Ovary/Fallopian Tube,Ovarian Epithelial Tumor,High-Grade Serous Ovarian Cancer,HGSOC,"",CVCL_4647,45,Adult,Female,asian,Primary,ovary,RIKEN,"",RCB1521,Cell Line,,"","","","","","","","","",Adherent,MF-007-001,DMEM:F12 + 10% FBS,FALSE,None,"","","","",JHOS2_OVARY,"",FALSE,Approved for public sharing - CCLE,"",436,SIDM00305,1479995,""
ACH-000857,0.6575538714,0.729055759471281,CN-NonLow,CN Non-Low,4.4481739998,,PT-IcfZvW,CAL-85-1,CAL851,IDC,Breast,Invasive Breast Carcinoma,Breast Invasive Ductal Carcinoma,IDC,"",CVCL_1114,35,Adult,Female,"",Primary,breast,DSMZ,"","",Cell Line,,"","","","","","","","","",Adherent,MF-002-001,DMEM + 10% FBS,FALSE,None,"","","","",CAL851_BREAST,"",FALSE,Approved for public sharing - CCLE,basal TNBC,113,SIDM00928,910852,""
ACH-000059,1.0434517567,1.03100818356349,CN-NonLow,CN Non-Low,5.6757173538,,PT-rikOUx,SUP-B15,SUPB15,BALL,Lymphoid,B-Cell Acute Lymphoblastic Leukemia,B-Cell Acute Lymphoblastic Leukemia,"","",CVCL_0103,9,Pediatric,Male,caucasian,Primary,bone_marrow,ATCC,"",CRL-1929,Cell Line,,"","","","","","","","","",Suspension,MF-005-008,IMDM + 20% FBS + 1.5g/L NaCO3,FALSE,None,"","","","",SUPB15_HAEMATOPOIETIC_AND_LYMPHOID_TISSUE,"",TRUE,Approved for public sharing - CCLE,BCR::ABL1,786,SIDM01176,1247871,""
ACH-000768,0.7380211161,0.797445610292526,CN-NonLow,CN Non-Low,4.7337665558,-0.542657191,PT-pYG6Rc,MDA-MB-231,MDAMB231,BRCA,Breast,Invasive Breast Carcinoma,Invasive Breast Carcinoma,BRCA,"",CVCL_0062,51,Adult,Female,caucasian,Metastatic,pleural_effusion,ATCC,"","",Cell Line,,"","","","","","","","","",Adherent,MF-001-001,RPMI + 10% FBS,FALSE,None,"","","","",MDAMB231_BREAST,"",FALSE,Approved for public sharing - CCLE,basal_B TNBC,1013,SIDM00146,905960,""
ACH-000830,1.0705805147,1.05003530311831,CN-NonLow,CN Non-Low,5.4595103264,,PT-Fd4LwY,NCI-H1436,NCIH1436,SCLC,Lung,Lung Neuroendocrine Tumor,Small Cell Lung Cancer,SCLC,"",CVCL_1471,39,Adult,Male,caucasian,Metastatic,lymph_node,ATCC,"","",Cell Line,,"","","","","","","","","",Suspension,MF-007-010,DMEM:F12 + 5% FBS + 2mM Glutamine + 5ug/ml Insulin + 10ug/ml Transferrin + 30nM Selenium + 10nM Hydrocortisone + 10nM beta-Estradiol,FALSE,None,"","","","",NCIH1436_LUNG,"",FALSE,Approved for public sharing - CCLE,"",2120,SIDM00697,908469,""
ACH-000151,1.0408248411,1.02915236477121,CN-NonLow,CN Non-Low,5.0663175583,-0.276335062,PT-t7KWtB,JM1,JM1,BALL,Lymphoid,B-Cell Acute Lymphoblastic Leukemia,B-Cell Acute Lymphoblastic Leukemia,"","",CVCL_3532,,Pediatric,Male,"",Primary,haematopoietic_and_lymphoid_tissue,ATCC,"",CEL-10423,Cell Line,,"","","","","","","","","",Suspension,MF-005-001,IMDM + 10% FBS,FALSE,None,"","","","",JM1_HAEMATOPOIETIC_AND_LYMPHOID_TISSUE,"",TRUE,Approved for public sharing - CCLE,"",2096,SIDM00689,1327768,""
ACH-001548,1.0615609451,1.04373711167171,CN-NonLow,CN Non-Low,4.8988032341,-0.231770985,PT-TA4RrC,LS,LS,NBL,Peripheral Nervous System,Neuroblastoma,Neuroblastoma,NBL,"",CVCL_2105,1,Pediatric,Female,"",Metastatic,autonomic_ganglia,DSMZ,"",ACC 675,Cell Line,,"","","","","","","","","",Adherent,MF-001-001,RPMI + 10% FBS,FALSE,None,"","","","",LS_AUTONOMIC_GANGLIA,"",TRUE,HMB-MDS,"",,"",,""
ACH-001984,0.7894911505,0.83954940926906,CN-NonLow,CN Non-Low,4.6174926758,,PT-c5NLTF,NZM4,NZM4,MEL,Skin,Melanoma,Melanoma,MEL,"",CVCL_D831,56,Adult,Male,"",Metastatic,ascites,CellBank Australia,"","",Cell Line,,"","","","","","","","","",Mixed,MF-003-003,AlphaMEM + 5% FBS + 1X Insulin-Transferrin-Selenium,FALSE,None,"","","","",NZM4_SKIN,"",FALSE,HMB-MDS,"",,"",,""
ACH-001228,0.7833592571,0.834597362653064,CN-NonLow,CN Non-Low,5.2557387352,-0.4237224735,PT-k3C7C0,UPCI-SCC-152,UPCISCC152,OCSC,Head and Neck,Head and Neck Squamous Cell Carcinoma,Oral Cavity Squamous Cell Carcinoma,OCSC,"",CVCL_C058,47,Adult,Male,"","",upper_aerodigestive_tract,ATCC,"",CRL-3240,Cell Line,,"","","","","","","","","",Adherent,MF-015-002,EMEM + 10% FBS + 2mM Glutamine + 100uM NEAA,FALSE,None,"","","","",UPCISCC152_UPPER_AERODIGESTIVE_TRACT,"",FALSE,HMB-MDS,"",,SIDM00398,,""
ACH-000585,0.3452731373,0.427899119861571,CN-Low,Shallow CN Loss,4.0773968697,-0.6025087336,PT-HU0uli,EPLC-272H,EPLC272H,LUSC,Lung,Non-Small Cell Lung Cancer,Lung Squamous Cell Carcinoma,LUSC,"",CVCL_1197,57,Adult,Male,caucasian,Primary,lung,DSMZ,"","",Cell Line,,"","","","","","","","","",Adherent,MF-001-020,RPMI + 20% FBS,FALSE,None,"","","","",EPLC272H_LUNG,"",FALSE,Approved for public sharing - CCLE,"",404,SIDM01044,753556,""
ACH-000429,1.0076941318,1.00553949431496,CN-NonLow,CN Non-Low,3.9979245663,,PT-hu5eOQ,A-704,A704,RCC,Kidney,Renal Cell Carcinoma,Renal Cell Carcinoma,RCC,"",CVCL_1065,78,Adult,Male,"",Primary,kidney,ATCC,"",HTB-45,Cell Line,,"","","","","","","","","",Adherent,MF-006-001,MEM + 10% FBS,FALSE,None,"","","","",A704_KIDNEY,"",FALSE,Approved for public sharing - CCLE,"",949,SIDM00849,910920,""
ACH-000793,0.8951404698,0.922304786429699,CN-NonLow,CN Non-Low,5.3474636078,-0.2418315293,PT-xOmD9v,KATO III,KATOIII,SSRCC,Esophagus/Stomach,Esophagogastric Adenocarcinoma,Signet Ring Cell Carcinoma of the Stomach,SSRCC,"",CVCL_0371,57,Adult,Male,asian,Metastatic,pleural_effusion,ATCC,"",HTB-103,Cell Line,,"","","","","","","","","",Mixed,MF-005-004,IMDM + 20% FBS,FALSE,None,"","","","",KATOIII_STOMACH,"",FALSE,Approved for public sharing - CCLE,"",406,SIDM00687,907276,""
ACH-000586,1.2478140855,1.16852271660026,CN-NonLow,CN Non-Low,6.0353908539,,PT-0a2F5a,NCI-H1876,NCIH1876,SCLC,Lung,Lung Neuroendocrine Tumor,Small Cell Lung Cancer,SCLC,"",CVCL_1503,59,Adult,Male,caucasian,Metastatic,lymph_node,ATCC,"",CRL-5902,Cell Line,,"","","","","","","","","",Adherent,"","",,None,"","","","",NCIH1876_LUNG,"",FALSE,Approved for public sharing - CCLE,"",91,SIDM00766,1330972,""
ACH-000179,1.3683696395,1.24389426485885,CN-NonLow,CN Non-Low,6.1895241737,,PT-zC9YC8,NCI-H1618,NCIH1618,SCLC,Lung,Lung Neuroendocrine Tumor,Small Cell Lung Cancer,SCLC,"",CVCL_1480,55,Adult,Female,caucasian,Metastatic,bone_marrow,ATCC,"",CRL-5879,Cell Line,,"","","","","","","","","",Suspension,MF-007-010,DMEM:F12 + 5% FBS + 2mM Glutamine + 5ug/ml Insulin + 10ug/ml Transferrin + 30nM Selenium + 10nM Hydrocortisone + 10nM beta-Estradiol,FALSE,None,"","","","",NCIH1618_LUNG,"",FALSE,Approved for public sharing - CCLE,"",,"",,""
ACH-001979,0.9683765843,0.977006259461608,CN-NonLow,CN Non-Low,4.9670300484,,PT-E4aqis,NZM11,NZM11,MEL,Skin,Melanoma,Melanoma,MEL,"",CVCL_D817,41,Adult,Male,"",Metastatic,skin,CellBank Australia,"","",Cell Line,,"","","","","","","","","",Adherent,MF-003-003,AlphaMEM + 5% FBS + 1X Insulin-Transferrin-Selenium,FALSE,None,"","","","",NZM11_SKIN,"",FALSE,HMB-MDS,"",,"",,""
ACH-000882,0.6927083646,0.759333433843236,CN-NonLow,CN Non-Low,4.1259651184,-0.2109091344,PT-MRf5jM,IGR-1,IGR1,MEL,Skin,Melanoma,Melanoma,MEL,"",CVCL_1303,42,Adult,Male,"",Metastatic,lymph_node,DSMZ,"",ACC 236,Cell Line,,"","","","","","","","","",Adherent,MF-002-001,DMEM + 10% FBS,FALSE,None,"","","","",IGR1_SKIN,"",FALSE,Approved for public sharing - CCLE,"",1534,SIDM01060,907169,""
ACH-000620,0.754965697,0.81144283152605,CN-NonLow,CN Non-Low,4.952524662,-0.1520318899,PT-JMO4rY,JHH-1,JHH1,HCC,Liver,Hepatocellular Carcinoma,Hepatocellular Carcinoma,HCC,"",CVCL_2785,50,Adult,Male,asian,Primary,liver,HSRRB,"",JCRB1062,Cell Line,,"","","","","","","","","",Adherent,MF-022-001,William's E medium + 10% FBS,FALSE,None,"","","",DepMap stock of JHH-1 does not have mouse contamination.,JHH1_LIVER,"",FALSE,Approved for public sharing - CCLE,"",89,SIDM00618,1298151,""
ACH-000872,1.016240031,1.01166740020675,CN-NonLow,CN Non-Low,4.601351738,-0.2771900344,PT-CXILSG,HCC515,HCC515,LUAD,Lung,Non-Small Cell Lung Cancer,Lung Adenocarcinoma,LUAD,"",CVCL_5136,39,Adult,Female,"",Primary,lung,University of Texas Southwestern,"","",Cell Line,,"","","","","","","","","",Adherent,MF-001-001,RPMI + 10% FBS,FALSE,None,"","","","",HCC515_LUNG,"",FALSE,Approved for public sharing - CCLE,"",,"",,""
ACH-000037,0.7394630681,0.79864204829692,CN-NonLow,CN Non-Low,4.7541232109,-0.3529264459,PT-JfLphU,S-117,S117,SARCNOS,Soft Tissue,"Sarcoma, NOS","Sarcoma, NOS",SARCNOS,"",CVCL_1674,47,Adult,Female,"","",soft_tissue,DSMZ,"",266,Cell Line,,"","","","","","","","","",Adherent,MF-001-001,RPMI + 10% FBS,FALSE,None,"","","","",S117_THYROID,"",FALSE,Approved for public sharing - CCLE,"",,SIDM00035,,""
ACH-003573,0.8557427087,0.891996700436612,CN-NonLow,CN Non-Low,4.974070549,-0.4508981729,PT-s4DSO4,C337,C337,OS,Bone,Osteosarcoma,Osteosarcoma,OS,"","",,Unknown,Unknown,"","","",MD Anderson Cancer Center,Richard Gorlick,"",Cell Line,,"","","","","","","","","",Adherent,MF-002-001,DMEM + 10% FBS,FALSE,None,"","","","","","",TRUE,"","",,"",,""
ACH-000146,1.0576838067,1.04102130800801,CN-NonLow,CN Non-Low,5.1594958305,-0.2106386754,PT-Sv45MF,THP-1,THP1,AML,Myeloid,Acute Myeloid Leukemia,Acute Myeloid Leukemia,AML,"KMT2A-AF9, CSNK2A1-DDX39B",CVCL_0006,1,Pediatric,Male,"",Primary,haematopoietic_and_lymphoid_tissue,ATCC,"",TIB-202,Cell Line,,"","","","","","","","","",Suspension,MF-001-006,RPMI + 10% FBS + 50uM 2-Mercaptoethanol,FALSE,None,"","","","",THP1_HAEMATOPOIETIC_AND_LYMPHOID_TISSUE,"",TRUE,Approved for public sharing - CCLE,"KMT2A::MLLT3, NRAS and TP53",770,SIDM01172,909771,""
ACH-000192,0.8614607674,0.896435209918181,CN-NonLow,CN Non-Low,4.3710432053,-0.4657101195,PT-Vhzgp5,MFE-280,MFE280,UCEC,Uterus,Endometrial Carcinoma,Endometrial Carcinoma,UCEC,"",CVCL_1405,77,Adult,Female,"",Primary,endometrium,DSMZ,"",ACC 410,Cell Line,,"","","","","","","","","",Adherent,MF-041-002,RPMI:EMEM (1:1) + 10% FBS + 2 mM Glutamine + 1x Insulin-Transferrin-Sodium Selenite,FALSE,None,"","","","",MFE280_ENDOMETRIUM,"",FALSE,Approved for public sharing - CCLE,"",1540,SIDM00335,908129,""
ACH-000189,0.6728197685,0.742282016148451,CN-NonLow,CN Non-Low,4.6848187447,-0.4214187446,PT-yDBvIq,RCC10RGB,RCC10RGB,RCC,Kidney,Renal Cell Carcinoma,Renal Cell Carcinoma,RCC,"",CVCL_1647,,Unknown,Male,asian,Primary,kidney,RIKEN,"",RCB1151,Cell Line,,"","","","","","","","","",Adherent,MF-002-001,DMEM + 10% FBS,FALSE,None,"","","","",RCC10RGB_KIDNEY,"",FALSE,Approved for public sharing - CCLE,"",1640,SIDM00235,909974,""
ACH-001275,1.0686153901,1.04866543525345,CN-NonLow,CN Non-Low,4.8202710152,-0.2634555317,PT-WqcWC9,SYO-1,SYO1,OS,Bone,Osteosarcoma,Osteosarcoma,OS,"",CVCL_7146,19,Adult,Female,"","","",The Broad Institute,Cigall Kadoch,"",Cell Line,,"","",Active treatment,"","","","","",Partial Response,Adherent,MF-002-017,DMEM + 20% FBS + 1mM Sodium pyruvate,FALSE,None,"","","","",SYO1_SOFT_TISSUE,"",TRUE,HMB-MDS,"",,"",,""
ACH-002485,5.4661308653,2.69290270585695,CN-NonLow,CN Non-Low,7.4257531166,-0.1658726701,PT-NJ3wbw,MAVER-1,MAVER1,MCL,Lymphoid,Mature B-Cell Neoplasms,Mantle Cell Lymphoma,MCL,"",CVCL_1831,82,Adult,Male,"","",haematopoietic_and_lymphoid_tissue,ATCC,"","",Cell Line,,"","","","","","","","","",Suspension,MF-001-001,RPMI + 10% FBS,FALSE,None,"","","","",MAVER1_HAEMATOPOIETIC_AND_LYMPHOID_TISSUE,"",FALSE,HMB-MDS,"",,"",,""
ACH-000498,1.05098283,1.03631541420804,CN-NonLow,CN Non-Low,4.8513393402,-0.4208363246,PT-pWs9uO,KO52,KO52,AML,Myeloid,Acute Myeloid Leukemia,Acute Myeloid Leukemia,AML,"DNMT3A Arg882His, NRAS Gly13Arg, and TP53 Arg248Trp",CVCL_1321,46,Adult,Male,"","",bone_marrow,HSRRB,"","",Cell Line,,"","","","","","","","","",Suspension,MF-003-001,AlphaMEM + 10% FBS,FALSE,None,"","","","",KO52_HAEMATOPOIETIC_AND_LYMPHOID_TISSUE,"",TRUE,Approved for public sharing - CCLE,"",1325,SIDM00018,1330932,""
ACH-000520,0.4203578733,0.506254476903194,CN-Low,Shallow CN Loss,3.4364283085,-1.5003523304,PT-tv8Ku2,59M,59M,HGSOC,Ovary/Fallopian Tube,Ovarian Epithelial Tumor,High-Grade Serous Ovarian Cancer,HGSOC,"",CVCL_2291,65,Adult,Female,"",Metastatic,ascites,ECACC,"","",Cell Line,,"","","","","","","","","",Adherent,"","",,None,"","","","",59M_OVARY,"",FALSE,Approved for public sharing - CCLE,"",,"",,""
ACH-002283,0.5225927445,0.606530108561853,CN-NonLow,CN Non-Low,4.1946463585,-0.4316095932,PT-x400Sq,NB5,NB5,NBL,Peripheral Nervous System,Neuroblastoma,Neuroblastoma,NBL,"",CVCL_8822,2,Pediatric,Female,"",Metastatic,central_nervous_system,"","","",Cell Line,,"","","","","","","","","",Adherent,MF-001-001,RPMI + 10% FBS,FALSE,None,"","","","",NB5_AUTONOMIC_GANGLIA,"",TRUE,HMB-MDS,"",2071,SIDM00254,949176,""
ACH-000456,0.9987960355,0.999131261684456,CN-NonLow,CN Non-Low,5.0085763931,-0.2838307277,PT-UFvK3A,B-CPAP,BCPAP,THPD,Thyroid,Poorly Differentiated Thyroid Cancer,Poorly Differentiated Thyroid Cancer,THPD,"",CVCL_0153,76,Adult,Female,"",Primary,thyroid,DSMZ,"",273,Cell Line,,"","","","","","","","","",Adherent,MF-001-001,RPMI + 10% FBS,FALSE,None,"","","","",BCPAP_THYROID,"",FALSE,Approved for public sharing - CCLE,"",346,SIDM00992,924104,""
ACH-001704,0.8629333261,0.897576041522612,CN-NonLow,CN Non-Low,4.4255666733,,PT-KL4Kmo,VMRC-MELG,VMRCMELG,MEL,Skin,Melanoma,Melanoma,MEL,"",CVCL_1789,,Unknown,Male,"",Primary,Colon,JCRB,"",JCRB0074,Cell Line,,"","","","","","","","","",Adherent,MF-015-004,EMEM + 10% FBS + 100uM NEAA,FALSE,None,"","","","",VMRCMELG_SKIN,"",FALSE,HMB-MDS,"",158,SIDM00319,930301,""
ACH-001036,0.7079763142,0.772287968153287,CN-NonLow,CN Non-Low,4.5695581436,-0.5771081592,PT-XYdNvp,CMK-11-5,CMK115,MLADS,Myeloid,Acute Myeloid Leukemia,Myeloid Leukemia Associated with Down Syndrome,MLADS,"TP53::FXR2, TP53 Asp49His",CVCL_0217,0,Pediatric,Male,"",Primary,haematopoietic_and_lymphoid_tissue,HSRRB,"","",Cell Line,,"","","","","","","","","",Suspension,MF-001-001,RPMI + 10% FBS,FALSE,None,"","","","",CMK115_HAEMATOPOIETIC_AND_LYMPHOID_TISSUE,"",TRUE,Approved for public sharing - CCLE,TP53::FXR2,,SIDM01235,,""
ACH-000676,0.8958604976,0.922852810847412,CN-NonLow,CN Non-Low,4.8765854836,-0.1188617823,PT-iObwE0,LN-464,LN464,MEL,Skin,Melanoma,Melanoma,MEL,"",CVCL_3962,,Unknown,Unknown,"",Unknown,"",Academic lab,Linda Chin,"",Cell Line,,"","",Unknown,"","","","","","",Adherent,MF-002-001,DMEM + 10% FBS,FALSE,None,"","","",Problematic cell line: Contaminated. The STR profile of ACN and LN-464 are identical. Originally thought to originate from the brain right parieto-occipital lobe of a 67 year old male patient with a glioblastoma.,LN464_CENTRAL_NERVOUS_SYSTEM,"",FALSE,Approved for public sharing - CCLE,"",,SIDM00058,,""
ACH-002446,0.917979601,0.939587376407848,CN-NonLow,CN Non-Low,4.3281183243,-0.3859992657,PT-i9nBPr,CCLF_UPGI_0005_T,CCLFUPGI0005T,STAD,Esophagus/Stomach,Esophagogastric Adenocarcinoma,Stomach Adenocarcinoma,STAD,"",CVCL_B4KV,70,Adult,Male,caucasian,Metastatic,pleural_cavity,CCLF,"","",Cell Line,,"","",Unknown,"","","","","","",Adherent,MF-001-001,RPMI + 10% FBS,FALSE,None,"","","","",CCLFUPGI0005T_STOMACH,HCM-BROD-0043-C16,FALSE,In Progress,"",,"",,ACH-003021
ACH-000276,0.7467969808,0.804711942649038,CN-NonLow,CN Non-Low,5.3834795952,-0.1830853847,PT-S4bLNM,HCC38,HCC38,IDC,Breast,Invasive Breast Carcinoma,Breast Invasive Ductal Carcinoma,IDC,"",CVCL_1267,50,Adult,Female,caucasian,Primary,breast,ATCC,"","",Cell Line,,"","","","","","","","","",Adherent,MF-020-001,Waymouth's MB 752_1 + 10% FBS,FALSE,None,"","","","",HCC38_BREAST,"",FALSE,Approved for public sharing - CCLE,basal_A TNBC,1318,SIDM00675,749717,""
ACH-000614,1.0776778664,1.05497198890372,CN-NonLow,CN Non-Low,5.6336607933,-0.4126404915,PT-Zy2EsL,RVH-421,RVH421,MEL,Skin,Melanoma,Melanoma,MEL,"",CVCL_1672,28,Adult,Male,caucasian,Metastatic,central_nervous_system,DSMZ,"",ACC 127,Cell Line,,"","","","","","","","","",Adherent,MF-001-001,RPMI + 10% FBS,FALSE,None,"","","","",RVH421_SKIN,"",FALSE,Approved for public sharing - CCLE,"",1274,SIDM00401,909706,ACH-002875
ACH-001494,0.7426101813,0.801249877321661,CN-NonLow,CN Non-Low,4.7547755241,-0.1458395855,PT-KZb32w,EGI-1,EGI1,EHCH,Biliary Tract,Intraductal Papillary Neoplasm of the Bile Duct,Extrahepatic Cholangiocarcinoma,EHCH,"",CVCL_1193,52,Adult,Male,"",Primary,biliary_tract,DSMZ,"",ACC 385,Cell Line,,"","","","","","","","","",Adherent,MF-006-003,MEM + 10% FBS + 4mM Glutamine + 1mM Sodium pyruvate + 2x MEM NEAA + EAA,FALSE,None,"","","","",EGI1_BILIARY_TRACT,"",FALSE,HMB-MDS,"",1315,SIDM01050,906853,""
ACH-002668,0.9907198065,0.993290176247002,CN-NonLow,CN Non-Low,5.4782471657,,PT-i0fG3i,KASUMI-3,KASUMI3,AML,Myeloid,Acute Myeloid Leukemia,Acute Myeloid Leukemia,AML,MECOM-TRB (EVI1-TRB),CVCL_0612,57,Adult,Male,"","",bone_marrow,DSMZ,"",CRL-2725,Cell Line,,"","","","","","","","","",Suspension,MF-001-020,RPMI + 20% FBS,FALSE,None,"","","","",KASUMI3_HAEMATOPOIETIC_AND_LYMPHOID_TISSUE,"",TRUE,HMB-MDS,"MECOM SV, ETV6 and TP53",,"",,""
ACH-000478,0.6460496734,0.719007873114657,CN-NonLow,CN Non-Low,4.7723608017,-0.6326563237,PT-KvGBYp,SNU-387,SNU387,HCC,Liver,Hepatocellular Carcinoma,Hepatocellular Carcinoma,HCC,"",CVCL_0250,41,Adult,Female,asian,Primary,liver,ATCC,"",CRL-2237,Cell Line,,"","","","","","","","","",Adherent,MF-001-001,RPMI + 10% FBS,FALSE,None,"","","","",SNU387_LIVER,"",FALSE,Approved for public sharing - CCLE,"",1482,SIDM01180,909736,""
ACH-000944,1.064826219,1.04602036588834,CN-NonLow,CN Non-Low,4.55194664,-0.1521970348,PT-grWxm0,NAMALWA,NAMALWA,BL,Lymphoid,Mature B-Cell Neoplasms,Burkitt Lymphoma,BL,TP53 Arg248Gln,CVCL_0067,3,Pediatric,Female,"","",B lymphoblastoid cells,JCRB,"",IFO50040,Cell Line,,"",EBV,"","","","","","","",Suspension,MF-001-001,RPMI + 10% FBS,FALSE,None,"","","","",NAMALWA_HAEMATOPOIETIC_AND_LYMPHOID_TISSUE,"",TRUE,Approved for public sharing - CCLE,"",669,SIDM00641,908159,""
ACH-000852,0.6199024023,0.69590689461647,CN-NonLow,CN Non-Low,5.3092708588,,PT-9wHWAd,NCI-H1435,NCIH1435,LUAD,Lung,Non-Small Cell Lung Cancer,Lung Adenocarcinoma,LUAD,"",CVCL_1470,35,Adult,Female,"",Primary,lung,ATCC,"",CRL-5870,Cell Line,,"","","","","","","","","",Mixed,MF-001-014,RPMI + 5% FBS,FALSE,None,"","","","",NCIH1435_LUNG,"",FALSE,Approved for public sharing - CCLE,"",2119,SIDM00658,1298347,""
ACH-002080,0.8338905822,0.87490756410933,CN-NonLow,CN Non-Low,4.2044692039,-0.212224933,PT-rlExpa,TN-2,TN2,NBL,Peripheral Nervous System,Neuroblastoma,Neuroblastoma,NBL,"",CVCL_5602,,Unknown,Male,"",Primary,autonomic_ganglia,RIKEN,"",RCB1896,Cell Line,,"","","","","","","","","",Adherent,MF-001-001,RPMI + 10% FBS,FALSE,None,"","","","",TN2_AUTONOMIC_GANGLIA,"",TRUE,HMB-MDS,"",,"",,""
ACH-000720,0.7199456978,0.782363016816131,CN-NonLow,CN Non-Low,4.6522169113,-1.1928043719,PT-ACqBkd,TCCSUP,TCCSUP,BLCA,Bladder/Urinary Tract,Bladder Urothelial Carcinoma,Bladder Urothelial Carcinoma,BLCA,"",CVCL_1738,67,Adult,Female,"",Primary,urinary_tract,ATCC,"",HTB-5,Cell Line,,"","","","","","","","","",Adherent,MF-006-007,MEM + 10% FBS + 1mM Sodium pyruvate + 1mM NEAA,FALSE,None,"","","","",TCCSUP_URINARY_TRACT,"",FALSE,Approved for public sharing - CCLE,"",275,SIDM01190,687459,""
ACH-000008,0.8481874255,0.886111068511731,CN-NonLow,CN Non-Low,4.9379892349,,PT-fp8PeY,A101D,A101D,MEL,Skin,Melanoma,Melanoma,MEL,"",CVCL_1057,56,Adult,Male,caucasian,Primary,skin,ATCC,"",CRL-7898,Cell Line,,"","","","","","","","","",Adherent,MF-002-001,DMEM + 10% FBS,FALSE,None,"","","","",A101D_SKIN,"",FALSE,Approved for public sharing - CCLE,"",1806,SIDM00801,910921,""
ACH-000147,0.7385108388,0.797852061620769,CN-NonLow,CN Non-Low,4.6843194962,-0.5068519839,PT-9WkxWW,T-47D,T47D,IDC,Breast,Invasive Breast Carcinoma,Breast Invasive Ductal Carcinoma,IDC,"",CVCL_0553,54,Adult,Female,"",Metastatic,pleural_effusion,ATCC,"","",Cell Line,,"","","","","","","","","",Adherent,MF-001-045,RPMI + 10% FBS + 2ug/ml Insulin,FALSE,None,"","","","",T47D_BREAST,"",FALSE,Approved for public sharing - CCLE,"luminal ER, PR+",1286,SIDM00097,905945,""
ACH-000070,1.2035574431,1.13983450578046,CN-NonLow,CN Non-Low,4.9130759239,-0.0722180827,PT-0yrZJC,697,697,BALL,Lymphoid,B-Cell Acute Lymphoblastic Leukemia,B-Cell Acute Lymphoblastic Leukemia,"",TCF3-::PBX1,CVCL_0079,12,Pediatric,Male,"",Primary,bone_marrow,DSMZ,"",ACC 42,Cell Line,,"","","","","","","","","",Suspension,MF-001-001,RPMI + 10% FBS,FALSE,None,"","","","",697_HAEMATOPOIETIC_AND_LYMPHOID_TISSUE,"",TRUE,Approved for public sharing - CCLE,TCF3::PBX1,63,SIDM01076,906800,""
ACH-000861,0.4629794295,0.548909484331508,CN-Low,Shallow CN Loss,3.8970274925,-1.3153880139,PT-ExToNn,HOP-62,HOP62,LUAD,Lung,Non-Small Cell Lung Cancer,Lung Adenocarcinoma,LUAD,"",CVCL_1285,60,Adult,Female,"",Primary,lung,Academic lab,"","",Cell Line,,"","","","","","","","","",Adherent,MF-001-001,RPMI + 10% FBS,FALSE,None,"","","","",HOP62_LUNG,"",FALSE,Approved for public sharing - CCLE,"",1500,SIDM00133,905972,""
ACH-000845,0.7030221257,0.768097178663143,CN-NonLow,CN Non-Low,4.3956727982,-0.127719113,PT-LL5Hxl,NCI-H1373,NCIH1373,LUAD,Lung,Non-Small Cell Lung Cancer,Lung Adenocarcinoma,LUAD,"",CVCL_1465,56,Adult,Male,black_or_african_american,Primary,lung,ATCC,"",CRL-5866,Cell Line,,"","","","","","","","","",Adherent,MF-001-001,RPMI + 10% FBS,FALSE,None,"","","","",NCIH1373_LUNG,"",FALSE,Approved for public sharing - CCLE,"",,"",,""
ACH-002523,0.6575762051,0.729075198055887,CN-NonLow,CN Non-Low,4.4437990189,-0.2705196581,PT-0yqjae,SNU-739,SNU739,HCC,Liver,Hepatocellular Carcinoma,Hepatocellular Carcinoma,HCC,"",CVCL_5088,52,Adult,Male,"",Primary,liver,KCLB,"","",Cell Line,,"","","","","","","","","",Adherent,MF-001-005,RPMI + 10% FBS + 2mM Glutamine + 25mM HEPES + 25mM Sodium bicarbonate,FALSE,None,"","","","",SNU739_LIVER,"",FALSE,HMB-MDS,"",,"",,""
ACH-000979,0.7431827908,0.80172385893793,CN-NonLow,CN Non-Low,3.2990908623,-0.1766065567,PT-05dldv,DU 145,DU145,PRAD,Prostate,Prostate Adenocarcinoma,Prostate Adenocarcinoma,PRAD,"",CVCL_0105,69,Adult,Male,caucasian,Metastatic,central_nervous_system,ATCC,"",HTB-81,Cell Line,,"","","","","","","","","",Adherent,MF-006-001,MEM + 10% FBS,FALSE,None,"","","","",DU145_PROSTATE,"",FALSE,Approved for public sharing - CCLE,"",872,SIDM00120,905935,""
ACH-000202,0.8629255503,0.897570019765766,CN-NonLow,CN Non-Low,4.2001357079,-0.3936748353,PT-UB7otW,COLO-320,COLO320,COAD,Bowel,Colorectal Adenocarcinoma,Colon Adenocarcinoma,COAD,"",CVCL_1989,55,Adult,Female,caucasian,Primary,large_intestine,DSMZ,"",ACC 144,Cell Line,,"","","","","","","","","",Adherent,MF-001-001,RPMI + 10% FBS,FALSE,None,"","","","",COLO320_LARGE_INTESTINE,"",FALSE,Approved for public sharing - CCLE,"",,SIDM00071,,""
ACH-001020,1.0460606495,1.0328489102035,CN-NonLow,CN Non-Low,4.5787272453,-0.3492090826,PT-WLHxY0,BT-16,BT16,ATRT,CNS/Brain,Embryonal Tumor,Atypical Teratoid/Rhabdoid Tumor,ATRT,"",CVCL_M156,2,Pediatric,Male,"","",brain,St. Jude Children's Research Hospital,Charles Roberts,"",Cell Line,,"","","","","","","","","",Adherent,MF-002-001,DMEM + 10% FBS,FALSE,None,"","","","",BT16_SOFT_TISSUE,"",TRUE,HMB-MDS,"",,"",,""
ACH-000977,0.9863508384,0.990120460790599,CN-NonLow,CN Non-Low,4.7291178703,-0.1865519396,PT-tY34fU,LNCaP clone FGC,LNCAPCLONEFGC,PRAD,Prostate,Prostate Adenocarcinoma,Prostate Adenocarcinoma,PRAD,"",CVCL_1379,50,Adult,Male,caucasian,Metastatic,lymph_node,ATCC,"",CRL-1740,Cell Line,,"","","","","","","","","",Adherent,MF-001-001,RPMI + 10% FBS,FALSE,None,"","","","",LNCAPCLONEFGC_PROSTATE,"",FALSE,Approved for public sharing - CCLE,"",2080,SIDM00683,907788,""
ACH-000226,1.0387658568,1.02769609775274,CN-NonLow,CN Non-Low,5.146463871,-0.2264067622,PT-ktST3K,SUP-M2,SUPM2,ALCLALKP,Lymphoid,Mature T and NK Neoplasms,Anaplastic Large-Cell Lymphoma ALK Positive,ALCLALKP,NPM1-ALK,CVCL_2209,5,Pediatric,Female,"","",central_nervous_system,DSMZ,"","",Cell Line,,"","","","","","","","","",Suspension,MF-001-020,RPMI + 20% FBS,FALSE,None,"","","","",SUPM2_HAEMATOPOIETIC_AND_LYMPHOID_TISSUE,"",TRUE,Approved for public sharing - CCLE,"",1878,SIDM00421,1331040,""
ACH-000372,1.1559227611,1.10830549248092,CN-NonLow,CN Non-Low,5.4865889549,,PT-n3wTBx,P12-ICHIKAWA,P12ICHIKAWA,TALL,Lymphoid,T-Lymphoblastic Leukemia/Lymphoma,T-Cell Acute Lymphoblastic Leukemia,"",LMO2 translocation,CVCL_1630,7,Pediatric,Male,"",Primary,haematopoietic_and_lymphoid_tissue,DSMZ,"",ACC-34,Cell Line,,"","","","","","","","","",Suspension,MF-001-001,RPMI + 10% FBS,FALSE,None,"","","","",P12ICHIKAWA_HAEMATOPOIETIC_AND_LYMPHOID_TISSUE,"",TRUE,Approved for public sharing - CCLE,TAL1,2153,SIDM00463,909251,""
ACH-002069,0.5239100347,0.607777734640099,CN-NonLow,CN Non-Low,4.08893013,-0.8076313235,PT-3pqp8N,HS-Os-1,HSOS1,OS,Bone,Osteosarcoma,Osteosarcoma,OS,"",CVCL_8716,11,Pediatric,Female,"",Primary,bone,RIKEN,"","",Cell Line,,"","","","","","","","","",Adherent,MF-002-001,DMEM + 10% FBS,FALSE,None,"","","","",HSOS1_BONE,"",TRUE,HMB-MDS,"",,"",,""
ACH-003187,0.781575961,0.833153996927124,CN-NonLow,CN Non-Low,4.4008045197,,PT-mRV3WW,NRH-UPS4,NRHUPS4,MFH,Soft Tissue,Undifferentiated Pleomorphic Sarcoma/Malignant Fibrous Histiocytoma/High-Grade Spindle Cell Sarcoma,Undifferentiated Pleomorphic Sarcoma/Malignant Fibrous Histiocytoma/High-Grade Spindle Cell Sarcoma,MFH,"","",69,Adult,Male,"",Primary,soft_tissue,"Oslo University Hospital, The Norwegian Radium Hospital",Ola Myklebost,"",Cell Line,,"","",Pre-treatment,"","","","","","",Mixed,MF-001-014,RPMI + 5% FBS,FALSE,None,"","","","",NRH-UPS4,"",TRUE,"","",,"",,""
ACH-000182,0.6625953574,0.733437088104255,CN-NonLow,CN Non-Low,4.7548661232,-0.4116321004,PT-n4Jzz1,SNU-869,SNU869,AMPCA,Ampulla of Vater,Ampullary Carcinoma,Ampullary Carcinoma,AMPCA,"",CVCL_5101,,Unknown,Unknown,asian,Primary,biliary_tract,KCLB,"",869,Cell Line,,"","",Unknown,"","","","","","",Mixed,MF-001-005,RPMI + 10% FBS + 2mM Glutamine + 25mM HEPES + 25mM Sodium bicarbonate,FALSE,None,"","","","",SNU869_BILIARY_TRACT,"",FALSE,Approved for public sharing - CCLE,"",,SIDM00159,,""
ACH-003273,0.9891666467,0.992164146104549,CN-NonLow,CN Non-Low,5.6355195045,-0.5599968586,PT-44yhk7,CHRF-288-11,CHRF28811,AML,Myeloid,Acute Myeloid Leukemia,Acute Myeloid Leukemia,AML,"NUP98-KDM5A [PMID: 32381579], JAK2 T875N [PMID: 16804112]",CVCL_A280,1,Pediatric,Male,"",Primary,"",St. Jude Children's Research Hospital,Charles Mullighan,"",Cell Line,,"","","","","","","","","",Suspension,MF-001-001,RPMI + 10% FBS,FALSE,None,"","","","","","",TRUE,In Progress,"NUP98::KDM5A, TP53 and CREBBP",,"",,""
ACH-001573,0.702520875,0.767672487561486,CN-NonLow,CN Non-Low,3.5001773834,,PT-AntDeX,MOLM-1,MOLM1,CMLBCRABL1,Myeloid,Myeloproliferative Neoplasms,"Chronic Myeloid Leukemia, BCR-ABL1+",CMLBCRABL1,"BCR-ABL1 (e13-a2), MECOM overexpression",CVCL_2118,41,Adult,Male,"",Metastatic,bone_marrow,DSMZ,"","",Cell Line,,"","","","","","","","","",Suspension,MF-001-020,RPMI + 20% FBS,FALSE,None,"","","","",MOLM1_HAEMATOPOIETIC_AND_LYMPHOID_TISSUE,"",TRUE,HMB-MDS,"",,"",,""
ACH-000718,0.363150633,0.446944993892553,CN-Low,Shallow CN Loss,4.4173126221,-0.8286863499,PT-8wDCNH,NCI-H2291,NCIH2291,LUAD,Lung,Non-Small Cell Lung Cancer,Lung Adenocarcinoma,LUAD,"",CVCL_1546,,Unknown,Male,"",Metastatic,lymph_node,ATCC,"",CRL-5939,Cell Line,,"","","","","","","","","",Adherent,MF-001-001,RPMI + 10% FBS,FALSE,None,"","","","",NCIH2291_LUNG,"",FALSE,Approved for public sharing - CCLE,"",917,SIDM00728,724874,""
ACH-002070,1.0318412303,1.02278767316917,CN-NonLow,CN Non-Low,5.2892370224,-0.2218773447,PT-kM7sLu,HKBMM,HKBMM,MNG,CNS/Brain,Meningothelial Tumor,Meningioma,MNG,"",CVCL_8162,52,Adult,Female,"",Primary,central_nervous_system,RIKEN,"",RCB0680,Cell Line,,"","","","","","","","","",Adherent,MF-004-002,F12 + 15% FBS,FALSE,None,"","","","",HKBMM_CENTRAL_NERVOUS_SYSTEM,"",FALSE,HMB-MDS,"",,"",,""
ACH-000623,0.7882499071,0.838548366577186,CN-NonLow,CN Non-Low,4.7361450195,-0.6489186309,PT-llEy7t,SNU-201,SNU201,GB,CNS/Brain,Adult-Type Diffuse Glioma,"Glioblastoma, IDH-Wildtype",GB,"",CVCL_5033,58,Adult,Male,asian,Primary,central_nervous_system,KCLB,"",201,Cell Line,,"","","","","","","","","",Adherent,MF-001-001,RPMI + 10% FBS,FALSE,None,"","","","",SNU201_CENTRAL_NERVOUS_SYSTEM,"",FALSE,Approved for public sharing - CCLE,"",,SIDM00158,,""
